step,type,amount,nameOrig,oldbalanceOrg,newbalanceOrig,nameDest,oldbalanceDest,newbalanceDest,isFraud,isFlaggedFraud
182,CASH_IN,100328.7,C197678862,3389602.37,3489931.07,C386191921,219735.14,119406.44,0,0
210,PAYMENT,11660.99,C2009511954,94054.0,82393.01,M564284134,0.0,0.0,0,0
403,CASH_IN,230751.3,C1132312861,23117012.1,23347763.39,C1025694734,951294.81,720543.51,0,0
328,PAYMENT,17833.6,C1191709365,0.0,0.0,M293024801,0.0,0.0,0,0
563,CASH_OUT,246476.67,C342438889,0.0,0.0,C2087488957,4226850.16,4473326.82,0,0
276,PAYMENT,7383.56,C48976647,104101.0,96717.44,M2101902040,0.0,0.0,0,0
356,CASH_OUT,171545.04,C175024972,21858.0,0.0,C1048626294,0.0,171545.04,0,0
258,CASH_OUT,94295.16,C1305699343,294254.16,199958.99,C1539061922,2390028.04,2484323.21,0,0
258,PAYMENT,11449.07,C1784670113,11304.0,0.0,M126743765,0.0,0.0,0,0
399,CASH_OUT,466080.27,C1503938698,2753.0,0.0,C1950467590,0.0,466080.27,0,0
163,CASH_OUT,138265.04,C1489332669,10501.0,0.0,C1509817977,0.0,138265.04,0,0
350,CASH_OUT,710432.12,C1566215652,28.0,0.0,C1419841767,4602174.52,5312606.64,0,0
136,CASH_IN,301312.13,C1538248679,921.0,302233.13,C1668520032,0.0,0.0,0,0
355,CASH_IN,65548.73,C805079837,1400235.73,1465784.46,C211524468,208489.99,142941.26,0,0
234,PAYMENT,21378.82,C1466901982,22999.45,1620.63,M646023997,0.0,0.0,0,0
354,PAYMENT,11295.75,C599285894,106711.0,95415.25,M1278253438,0.0,0.0,0,0
163,CASH_IN,794893.17,C564658661,20232.0,815125.17,C1270447066,0.0,0.0,0,0
307,CASH_IN,163621.02,C553433736,3728057.14,3891678.16,C5492658,657340.54,493719.52,0,0
185,PAYMENT,6408.36,C1953344757,24525.0,18116.64,M642709760,0.0,0.0,0,0
13,CASH_OUT,25327.02,C1075159832,0.0,0.0,C1341522638,36396.57,61723.6,0,0
299,CASH_IN,208584.8,C1454139094,8950486.7,9159071.5,C231581036,1184658.38,1197818.06,0,0
373,CASH_IN,40660.33,C1982414823,6016.0,46676.33,C1610203053,5137766.28,5097105.96,0,0
188,CASH_IN,119195.11,C1041831153,52334.0,171529.11,C134582687,69289.84,0.0,0,0
406,PAYMENT,13116.76,C934597700,154725.0,141608.24,M527776782,0.0,0.0,0,0
13,CASH_OUT,403821.17,C1238452079,16967.0,0.0,C1933551353,141469.74,545290.92,0,0
13,PAYMENT,3496.21,C491527084,180750.53,177254.32,M1408108546,0.0,0.0,0,0
166,CASH_IN,75986.73,C416616172,2531725.24,2607711.97,C319328991,175985.0,99998.27,0,0
140,CASH_OUT,138827.43,C766294369,0.0,0.0,C552435082,1246242.14,1385069.57,0,0
322,TRANSFER,298879.37,C1941484206,36450.0,0.0,C628805915,520957.49,819836.86,0,0
378,CASH_IN,125297.28,C97074400,258972.0,384269.28,C1172432132,558952.72,433655.44,0,0
373,CASH_IN,3900.29,C676097136,2411064.87,2414965.16,C932961301,952921.92,949021.63,0,0
202,CASH_OUT,9778.36,C1573782503,0.0,0.0,C23393118,858281.0,868059.36,0,0
393,PAYMENT,20495.66,C718663805,0.0,0.0,M1879981582,0.0,0.0,0,0
9,CASH_OUT,6500.02,C624196740,0.0,0.0,C631424220,376129.9,542587.38,0,0
161,CASH_OUT,25579.49,C1089532724,40391.0,14811.51,C1080157799,2402.0,27981.49,0,0
163,PAYMENT,2674.71,C1591499595,0.0,0.0,M1984986006,0.0,0.0,0,0
351,CASH_OUT,350111.21,C603534282,235812.74,0.0,C1792450010,3764374.46,4114485.67,0,0
263,CASH_OUT,96877.38,C703590228,0.0,0.0,C743319580,295272.95,392150.33,0,0
182,CASH_IN,589858.88,C1280186522,4035.0,593893.88,C1014710050,8276084.73,7686225.86,0,0
403,PAYMENT,10939.83,C1985863918,11002.0,62.17,M1515676359,0.0,0.0,0,0
48,PAYMENT,12361.21,C931110843,5040.0,0.0,M618754081,0.0,0.0,0,0
130,CASH_IN,438921.45,C1889586137,30669.0,469590.45,C129077530,2488.07,0.0,0,0
284,CASH_IN,116258.42,C1774382170,4589.0,120847.42,C82820838,69998.44,0.0,0,0
355,CASH_OUT,128498.02,C1973488327,51322.0,0.0,C268645838,1483544.17,1612042.19,0,0
374,PAYMENT,95436.31,C1508916443,0.0,0.0,M1970678778,0.0,0.0,0,0
19,TRANSFER,279405.03,C675055855,0.0,0.0,C1046291708,1403729.44,1535573.56,0,0
250,CASH_OUT,33229.67,C589848546,41227.0,7997.33,C1661265906,157629.87,190859.54,0,0
11,CASH_OUT,259992.01,C554779631,0.0,0.0,C297484187,539110.86,799102.87,0,0
373,PAYMENT,17359.14,C251850305,377496.0,360136.86,M623788299,0.0,0.0,0,0
182,PAYMENT,4918.96,C1981314331,0.0,0.0,M525589151,0.0,0.0,0,0
205,PAYMENT,9416.44,C1666212503,11627.0,2210.56,M1208345098,0.0,0.0,0,0
299,PAYMENT,28630.98,C105234634,0.0,0.0,M402578407,0.0,0.0,0,0
259,CASH_IN,193240.25,C1362465681,385156.0,578396.25,C1156771761,542972.87,578256.27,0,0
596,PAYMENT,10378.81,C1537134361,98111.0,87732.19,M1897084614,0.0,0.0,0,0
154,CASH_IN,198228.79,C1006044577,117566.0,315794.79,C1071384515,0.0,0.0,0,0
393,PAYMENT,44175.6,C1283390977,0.0,0.0,M975011576,0.0,0.0,0,0
229,PAYMENT,29708.01,C658018915,85997.0,56288.99,M293240462,0.0,0.0,0,0
275,CASH_OUT,33239.6,C2001912316,25494.0,0.0,C497394383,717412.61,750652.21,0,0
279,PAYMENT,11072.65,C2111616869,0.0,0.0,M769966175,0.0,0.0,0,0
130,CASH_IN,161820.41,C271864112,2643421.32,2805241.73,C671122352,1436775.22,1276047.52,0,0
384,PAYMENT,9488.14,C76655840,13926.0,4437.86,M331924524,0.0,0.0,0,0
211,CASH_OUT,232870.05,C1491164479,310786.33,77916.28,C2054246861,0.0,232870.05,0,0
347,PAYMENT,10157.24,C1060619095,30794.0,20636.76,M2080850648,0.0,0.0,0,0
322,PAYMENT,3792.37,C1253306560,21357.15,17564.78,M2005097534,0.0,0.0,0,0
349,CASH_OUT,302220.55,C584138033,0.0,0.0,C692081404,3929192.43,6079659.3,0,0
348,CASH_IN,302058.99,C254463837,15836.0,317894.99,C1346713988,446417.08,144358.09,0,0
253,CASH_OUT,3204.01,C1025716111,0.0,0.0,C694467732,892013.96,895217.97,0,0
228,CASH_OUT,103341.5,C1067152448,0.0,0.0,C306865302,698512.03,801853.52,0,0
329,CASH_OUT,156695.93,C490468141,0.0,0.0,C1354001583,1710565.88,1867261.81,0,0
404,PAYMENT,18224.19,C1151558045,65406.0,47181.81,M435303426,0.0,0.0,0,0
15,CASH_OUT,117810.04,C1501027550,291.0,0.0,C2145961947,8742710.66,8584967.21,0,0
16,CASH_OUT,47433.66,C1354528389,1524.0,0.0,C1345115367,45461.87,105768.45,0,0
44,CASH_IN,45831.46,C41935887,366923.47,412754.93,C1190354297,412403.81,366572.35,0,0
133,CASH_OUT,153538.88,C1229428824,13005.0,0.0,C1445494857,621343.42,774882.29,0,0
209,CASH_OUT,127590.61,C862705732,34868.0,0.0,C869304400,997129.14,1124719.75,0,0
299,PAYMENT,9025.68,C1414064282,0.0,0.0,M748391759,0.0,0.0,0,0
163,PAYMENT,2512.27,C1147277811,0.0,0.0,M445120963,0.0,0.0,0,0
396,CASH_OUT,124293.46,C806733527,0.0,0.0,C17160710,357503.67,481797.13,0,0
17,CASH_OUT,69041.65,C6801587,0.0,0.0,C1806717189,1782750.17,1538449.1,0,0
275,TRANSFER,226539.63,C1341535310,3012.0,0.0,C1466851810,0.0,226539.63,0,0
185,PAYMENT,1638.87,C668217912,175.0,0.0,M728558205,0.0,0.0,0,0
165,CASH_OUT,143058.95,C657644710,0.0,0.0,C504633208,204757.34,347816.3,0,0
308,CASH_IN,282253.11,C944154939,10936465.33,11218718.44,C922259915,1480035.84,1197782.73,0,0
251,TRANSFER,845592.88,C1627479440,201572.0,0.0,C1962952867,2366527.47,3212120.35,0,0
236,TRANSFER,551624.49,C1419684270,0.0,0.0,C711076274,1751257.56,2302882.06,0,0
132,CASH_OUT,199434.89,C1952296108,0.0,0.0,C953516263,1065758.15,1265193.04,0,0
302,CASH_OUT,175590.56,C1848392418,0.0,0.0,C1510333040,1132629.26,1308219.82,0,0
348,PAYMENT,2564.23,C668741884,620692.89,618128.66,M411672171,0.0,0.0,0,0
378,PAYMENT,11462.19,C1133862322,44157.0,32694.81,M957698222,0.0,0.0,0,0
354,CASH_OUT,122373.89,C826478214,1009.0,0.0,C690403065,0.0,122373.89,0,0
180,PAYMENT,17826.21,C247658739,51948.0,34121.79,M274738059,0.0,0.0,0,0
234,CASH_IN,230980.45,C843423628,10304593.81,10535574.26,C2133603561,1269839.46,1038859.0,0,0
139,CASH_OUT,109920.06,C1203159083,0.0,0.0,C508247694,3294573.07,3404493.13,0,0
403,CASH_OUT,213463.14,C246975026,0.0,0.0,C1336990976,371122.51,584585.64,0,0
274,PAYMENT,8355.46,C1801655044,0.0,0.0,M1979236042,0.0,0.0,0,0
349,CASH_OUT,112130.0,C1182609000,0.0,0.0,C10812306,426141.5,752947.13,0,0
474,CASH_IN,633711.1,C2032784537,5161.0,638872.1,C916447384,32909.26,0.0,0,0
252,CASH_OUT,39452.56,C377653506,0.0,0.0,C1049076401,23429939.72,23469392.28,0,0
35,CASH_OUT,19673.89,C1366354236,0.0,0.0,C1198620089,463915.86,483589.75,0,0
140,CASH_IN,294618.52,C273448676,7743812.76,8038431.28,C1512102755,2274818.02,1980199.5,0,0
225,CASH_OUT,317132.46,C1827558147,32217.0,0.0,C791586843,0.0,317132.46,0,0
36,PAYMENT,32745.63,C38355153,111569.49,78823.86,M2017784435,0.0,0.0,0,0
184,CASH_OUT,159426.95,C1671419050,0.0,0.0,C745815908,395180.46,982379.01,0,0
202,CASH_OUT,144283.85,C1178662447,0.0,0.0,C524995973,517007.27,661291.12,0,0
308,CASH_OUT,39785.82,C1806716913,112898.0,73112.18,C42983478,2716591.14,2756376.96,0,0
131,CASH_OUT,104334.61,C1673771591,0.0,0.0,C368667385,1797291.43,1901626.04,0,0
374,CASH_OUT,420581.56,C438088051,10591.0,0.0,C706400925,5466128.05,5886709.61,0,0
413,PAYMENT,949.2,C89276065,216289.0,215339.8,M1303807840,0.0,0.0,0,0
376,CASH_OUT,55049.34,C298499584,0.0,0.0,C1353512547,564035.19,619084.53,0,0
355,CASH_IN,242779.69,C1560044608,273204.0,515983.69,C1750780606,4112903.13,3870123.44,0,0
278,CASH_IN,174172.21,C1069098458,6703.0,180875.21,C1341696204,235626.27,61454.07,0,0
211,CASH_OUT,82241.65,C733425808,0.0,0.0,C245753230,143558.62,225800.28,0,0
179,PAYMENT,2540.17,C1408856366,0.0,0.0,M1234917387,0.0,0.0,0,0
354,TRANSFER,333445.95,C516705178,0.0,0.0,C1174197582,708704.13,1042150.08,0,0
311,CASH_IN,16815.67,C2045796677,3747276.16,3764091.83,C2079731422,670722.25,653906.58,0,0
283,PAYMENT,6267.3,C623086933,512.0,0.0,M174315289,0.0,0.0,0,0
277,PAYMENT,9746.21,C1789306404,0.0,0.0,M660857964,0.0,0.0,0,0
138,PAYMENT,39267.59,C1040238847,509664.48,470396.9,M30678218,0.0,0.0,0,0
41,CASH_IN,235540.72,C1697864535,5970620.86,6206161.58,C1438922231,247638.86,12098.13,0,0
305,CASH_OUT,178858.14,C1988172770,0.0,0.0,C2022123307,711134.65,889992.79,0,0
158,CASH_OUT,311956.91,C872035930,12019.0,0.0,C317809639,0.0,311956.91,0,0
42,CASH_OUT,57495.62,C129132306,41327.0,0.0,C1787024411,3009041.08,3066536.7,0,0
399,CASH_IN,92455.79,C736702461,12966313.67,13058769.46,C526662147,2575998.81,2483543.02,0,0
36,CASH_IN,40008.77,C294354465,23801.0,63809.77,C1512272491,63005.24,22996.46,0,0
332,PAYMENT,9911.43,C155204803,0.0,0.0,M966606058,0.0,0.0,0,0
358,PAYMENT,13363.93,C1830997742,125316.86,111952.93,M1457777304,0.0,0.0,0,0
15,CASH_IN,181316.11,C1565184023,252814.0,434130.11,C2099473765,1120844.38,939528.27,0,0
514,CASH_IN,31886.05,C195056445,152.0,32038.05,C1562783334,115461.65,83575.59,0,0
304,CASH_OUT,43392.05,C1961253053,0.0,0.0,C977009356,127350.38,170742.44,0,0
275,CASH_OUT,484200.55,C675098453,19896.0,0.0,C1600153998,83481.88,567682.43,0,0
236,CASH_OUT,269666.32,C2125925801,0.0,0.0,C1165642082,1471352.27,1741018.59,0,0
308,DEBIT,2547.8,C1353762592,20355.0,17807.2,C1359875498,1853780.56,1856328.36,0,0
404,PAYMENT,20255.28,C377450440,31439.0,11183.72,M214378136,0.0,0.0,0,0
211,CASH_IN,192490.48,C872909351,27264457.07,27456947.54,C2004819118,289752.0,97261.52,0,0
404,CASH_IN,22521.25,C1350800219,3837144.33,3859665.58,C1541966994,121876.5,99355.25,0,0
374,CASH_OUT,362651.97,C2068881121,23744.0,0.0,C318276712,412753.66,775405.63,0,0
177,CASH_IN,291899.68,C676578388,1042976.6,1334876.28,C1367699708,2525852.33,2233952.65,0,0
332,PAYMENT,519.05,C1530551697,21024.0,20504.95,M1243860549,0.0,0.0,0,0
160,CASH_OUT,162500.39,C2139270528,147836.0,0.0,C104290446,144431.36,306931.75,0,0
182,TRANSFER,486696.79,C1772182948,663324.0,176627.21,C1729056395,1199264.63,1685961.42,0,0
18,CASH_OUT,31241.02,C1852665415,541970.94,510729.93,C10665074,100908.0,132149.02,0,0
139,TRANSFER,87823.1,C660919574,25203.0,0.0,C642567132,3311435.59,3399258.69,0,0
308,CASH_OUT,164773.58,C610649251,0.0,0.0,C298636592,2170527.88,2335301.46,0,0
18,PAYMENT,5953.91,C691354771,9972.0,4018.09,M800528447,0.0,0.0,0,0
157,CASH_OUT,155852.45,C875513946,10924.0,0.0,C1206269131,9493497.65,10137318.59,0,0
382,PAYMENT,2393.2,C1172058047,186.0,0.0,M1135642033,0.0,0.0,0,0
281,PAYMENT,33335.02,C1248440277,0.0,0.0,M596702211,0.0,0.0,0,0
14,PAYMENT,4465.72,C1298956831,262492.87,258027.15,M441196706,0.0,0.0,0,0
19,PAYMENT,7362.3,C254414063,20369.0,13006.7,M683895962,0.0,0.0,0,0
255,CASH_IN,90093.42,C1495771956,1293535.14,1383628.56,C642275652,9189972.82,9099879.41,0,0
325,CASH_OUT,108467.41,C1616745886,9496.0,0.0,C1958678053,414769.17,523236.57,0,0
500,CASH_OUT,265947.16,C542238404,180072.0,0.0,C1303810658,1740471.55,2006418.7,0,0
137,PAYMENT,22967.64,C39927033,155580.0,132612.36,M952250168,0.0,0.0,0,0
404,CASH_OUT,50480.29,C199951809,0.0,0.0,C1724894812,1238875.35,1289355.65,0,0
227,CASH_OUT,223222.9,C708945121,874006.0,650783.1,C1412746504,110263.63,333486.53,0,0
254,CASH_OUT,14782.63,C1995760546,52366.0,37583.37,C140085071,0.0,14782.63,0,0
250,TRANSFER,1189550.38,C1695628675,46916.0,0.0,C536176496,0.0,1189550.38,0,0
170,TRANSFER,1568670.41,C259950051,0.0,0.0,C480277152,2768993.57,4337663.98,0,0
299,PAYMENT,16800.35,C370090328,0.0,0.0,M830211498,0.0,0.0,0,0
351,CASH_IN,58943.75,C497941084,24936192.66,24995136.4,C392581734,2201604.85,2142661.1,0,0
249,CASH_IN,202590.66,C1955893661,22326.0,224916.66,C527568240,1093226.17,890635.51,0,0
300,CASH_IN,285509.56,C244023397,11178.0,296687.56,C803005499,0.0,0.0,0,0
254,TRANSFER,1000763.68,C972914128,10138.0,0.0,C1816438604,1494757.38,2495521.06,0,0
155,CASH_OUT,175260.65,C557221901,51993.0,0.0,C172188178,5509.0,180769.65,0,0
17,CASH_OUT,280187.54,C276795713,0.0,0.0,C2004653597,4469100.25,4718624.22,0,0
345,CASH_IN,355315.58,C1336954897,8157589.98,8512905.56,C1624233855,808695.61,453380.03,0,0
327,CASH_OUT,28560.33,C296208799,10439.0,0.0,C1787674251,95007.18,123567.51,0,0
38,CASH_OUT,161123.48,C805313712,0.0,0.0,C1481087853,689033.89,850157.37,0,0
400,PAYMENT,25707.14,C342655797,81759.49,56052.35,M639396316,0.0,0.0,0,0
47,TRANSFER,612382.66,C1771441231,0.0,0.0,C1003009573,935463.85,1547846.5,0,0
372,CASH_OUT,277901.6,C1917402952,123029.0,0.0,C1520836360,205930.14,483831.74,0,0
11,CASH_IN,331330.96,C2132779704,279.0,331609.96,C1989726800,47059.0,0.0,0,0
186,TRANSFER,366345.72,C281929313,0.0,0.0,C777169528,807891.99,1174237.72,0,0
37,PAYMENT,7913.08,C1896188183,0.0,0.0,M1519491633,0.0,0.0,0,0
35,PAYMENT,19514.78,C1969895618,0.0,0.0,M378321271,0.0,0.0,0,0
11,CASH_OUT,131053.66,C1031567462,0.0,0.0,C2094996027,337573.58,194146.77,0,0
188,TRANSFER,1302.67,C1524957531,11602.0,10299.33,C194040554,1539654.56,1540957.23,0,0
162,CASH_OUT,266104.61,C1297990883,19878.0,0.0,C1023771377,893994.5,1160099.12,0,0
34,CASH_OUT,281318.11,C2093604165,40062.0,0.0,C1115327202,0.0,281318.11,0,0
281,PAYMENT,13624.96,C860331794,82390.61,68765.65,M505486709,0.0,0.0,0,0
15,PAYMENT,15660.11,C1139597361,33410.03,17749.92,M1748203609,0.0,0.0,0,0
154,CASH_OUT,202330.31,C402073619,0.0,0.0,C1184989162,1552115.81,1754446.13,0,0
9,CASH_OUT,280483.84,C1476707017,21518.0,0.0,C1779348438,0.0,750061.97,0,0
237,CASH_IN,149202.69,C1455585926,30747.0,179949.69,C2038715700,0.0,0.0,0,0
329,CASH_OUT,480655.63,C1662957283,0.0,0.0,C1328144199,483476.66,964132.29,0,0
203,PAYMENT,5213.32,C1848240431,53772.59,48559.27,M2014478888,0.0,0.0,0,0
394,CASH_IN,74613.33,C443416516,10199.0,84812.33,C2048391375,2809385.1,2734771.77,0,0
302,CASH_OUT,9498.76,C1333860993,0.0,0.0,C981005719,475468.84,484967.6,0,0
280,PAYMENT,14651.03,C926208426,0.0,0.0,M860618171,0.0,0.0,0,0
40,PAYMENT,3798.37,C1551771089,0.0,0.0,M1702563403,0.0,0.0,0,0
225,PAYMENT,43400.46,C589150894,7512.86,0.0,M1151106369,0.0,0.0,0,0
210,PAYMENT,2070.27,C167820715,4500.0,2429.73,M94970553,0.0,0.0,0,0
21,CASH_OUT,118316.39,C519926212,1564.96,0.0,C1059170331,122084.27,240400.65,0,0
213,CASH_IN,99650.53,C386394852,77369.0,177019.53,C915533443,0.0,0.0,0,0
349,PAYMENT,13000.83,C591664231,0.0,0.0,M1689658125,0.0,0.0,0,0
12,CASH_OUT,97660.37,C1621352386,0.0,0.0,C600543179,158622.35,256282.72,0,0
234,CASH_OUT,83755.82,C1022242854,60745.0,0.0,C1922222914,0.0,83755.82,0,0
333,CASH_IN,94232.56,C1602954765,5456307.06,5550539.62,C1741709599,1740888.03,1646655.46,0,0
40,CASH_OUT,279866.42,C1396979744,0.0,0.0,C883729558,2881439.81,3161306.23,0,0
688,PAYMENT,15518.91,C511723963,0.0,0.0,M161913511,0.0,0.0,0,0
160,CASH_IN,243076.36,C86107715,3155740.6,3398816.96,C1825122856,5598436.57,5355360.21,0,0
397,PAYMENT,6890.0,C190973743,0.0,0.0,M832472599,0.0,0.0,0,0
321,PAYMENT,18001.79,C387778633,0.0,0.0,M1625505788,0.0,0.0,0,0
371,PAYMENT,1849.61,C1192658085,98280.39,96430.78,M1900748884,0.0,0.0,0,0
14,TRANSFER,296393.15,C2005319193,2466.36,0.0,C1080503306,525693.73,958156.83,0,0
380,CASH_IN,195854.08,C1759210661,4041677.3,4237531.38,C1815081802,472416.43,276562.35,0,0
133,CASH_IN,449891.15,C2131504685,26257.0,476148.15,C1447681526,674210.35,224319.2,0,0
512,CASH_OUT,127120.88,C130072062,127120.88,0.0,C681167784,2605727.43,2732848.31,1,0
309,CASH_OUT,56700.4,C2102178789,25460.0,0.0,C1441371744,0.0,56700.4,0,0
188,CASH_OUT,216799.97,C255771820,308062.0,91262.03,C107095723,8744190.42,8960990.39,0,0
353,PAYMENT,25717.02,C686892882,8671.98,0.0,M627282882,0.0,0.0,0,0
334,PAYMENT,30979.35,C853269848,860.0,0.0,M347545466,0.0,0.0,0,0
236,CASH_OUT,309613.69,C1284899662,0.0,0.0,C48655719,504210.55,813824.24,0,0
355,CASH_OUT,110175.68,C888842463,0.0,0.0,C1193429684,248782.33,358958.01,0,0
283,CASH_OUT,197727.36,C1356245307,0.0,0.0,C288841476,493586.21,691313.57,0,0
157,TRANSFER,44652.09,C1508391128,0.0,0.0,C920228062,128284.81,172936.9,0,0
184,CASH_IN,95851.13,C1993725567,438.0,96289.13,C932103533,119195.41,23344.28,0,0
43,PAYMENT,709.8,C453425935,20056.0,19346.2,M463908022,0.0,0.0,0,0
332,CASH_OUT,38447.32,C1291747107,208137.13,169689.81,C385850980,168107.79,206555.12,0,0
306,CASH_OUT,149232.45,C1338655726,0.0,0.0,C942293242,1538759.17,1687991.62,0,0
284,TRANSFER,688998.77,C1379471048,146.0,0.0,C114136889,4056436.57,4745435.34,0,0
229,CASH_IN,213170.36,C52691968,410842.0,624012.36,C1690994770,656377.09,443206.73,0,0
401,CASH_OUT,89733.01,C2102211217,296.0,0.0,C2091503067,0.0,89733.01,0,0
288,PAYMENT,29351.82,C1001251702,64408.0,35056.18,M1205874757,0.0,0.0,0,0
323,TRANSFER,55555.3,C1825790815,0.0,0.0,C1280912398,6983861.96,7039417.26,0,0
351,CASH_OUT,136351.48,C484865679,0.0,0.0,C915536788,261884.01,398235.49,0,0
352,CASH_OUT,111814.82,C1079842315,0.0,0.0,C1518075547,621841.38,733656.19,0,0
299,PAYMENT,31044.36,C738562276,42629.0,11584.64,M889182118,0.0,0.0,0,0
210,TRANSFER,222093.61,C46077698,80278.0,0.0,C1221658602,6097883.1,6319976.71,0,0
36,CASH_OUT,288939.26,C470660712,31012.0,0.0,C1466378529,71292.03,178256.71,0,0
300,PAYMENT,67502.86,C1286241974,72422.0,4919.14,M1615405650,0.0,0.0,0,0
233,CASH_OUT,25236.0,C1637221824,7200.0,0.0,C162323272,0.0,25236.0,0,0
6,PAYMENT,24544.47,C467903124,11511.0,0.0,M860892414,0.0,0.0,0,0
282,CASH_OUT,75987.88,C255783968,0.0,0.0,C174401023,830512.98,906500.85,0,0
254,TRANSFER,63116.24,C508759281,0.0,0.0,C1096717888,825034.71,888150.95,0,0
394,CASH_OUT,207246.51,C770119024,0.0,0.0,C926570141,234510.36,441756.87,0,0
129,CASH_IN,354918.25,C686518034,0.0,354918.25,C1768301102,10716310.02,10361391.78,0,0
206,CASH_OUT,303459.22,C866498473,476.0,0.0,C934276417,504455.84,807915.06,0,0
44,CASH_IN,74237.65,C1805727312,5886218.92,5960456.57,C1547230629,394123.29,319885.64,0,0
186,CASH_IN,38298.23,C1090872732,20458.0,58756.23,C83273175,623054.56,584756.33,0,0
522,TRANSFER,408958.22,C745973393,0.0,0.0,C1272121890,797005.88,1205964.1,0,0
373,CASH_IN,288819.76,C162990856,21833.0,310652.76,C1245697471,1958260.35,1669440.59,0,0
19,CASH_OUT,21061.87,C299647114,30003.0,8941.13,C1606523013,500447.13,521509.0,0,0
201,PAYMENT,5702.96,C1401149851,40442.0,34739.04,M1440590247,0.0,0.0,0,0
380,PAYMENT,4691.69,C1623576236,65828.99,61137.3,M552087612,0.0,0.0,0,0
279,CASH_IN,148363.99,C558539055,9750988.37,9899352.35,C301572625,290602.86,142238.88,0,0
212,PAYMENT,12420.58,C1119778167,0.0,0.0,M1875038440,0.0,0.0,0,0
233,PAYMENT,4844.21,C863820535,20316.0,15471.79,M1231125889,0.0,0.0,0,0
331,TRANSFER,321784.25,C1271581781,14847.41,0.0,C470641439,1044215.18,1365999.43,0,0
323,CASH_IN,105118.15,C1826358605,0.0,105118.15,C1309846527,178481.36,73363.21,0,0
10,CASH_OUT,456564.47,C1194792928,72036.0,0.0,C1036816729,2843367.95,3299932.43,0,0
14,PAYMENT,8992.32,C1209889241,11585.49,2593.17,M1468194258,0.0,0.0,0,0
187,CASH_OUT,130066.95,C1132159888,31663.0,0.0,C984786945,72757.95,202824.9,0,0
236,CASH_OUT,95960.95,C757055103,0.0,0.0,C137316386,2961381.25,3057342.2,0,0
298,CASH_OUT,158515.16,C696929736,26664.0,0.0,C1324077695,287066.27,445581.44,0,0
140,CASH_OUT,282016.27,C509130166,120.0,0.0,C1757252775,8114180.7,8396196.97,0,0
345,CASH_OUT,128936.95,C1177265377,128936.95,0.0,C1158181997,1741561.22,1870498.17,1,0
398,CASH_IN,116098.58,C2023534653,1326605.85,1442704.44,C1329518735,1456773.22,1340674.63,0,0
187,TRANSFER,684729.95,C1955034192,31216.0,0.0,C1879520696,259973.85,944703.8,0,0
286,CASH_OUT,180486.96,C1290726187,296051.32,115564.36,C1207606224,1101043.62,1281530.57,0,0
333,TRANSFER,927198.2,C1715255519,0.0,0.0,C355383653,2236476.83,3163675.04,0,0
382,CASH_IN,72915.77,C613385223,13393544.82,13466460.6,C1151950993,282626.11,209710.34,0,0
16,PAYMENT,8690.56,C165383063,0.0,0.0,M423139526,0.0,0.0,0,0
309,CASH_IN,71773.8,C1067087555,1538181.07,1609954.87,C1396315472,1191646.89,1119873.09,0,0
373,CASH_IN,200278.18,C1262656032,2700375.28,2900653.45,C500811255,820326.13,620047.96,0,0
326,CASH_OUT,60156.34,C337500708,353.0,0.0,C1773253148,0.0,60156.34,0,0
397,CASH_OUT,164366.67,C765705040,0.0,0.0,C1668912760,314309.69,478676.36,0,0
282,CASH_OUT,268002.15,C1236825727,155459.0,0.0,C1113791340,150246.28,418248.43,0,0
402,CASH_OUT,4531.16,C1587638230,325.0,0.0,C850357626,58742.26,63273.41,0,0
167,CASH_OUT,175298.24,C803077135,0.0,0.0,C219083914,297855.6,473153.84,0,0
692,TRANSFER,420423.21,C1366639798,0.0,0.0,C936493308,1824805.05,2245228.26,0,0
329,TRANSFER,210465.95,C1958500839,146591.0,0.0,C1513099573,41786.17,252252.12,0,0
42,CASH_OUT,97420.78,C1322480919,19968.0,0.0,C1257411407,404320.32,501741.1,0,0
207,PAYMENT,11413.01,C494525723,0.0,0.0,M1353424398,0.0,0.0,0,0
237,CASH_IN,254087.48,C1688683229,22348.0,276435.48,C2013124319,436009.56,181922.08,0,0
162,PAYMENT,12951.62,C1149115140,155868.91,142917.29,M583162660,0.0,0.0,0,0
207,CASH_OUT,13659.52,C1513942398,0.0,0.0,C1380348902,884923.08,898582.6,0,0
686,CASH_OUT,336988.45,C1166622596,0.0,0.0,C1572711363,2278502.39,2615490.84,0,0
33,PAYMENT,7621.71,C227138285,13954.0,6332.29,M1561074562,0.0,0.0,0,0
350,CASH_OUT,122966.16,C827230450,0.0,0.0,C470760969,9868150.31,9991116.47,0,0
187,PAYMENT,12774.33,C479195257,29972.59,17198.25,M264483217,0.0,0.0,0,0
178,TRANSFER,1508414.21,C1662809391,33756.0,0.0,C36377744,0.0,1508414.21,0,0
331,CASH_OUT,34137.95,C1193724573,304116.0,269978.05,C1566195183,220218.93,254356.88,0,0
12,CASH_OUT,51995.27,C622218940,0.0,0.0,C311900501,349606.72,401602.0,0,0
179,CASH_IN,175722.4,C58986415,5455597.54,5631319.94,C855243649,395121.32,219398.92,0,0
349,CASH_OUT,111582.95,C1150587761,0.0,0.0,C704389114,503344.79,614927.73,0,0
187,CASH_OUT,277683.76,C649944286,0.0,0.0,C1578310532,2076837.62,2354521.38,0,0
301,CASH_OUT,111250.1,C848091080,190668.69,79418.59,C1861061510,0.0,111250.1,0,0
44,CASH_OUT,41748.27,C817711489,0.0,0.0,C945394469,422537.19,464285.46,0,0
396,PAYMENT,23014.02,C1283617299,387.0,0.0,M1354430705,0.0,0.0,0,0
373,TRANSFER,19135.13,C1055810700,0.0,0.0,C1031469562,521366.29,540501.42,0,0
300,CASH_IN,34652.32,C786256928,10244026.61,10278678.93,C630231922,113984.21,79331.89,0,0
373,CASH_OUT,338153.58,C512773510,17562.0,0.0,C727754382,0.0,338153.58,0,0
395,CASH_IN,297292.85,C1353795444,10936717.92,11234010.77,C963036390,2119367.8,1822074.95,0,0
249,CASH_OUT,257449.04,C141452941,14924.0,0.0,C654759760,0.0,257449.04,0,0
186,TRANSFER,898267.2,C1179151419,0.0,0.0,C2096671137,1428273.36,2326540.56,0,0
17,CASH_IN,53437.07,C60430610,3222673.61,3276110.68,C126129101,7642951.77,7816295.35,0,0
36,CASH_IN,119913.28,C1159705438,3229791.74,3349705.03,C116751724,1458235.72,1338322.43,0,0
41,CASH_OUT,170581.94,C80189216,5249.0,0.0,C1718387120,0.0,170581.94,0,0
233,PAYMENT,8234.75,C1328319502,0.0,0.0,M1543149515,0.0,0.0,0,0
370,PAYMENT,26078.68,C192370426,0.0,0.0,M985406700,0.0,0.0,0,0
400,CASH_OUT,87639.95,C1237505830,0.0,0.0,C1520243986,3582617.4,3670257.35,0,0
353,CASH_IN,50510.93,C1652852153,373619.81,424130.74,C146281973,216526.0,166015.07,0,0
326,CASH_IN,185864.41,C694047530,1425092.42,1610956.83,C137992595,236083.53,50219.13,0,0
345,CASH_OUT,467805.71,C1954528130,19210.0,0.0,C1499586882,8567.86,476373.57,0,0
212,PAYMENT,6203.58,C1684776253,67074.0,60870.42,M988972647,0.0,0.0,0,0
407,TRANSFER,426950.5,C1336635070,0.0,0.0,C509282150,1671172.73,2098123.22,0,0
253,TRANSFER,976000.83,C592650886,51857.0,0.0,C969982778,0.0,976000.83,0,0
132,PAYMENT,2413.17,C104322783,0.0,0.0,M200878964,0.0,0.0,0,0
188,PAYMENT,5106.31,C1989298373,50586.0,45479.69,M2062894997,0.0,0.0,0,0
18,CASH_OUT,86041.42,C1008615544,33881.0,0.0,C3438031,233266.59,319308.01,0,0
307,CASH_OUT,25419.4,C1223984818,0.0,0.0,C462059715,40060.83,65480.23,0,0
138,TRANSFER,125758.53,C999831292,5565.0,0.0,C72693187,488962.01,614720.53,0,0
353,TRANSFER,2716316.92,C2022000966,31102.0,0.0,C2133014316,0.0,2716316.92,0,0
203,PAYMENT,33461.83,C1422805974,403602.0,370140.17,M811580783,0.0,0.0,0,0
17,CASH_IN,152817.98,C579234592,20963.0,173780.98,C1877453512,1089110.31,936292.33,0,0
405,PAYMENT,22189.71,C1506845591,0.0,0.0,M2000528702,0.0,0.0,0,0
260,CASH_IN,448.44,C1374332277,373947.78,374396.23,C1615607112,1513213.82,1512765.38,0,0
258,CASH_IN,119812.38,C1245812991,5821121.8,5940934.18,C1214057792,221731.15,101918.77,0,0
187,PAYMENT,986.96,C1893283985,130623.8,129636.84,M539917377,0.0,0.0,0,0
44,CASH_OUT,193780.67,C2026168550,0.0,0.0,C773405372,581533.01,775313.68,0,0
15,PAYMENT,1681.84,C377460705,29715.0,28033.16,M585845168,0.0,0.0,0,0
251,CASH_IN,180494.04,C1043990468,5406432.26,5586926.3,C1038139528,1098028.08,917534.04,0,0
379,PAYMENT,13628.01,C569009870,0.0,0.0,M2020879253,0.0,0.0,0,0
354,TRANSFER,58621.57,C990336483,17424.87,0.0,C373880713,108742.05,167363.62,0,0
164,CASH_OUT,188016.08,C1239466876,0.0,0.0,C426818881,669634.38,857650.46,0,0
596,CASH_IN,355888.33,C1207140682,8032.0,363920.33,C961551061,1275976.42,920088.09,0,0
36,CASH_OUT,66711.3,C107924399,0.0,0.0,C242148834,513659.73,580371.03,0,0
374,PAYMENT,55892.19,C1328058706,0.0,0.0,M2003472692,0.0,0.0,0,0
131,CASH_IN,582207.75,C516265391,656152.98,1238360.74,C1241262208,3268127.71,2685919.96,0,0
205,CASH_OUT,77596.25,C1957679309,37120.0,0.0,C247019649,0.0,77596.25,0,0
333,CASH_IN,102818.63,C1687854623,11844.0,114662.63,C1790982341,176768.53,73949.9,0,0
238,CASH_IN,120244.74,C2074569099,1860990.66,1981235.4,C1638294145,1125067.45,1004822.71,0,0
299,PAYMENT,2011.32,C983673768,10951.0,8939.68,M1753063980,0.0,0.0,0,0
20,CASH_OUT,29879.52,C1025924024,262.0,0.0,C1991187732,1149571.92,1179451.44,0,0
154,CASH_IN,98980.49,C1539801045,10348.0,109328.49,C1143497590,0.0,0.0,0,0
207,PAYMENT,20485.95,C205540502,946.0,0.0,M1349248579,0.0,0.0,0,0
402,PAYMENT,19296.53,C944976545,36284.0,16987.47,M1373694998,0.0,0.0,0,0
394,CASH_IN,234026.49,C403822038,40557.0,274583.49,C460511072,0.0,0.0,0,0
326,CASH_OUT,79220.32,C1783147147,0.0,0.0,C1445971700,221412.73,300633.05,0,0
325,TRANSFER,238682.58,C457869967,0.0,0.0,C1702330829,931903.53,1170586.1,0,0
257,CASH_IN,3307.17,C1190244282,123024.0,126331.17,C309109766,0.0,0.0,0,0
140,CASH_IN,19005.97,C1658694202,121427.0,140432.97,C1668331932,0.0,0.0,0,0
514,PAYMENT,5568.48,C1293503232,0.0,0.0,M1983436802,0.0,0.0,0,0
256,PAYMENT,11943.74,C611953330,7464.0,0.0,M1144875974,0.0,0.0,0,0
276,PAYMENT,15730.27,C837641121,8122.37,0.0,M1332533658,0.0,0.0,0,0
250,PAYMENT,22000.43,C1913450106,10455.0,0.0,M279168354,0.0,0.0,0,0
251,PAYMENT,3926.67,C671250061,0.0,0.0,M16191361,0.0,0.0,0,0
41,PAYMENT,7203.0,C848508986,54403.0,47200.0,M127684341,0.0,0.0,0,0
396,CASH_OUT,314888.94,C644771556,1596.0,0.0,C1096549092,156929.15,471818.09,0,0
254,CASH_OUT,190910.81,C888804910,20265.0,0.0,C1102023119,878163.22,1069074.03,0,0
401,CASH_IN,103909.54,C441648912,61848.0,165757.54,C479275762,233656.25,129746.72,0,0
161,CASH_IN,233199.79,C1108596379,124632.0,357831.79,C283333980,991647.53,1291854.78,0,0
161,CASH_OUT,501203.77,C1883339046,6748.0,0.0,C697740464,877181.43,1378385.2,0,0
20,CASH_OUT,155272.04,C328786875,0.0,0.0,C1207946845,1522910.76,1678182.8,0,0
40,CASH_OUT,213500.12,C401188824,0.0,0.0,C1469293879,3319781.53,3533281.65,0,0
18,TRANSFER,362803.58,C1562625513,0.0,0.0,C989236774,1422856.85,1650610.73,0,0
398,PAYMENT,9497.11,C425309834,103999.0,94501.89,M348436714,0.0,0.0,0,0
349,PAYMENT,9016.21,C743846996,1835.6,0.0,M366158621,0.0,0.0,0,0
354,PAYMENT,4993.54,C1769338414,253762.12,248768.59,M1104612005,0.0,0.0,0,0
258,CASH_OUT,186869.81,C423941449,398.0,0.0,C1880749924,67637.81,254507.61,0,0
278,CASH_IN,155045.34,C908978333,21245.0,176290.34,C672004422,199326.84,44281.49,0,0
232,PAYMENT,20927.13,C1626958170,0.0,0.0,M768925199,0.0,0.0,0,0
330,CASH_IN,58833.97,C1648874329,220939.84,279773.81,C1340102376,1036680.94,977846.97,0,0
328,CASH_OUT,159258.78,C1692633322,56398.0,0.0,C418174417,2719.94,161978.72,0,0
191,CASH_IN,307933.83,C1517617527,1219845.59,1527779.42,C2146049777,2018018.92,1710085.08,0,0
208,CASH_OUT,329126.15,C34701665,10093.0,0.0,C234224172,526603.07,855729.22,0,0
26,TRANSFER,154069.0,C124100380,0.0,0.0,C724958854,1452666.74,1606735.74,0,0
373,PAYMENT,23524.72,C1196886211,12556.0,0.0,M479702111,0.0,0.0,0,0
10,CASH_OUT,214362.59,C1818292794,85886.0,0.0,C979637490,735725.68,801097.05,0,0
302,CASH_IN,336335.92,C1611967514,49454.77,385790.69,C1634636952,568495.43,232159.51,0,0
300,PAYMENT,7125.84,C2126070123,235945.3,228819.46,M395724865,0.0,0.0,0,0
283,CASH_OUT,235667.66,C51015455,532.0,0.0,C481225954,0.0,235667.66,0,0
355,TRANSFER,1300634.04,C2013921943,11565.0,0.0,C339172225,1255089.72,2555723.75,0,0
309,PAYMENT,14318.33,C740256678,10075.0,0.0,M1519280115,0.0,0.0,0,0
130,CASH_OUT,41433.08,C1724476223,31961.0,0.0,C941401097,0.0,41433.08,0,0
134,CASH_OUT,192706.72,C1716600294,0.0,0.0,C1434818207,244248.84,436955.56,0,0
159,PAYMENT,5150.96,C119816981,20916.0,15765.04,M1220738100,0.0,0.0,0,0
352,PAYMENT,2416.84,C1113576830,0.0,0.0,M2029210664,0.0,0.0,0,0
397,CASH_IN,55303.79,C813806684,1359073.24,1414377.02,C650073715,182405.37,127101.58,0,0
17,TRANSFER,294954.72,C125847316,70360.0,0.0,C911869763,8945.88,303900.61,0,0
186,CASH_IN,406579.28,C1652489036,6677932.58,7084511.85,C1546672086,517062.77,110483.49,0,0
23,CASH_IN,59829.88,C152864591,3961302.65,4021132.52,C588068010,803168.29,743338.41,0,0
185,CASH_OUT,283482.81,C785513441,0.0,0.0,C1487681477,430936.06,714418.86,0,0
262,PAYMENT,18219.74,C2004577057,8030.0,0.0,M833929319,0.0,0.0,0,0
142,PAYMENT,5818.63,C980121990,126701.0,120882.37,M1405003989,0.0,0.0,0,0
14,PAYMENT,5119.96,C796740136,130780.0,125660.04,M2016935136,0.0,0.0,0,0
228,CASH_OUT,283857.55,C526071522,0.0,0.0,C50661246,499222.44,783079.99,0,0
186,CASH_OUT,177531.89,C869416387,22729.0,0.0,C727416037,0.0,177531.89,0,0
140,PAYMENT,1637.65,C149730021,0.0,0.0,M648422409,0.0,0.0,0,0
325,PAYMENT,48483.04,C1409223628,0.0,0.0,M654156060,0.0,0.0,0,0
688,PAYMENT,8135.3,C1021299895,0.0,0.0,M1042737905,0.0,0.0,0,0
9,CASH_OUT,179195.91,C2070830221,0.0,0.0,C925936450,191844.62,687050.58,0,0
260,PAYMENT,4944.72,C1311544533,26147.0,21202.28,M239024994,0.0,0.0,0,0
177,CASH_OUT,151153.77,C1277144672,0.0,0.0,C452994514,452913.92,604067.69,0,0
38,CASH_IN,210165.17,C1076510620,10041.0,220206.17,C520959920,331506.93,121341.76,0,0
350,CASH_IN,495989.09,C510887111,12010063.2,12506052.29,C1400714596,1405382.45,909393.36,0,0
288,CASH_OUT,62279.14,C1716122698,0.0,0.0,C942767209,1218694.25,1280973.39,0,0
153,TRANSFER,760494.58,C1604281122,20467.0,0.0,C1232510447,3659644.09,4420138.67,0,0
589,PAYMENT,67698.6,C1100849080,146223.61,78525.01,M2140583047,0.0,0.0,0,0
357,PAYMENT,10247.08,C673627552,857.0,0.0,M828545833,0.0,0.0,0,0
161,PAYMENT,30238.82,C555649559,14852.0,0.0,M367298552,0.0,0.0,0,0
43,PAYMENT,9611.76,C243340781,90544.0,80932.24,M1577137517,0.0,0.0,0,0
131,TRANSFER,192868.69,C1714596703,0.0,0.0,C1546828760,260488.04,453356.73,0,0
281,PAYMENT,3834.43,C1716784681,14853.0,11018.57,M1519333386,0.0,0.0,0,0
522,PAYMENT,11145.44,C994036299,67.0,0.0,M453352288,0.0,0.0,0,0
45,CASH_OUT,173110.19,C550443213,0.0,0.0,C1388052079,931193.09,1104303.28,0,0
308,CASH_IN,101579.38,C772600335,3402127.68,3503707.06,C661784031,292275.72,190696.34,0,0
38,CASH_IN,231717.17,C21240688,2942110.97,3173828.14,C642542160,3338148.9,3106431.73,0,0
308,CASH_OUT,210076.46,C69546075,0.0,0.0,C881977086,252998.04,463074.49,0,0
332,PAYMENT,2339.31,C677984024,0.0,0.0,M1647100760,0.0,0.0,0,0
285,CASH_OUT,99604.51,C225819343,0.0,0.0,C663881173,2251666.37,2351270.88,0,0
237,PAYMENT,7240.89,C167416729,0.0,0.0,M642234911,0.0,0.0,0,0
710,CASH_OUT,413793.66,C1954038759,2152.0,0.0,C663701980,0.0,413793.66,0,0
142,PAYMENT,1782.41,C873532743,35964.0,34181.59,M391903188,0.0,0.0,0,0
250,TRANSFER,810421.77,C454733728,30454.0,0.0,C547331913,0.0,810421.77,0,0
144,PAYMENT,6020.15,C1255365975,20451.0,14430.85,M562690515,0.0,0.0,0,0
132,PAYMENT,30800.86,C186663382,31254.74,453.88,M253037832,0.0,0.0,0,0
43,TRANSFER,406047.77,C1217761321,0.0,0.0,C1469084143,5864277.03,6270324.8,0,0
162,CASH_OUT,207433.41,C1639420130,0.0,0.0,C1095580860,609433.72,816867.13,0,0
302,PAYMENT,1885.73,C163488772,0.0,0.0,M138843964,0.0,0.0,0,0
423,PAYMENT,20304.95,C1102121665,45635.0,25330.05,M537948587,0.0,0.0,0,0
20,CASH_OUT,45534.67,C1034594703,66954.0,21419.33,C2082686329,170273.82,215808.49,0,0
156,PAYMENT,3272.62,C1188591521,0.0,0.0,M848416436,0.0,0.0,0,0
208,PAYMENT,4969.9,C1846192101,0.0,0.0,M2001550364,0.0,0.0,0,0
275,CASH_OUT,134882.54,C170509328,51473.0,0.0,C1938248985,158721.62,293604.15,0,0
21,CASH_OUT,385164.68,C2058750023,15088.48,0.0,C1453382929,2284943.62,2670108.3,0,0
305,CASH_OUT,29932.72,C2058991004,0.0,0.0,C983927470,869053.39,898986.11,0,0
356,TRANSFER,291486.48,C1727859814,11592.0,0.0,C2040569613,50761.73,342248.22,0,0
43,CASH_OUT,6085.17,C659530237,15851.52,9766.35,C1861324880,433787.56,439872.73,0,0
369,CASH_OUT,376202.76,C140087148,37195.25,0.0,C1365321909,443647.01,819849.78,0,0
261,PAYMENT,3540.39,C2027553398,21893.0,18352.61,M30838765,0.0,0.0,0,0
302,PAYMENT,25317.93,C2068026765,0.0,0.0,M1187529868,0.0,0.0,0,0
163,PAYMENT,13495.35,C814682782,17255.83,3760.48,M199669704,0.0,0.0,0,0
260,PAYMENT,2213.23,C1514329224,257277.0,255063.77,M1673044454,0.0,0.0,0,0
252,PAYMENT,43566.61,C817887891,533.0,0.0,M1284296546,0.0,0.0,0,0
265,PAYMENT,201.06,C1899302099,39805.0,39603.94,M504402720,0.0,0.0,0,0
325,CASH_OUT,95162.92,C811117921,34689.0,0.0,C1845475495,880381.55,975544.47,0,0
211,TRANSFER,693100.78,C1988684720,0.0,0.0,C740589443,1568976.87,2262077.65,0,0
140,PAYMENT,4849.71,C2103477273,348253.0,343403.29,M1682293918,0.0,0.0,0,0
163,CASH_IN,134452.35,C852853307,104575.0,239027.35,C1295795099,1746473.15,1612020.8,0,0
137,CASH_IN,230558.65,C427550401,3165315.61,3395874.27,C1764291056,398476.02,167917.37,0,0
276,CASH_OUT,38313.03,C566381644,0.0,0.0,C312486062,269781.61,308094.64,0,0
190,CASH_OUT,27645.1,C1115995057,33100.0,5454.9,C1152213441,99253.65,126898.75,0,0
212,CASH_OUT,326819.89,C791286681,0.0,0.0,C1998377549,390622.45,717442.34,0,0
303,CASH_IN,152537.17,C1940866051,9009080.12,9161617.3,C1160445855,219180.05,66642.87,0,0
168,PAYMENT,6447.46,C2108654023,105395.0,98947.54,M623859129,0.0,0.0,0,0
347,PAYMENT,34566.09,C1283226096,11541.0,0.0,M175655551,0.0,0.0,0,0
164,CASH_IN,212720.08,C1170082979,2350679.01,2563399.09,C1374333939,689793.34,299871.79,0,0
256,TRANSFER,989263.35,C1826570323,0.0,0.0,C1229092441,1305525.15,2294788.5,0,0
276,TRANSFER,712569.96,C1186026877,619.0,0.0,C185246712,169046.27,881616.24,0,0
402,CASH_IN,219424.39,C113947865,15186.0,234610.39,C2011932013,74299.32,0.0,0,0
183,PAYMENT,10188.06,C1038211072,0.0,0.0,M537344370,0.0,0.0,0,0
211,PAYMENT,6788.55,C426578213,0.0,0.0,M232373421,0.0,0.0,0,0
44,CASH_OUT,223452.84,C794324218,10990.0,0.0,C352423225,1304105.59,1527558.43,0,0
139,CASH_OUT,318889.76,C1614048614,0.0,0.0,C1416567518,786532.34,1105422.1,0,0
131,TRANSFER,667361.4,C1740847657,40685.0,0.0,C1524902616,1083805.57,1751166.98,0,0
129,TRANSFER,292129.86,C159008497,0.0,0.0,C1124355772,2660121.26,2952251.12,0,0
43,CASH_IN,40.54,C1630921847,1692483.84,1692524.38,C1042547152,385172.43,385131.89,0,0
301,CASH_IN,13550.88,C1971314228,611643.85,625194.74,C1321945931,153887.88,140337.0,0,0
42,CASH_OUT,59417.2,C2047521653,0.0,0.0,C1141275429,1673477.3,1732894.49,0,0
351,PAYMENT,2691.84,C2016733316,12.0,0.0,M211997754,0.0,0.0,0,0
349,TRANSFER,1889562.4,C688508752,0.0,0.0,C2041992300,2000149.81,3535258.15,0,0
203,PAYMENT,15991.09,C807824263,0.0,0.0,M1547821608,0.0,0.0,0,0
371,CASH_IN,194996.86,C765048682,3080.0,198076.86,C1169160357,744315.66,549318.8,0,0
253,CASH_IN,485238.24,C440973091,349484.3,834722.53,C292318510,917157.18,431918.95,0,0
13,PAYMENT,6800.05,C831255982,579713.63,572913.58,M1431082110,0.0,0.0,0,0
264,DEBIT,3391.46,C794974264,145616.0,142224.54,C1924789103,432633.2,436024.66,0,0
329,CASH_IN,211608.57,C1588506727,823410.69,1035019.26,C44672977,1541369.33,1329760.76,0,0
136,PAYMENT,4503.69,C876270563,154.0,0.0,M969210774,0.0,0.0,0,0
252,CASH_OUT,56998.07,C766391097,0.0,0.0,C750452235,27320481.89,27377479.96,0,0
345,PAYMENT,6214.69,C489785974,11560.53,5345.84,M1639812529,0.0,0.0,0,0
12,PAYMENT,5810.31,C388037470,71374.0,65563.69,M316836846,0.0,0.0,0,0
397,PAYMENT,20971.6,C1602646197,8651.0,0.0,M1043010301,0.0,0.0,0,0
163,CASH_IN,170003.72,C468307434,6881554.12,7051557.84,C505564342,4701199.23,4678264.96,0,0
235,CASH_OUT,72536.66,C1954003879,0.0,0.0,C123989764,2273447.78,2345984.44,0,0
307,PAYMENT,14714.57,C323444150,38730.0,24015.43,M1483972729,0.0,0.0,0,0
12,CASH_IN,77739.84,C1506214463,5432647.77,5510387.61,C1104197405,10353488.44,10275748.61,0,0
304,CASH_IN,237805.13,C905793477,30129.0,267934.13,C311281387,0.0,0.0,0,0
567,CASH_OUT,83409.98,C912725797,329.04,0.0,C1537497150,1831721.39,1915131.37,0,0
203,PAYMENT,14865.64,C1551892766,94174.0,79308.36,M653544905,0.0,0.0,0,0
44,CASH_IN,47332.91,C251224730,3828391.25,3875724.16,C904568643,57198.34,9865.43,0,0
44,CASH_OUT,462578.8,C1219154117,0.0,0.0,C588276667,2602602.43,3065181.23,0,0
396,CASH_OUT,70933.23,C1799201419,1175.0,0.0,C119585033,403091.75,474024.98,0,0
350,TRANSFER,51474.8,C471221750,0.0,0.0,C1971857196,235097.83,286572.63,0,0
181,CASH_OUT,119132.17,C26833093,51836.0,0.0,C1256627429,763268.6,882400.77,0,0
332,CASH_IN,242181.95,C1752064759,2883632.87,3125814.81,C295917556,2888232.54,2646050.6,0,0
43,CASH_IN,259284.19,C1307935913,39084.0,298368.19,C2035641526,0.0,0.0,0,0
36,CASH_OUT,325751.06,C548057375,149847.0,0.0,C1928349261,1268427.74,1833133.76,0,0
253,TRANSFER,69153.35,C175994280,0.0,0.0,C918391114,91493.12,160646.47,0,0
302,TRANSFER,132273.37,C124104012,28481.0,0.0,C520868445,201562.82,333836.18,0,0
202,CASH_OUT,190310.02,C71960170,27490.0,0.0,C246728748,0.0,190310.02,0,0
403,CASH_OUT,180266.37,C322555395,10643.0,0.0,C1568001021,840978.72,1021245.1,0,0
41,PAYMENT,2935.32,C748540862,51713.0,48777.68,M548156167,0.0,0.0,0,0
404,TRANSFER,189109.58,C1111592570,102131.0,0.0,C1019374639,1552336.33,1741445.91,0,0
192,PAYMENT,3452.91,C1098982875,42547.0,39094.09,M1397889860,0.0,0.0,0,0
306,CASH_OUT,176883.55,C512023085,81795.0,0.0,C1060020553,236526.59,413410.14,0,0
191,PAYMENT,1852.8,C1480301308,0.0,0.0,M579642583,0.0,0.0,0,0
181,CASH_IN,200598.19,C1398639800,172.0,200770.19,C1009347700,893367.39,692769.2,0,0
287,TRANSFER,1904126.95,C1857629804,0.0,0.0,C1273394446,3392326.97,5296453.93,0,0
285,TRANSFER,433058.52,C1422295923,21197.81,0.0,C1276454824,882729.37,1315787.89,0,0
191,PAYMENT,1536.73,C1533458409,53418.0,51881.27,M314902437,0.0,0.0,0,0
21,CASH_IN,118090.76,C498216638,147825.0,265915.76,C1318650648,2177736.27,2711378.37,0,0
349,PAYMENT,1769.6,C1246170366,774575.8,772806.2,M315908668,0.0,0.0,0,0
256,PAYMENT,9494.06,C1419958200,625225.56,615731.5,M1163704533,0.0,0.0,0,0
163,PAYMENT,13124.45,C1386428010,15637.0,2512.55,M1961367843,0.0,0.0,0,0
406,CASH_OUT,42562.95,C18968657,0.0,0.0,C173807572,1395170.95,1437733.9,0,0
588,CASH_OUT,219609.52,C1131641291,93063.0,0.0,C1915865544,0.0,219609.52,0,0
232,PAYMENT,2644.21,C392439132,0.0,0.0,M598044339,0.0,0.0,0,0
155,CASH_OUT,95112.16,C1933425758,0.0,0.0,C1478275628,1261553.85,1356666.01,0,0
228,TRANSFER,110168.36,C1515139387,0.0,0.0,C1493029873,130964.97,241133.33,0,0
375,PAYMENT,18122.01,C1863680847,166.0,0.0,M219941858,0.0,0.0,0,0
254,CASH_IN,367230.42,C833271398,3306778.45,3674008.86,C1233756672,415372.77,48142.36,0,0
284,CASH_IN,183678.36,C1040849606,965.0,184643.36,C592398719,0.0,0.0,0,0
40,PAYMENT,25509.52,C1770095015,22012.0,0.0,M153108375,0.0,0.0,0,0
379,CASH_IN,138156.45,C1524611840,545.0,138701.45,C1473886291,902925.43,764768.99,0,0
351,CASH_OUT,118187.22,C400889691,0.0,0.0,C1653316149,895862.62,1014049.85,0,0
331,PAYMENT,10179.15,C933420061,27098.82,16919.66,M1448999984,0.0,0.0,0,0
40,CASH_OUT,56333.45,C875722722,0.0,0.0,C1664307663,423635.74,479969.19,0,0
379,CASH_OUT,87079.98,C675988406,11894.0,0.0,C539869632,0.0,87079.98,0,0
589,PAYMENT,42366.06,C609336893,21484.0,0.0,M912846331,0.0,0.0,0,0
237,CASH_OUT,249447.58,C940638465,22156.0,0.0,C1771499427,78302.34,327749.92,0,0
661,CASH_OUT,256298.89,C290100060,0.0,0.0,C1816726493,1952228.41,2208527.31,0,0
403,CASH_OUT,77058.71,C2076272617,30033.0,0.0,C1598154875,193010.92,270069.63,0,0
345,CASH_OUT,208323.05,C946655181,12499.0,0.0,C1031970854,281437.88,489760.93,0,0
374,CASH_OUT,167890.71,C1959203094,0.0,0.0,C272412400,420128.8,588019.51,0,0
252,CASH_OUT,203802.08,C582179157,639.0,0.0,C1113398892,81710.27,285512.36,0,0
284,CASH_OUT,211217.11,C153671416,0.0,0.0,C4612707,583621.68,794838.8,0,0
129,PAYMENT,34856.01,C644179199,0.0,0.0,M548953874,0.0,0.0,0,0
140,CASH_IN,283712.25,C1249064358,517542.0,801254.25,C513555540,637770.56,354058.3,0,0
232,CASH_IN,352981.5,C1338322910,161291.0,514272.5,C993207543,0.0,0.0,0,0
355,CASH_IN,249152.8,C1055465496,3826442.54,4075595.34,C1778732196,262810.69,55656.95,0,0
132,TRANSFER,775066.89,C1520178158,0.0,0.0,C1296356740,1163995.4,1939062.29,0,0
15,PAYMENT,1815.53,C873946930,10314.34,8498.81,M1440366680,0.0,0.0,0,0
353,CASH_OUT,247131.68,C573028406,52159.0,0.0,C1020273587,128230.12,375361.79,0,0
44,PAYMENT,19091.93,C1396883983,0.0,0.0,M223951905,0.0,0.0,0,0
187,CASH_OUT,16698.3,C1046120141,1325.0,0.0,C136937809,2094487.49,2111185.8,0,0
179,CASH_IN,49757.91,C64811247,1632526.51,1682284.43,C1143643225,4849855.63,4807437.09,0,0
211,CASH_IN,240937.46,C878547,20999.0,261936.46,C1729913657,27943.28,0.0,0,0
12,PAYMENT,12048.14,C1536815391,0.0,0.0,M1114239382,0.0,0.0,0,0
574,CASH_OUT,165590.25,C994928727,0.0,0.0,C2059369168,1647098.1,1812688.35,0,0
160,TRANSFER,588624.1,C2017563684,53649.0,0.0,C1441884997,0.0,588624.1,0,0
201,CASH_IN,21781.35,C1448417428,5363480.29,5385261.64,C1713605660,7306903.34,7285121.99,0,0
331,PAYMENT,18097.79,C382705959,177217.0,159119.21,M531742378,0.0,0.0,0,0
178,CASH_OUT,134073.44,C1661396602,0.0,0.0,C1002140910,648062.2,814578.32,0,0
206,CASH_IN,226454.4,C1195004498,4134430.66,4360885.06,C2065755978,361343.47,134889.07,0,0
332,PAYMENT,1766.37,C2003083463,0.0,0.0,M1925495337,0.0,0.0,0,0
350,CASH_OUT,196286.66,C359616555,0.0,0.0,C804950817,719300.52,915587.19,0,0
156,PAYMENT,21786.03,C551496095,20696.0,0.0,M1488060983,0.0,0.0,0,0
374,TRANSFER,240383.51,C158107897,11290.0,0.0,C1306281272,0.0,240383.51,0,0
250,PAYMENT,4413.1,C1988493580,0.0,0.0,M417867586,0.0,0.0,0,0
300,CASH_IN,74600.07,C1949274130,228.0,74828.07,C2106459567,347531.43,272931.36,0,0
552,PAYMENT,12763.34,C1217664030,218622.0,205858.66,M752156377,0.0,0.0,0,0
471,TRANSFER,257842.53,C2109223326,0.0,0.0,C626014461,483511.98,741354.51,0,0
181,CASH_OUT,22699.1,C188511270,0.0,0.0,C246791852,402625.54,425324.64,0,0
234,CASH_OUT,245656.42,C1517773167,0.0,0.0,C1856294267,430394.91,676051.33,0,0
139,CASH_OUT,130036.68,C307271601,0.0,0.0,C1722970133,1288847.56,1418884.24,0,0
181,CASH_OUT,376665.77,C1248632328,31407.0,0.0,C2100030205,144497.16,521162.93,0,0
36,PAYMENT,8672.67,C2116134243,27858.0,19185.33,M2072051541,0.0,0.0,0,0
373,PAYMENT,3024.5,C1922231017,31174.0,28149.5,M1519220566,0.0,0.0,0,0
378,CASH_OUT,42792.04,C2020973765,41716.0,0.0,C460231692,1103991.29,1146783.33,0,0
382,PAYMENT,1208.13,C70770338,63988.0,62779.87,M1105218055,0.0,0.0,0,0
184,TRANSFER,1541856.92,C1022270783,0.0,0.0,C1269097316,5019881.06,6561737.98,0,0
255,CASH_OUT,102801.48,C1216984572,0.0,0.0,C253725387,611274.53,714076.01,0,0
132,PAYMENT,4297.31,C1971978616,0.0,0.0,M1565617185,0.0,0.0,0,0
350,PAYMENT,1518.43,C1205524729,0.0,0.0,M332513523,0.0,0.0,0,0
353,CASH_IN,154623.29,C986330082,30682.0,185305.29,C1166375084,29529.86,0.0,0,0
185,CASH_OUT,49301.1,C1364999125,0.0,0.0,C1713313805,222239.78,271540.88,0,0
324,PAYMENT,6387.01,C1195129944,11629.0,5241.99,M432873923,0.0,0.0,0,0
275,PAYMENT,16195.75,C1331789086,0.0,0.0,M2127761197,0.0,0.0,0,0
206,TRANSFER,20453.81,C1385995264,44927.38,24473.57,C1952993289,771300.81,791754.62,0,0
140,CASH_IN,181182.29,C491652658,21436.0,202618.29,C1050484964,0.0,0.0,0,0
400,CASH_IN,288700.04,C1948050348,29457675.2,29746375.24,C1494856338,303180.46,14480.41,0,0
13,CASH_IN,108845.22,C1317817901,6284360.38,6393205.61,C826383690,1708435.24,1599590.01,0,0
354,CASH_OUT,37361.69,C1608244279,0.0,0.0,C526089899,271651.64,309013.33,0,0
187,CASH_OUT,62363.76,C185748683,0.0,0.0,C1730778273,166134.54,308297.19,0,0
232,PAYMENT,9047.82,C1247295316,32346.0,23298.18,M674225831,0.0,0.0,0,0
204,CASH_OUT,533886.81,C1624995127,87.0,0.0,C1970124962,775019.22,1308906.03,0,0
165,PAYMENT,16141.84,C352417498,0.0,0.0,M138288661,0.0,0.0,0,0
329,TRANSFER,76000.91,C114111039,0.0,0.0,C209954401,82104.92,158105.84,0,0
178,CASH_IN,474888.39,C19734700,32762.0,507650.39,C1028694884,227884.2,0.0,0,0
396,CASH_OUT,320562.15,C1110510715,5202.0,0.0,C1610590025,0.0,320562.15,0,0
400,CASH_IN,200982.78,C1922198968,22897636.6,23098619.38,C1650582624,2222681.43,2021698.65,0,0
139,PAYMENT,13268.58,C1841636090,0.0,0.0,M1278025829,0.0,0.0,0,0
26,CASH_OUT,301066.85,C1171677019,0.0,0.0,C1798186192,1025588.84,1326655.69,0,0
187,CASH_IN,51185.4,C1440810995,70559.6,121745.0,C74972092,811937.2,760751.8,0,0
487,CASH_IN,91233.56,C88293337,9371929.83,9463163.38,C1049832387,154901.68,63668.12,0,0
302,PAYMENT,4215.09,C245731219,0.0,0.0,M722942147,0.0,0.0,0,0
301,CASH_OUT,55386.98,C36350469,0.0,0.0,C1212895457,355675.11,411062.1,0,0
357,CASH_OUT,111524.98,C211383170,10810.0,0.0,C1732018265,54932.92,166457.91,0,0
397,PAYMENT,17358.73,C747404146,31520.0,14161.27,M1155436668,0.0,0.0,0,0
188,PAYMENT,7815.75,C768463057,304816.0,297000.25,M455481259,0.0,0.0,0,0
347,CASH_OUT,258451.5,C863641384,201739.0,0.0,C1861774937,323923.44,582374.94,0,0
254,PAYMENT,46400.31,C272502687,412.0,0.0,M600657498,0.0,0.0,0,0
160,CASH_OUT,33774.4,C1683547019,20164.0,0.0,C1482718739,432910.38,466684.78,0,0
538,TRANSFER,225316.4,C101172300,0.0,0.0,C542786593,359092.18,584408.58,0,0
235,CASH_IN,99810.32,C1493254416,16035893.81,16135704.13,C1156477301,203166.4,103356.08,0,0
262,CASH_IN,115653.89,C1273485668,18231.0,133884.89,C1299155658,819636.33,703982.44,0,0
383,CASH_OUT,125460.77,C139418549,192.0,0.0,C734495906,399920.2,525380.97,0,0
351,CASH_OUT,81192.19,C873315700,0.0,0.0,C749818848,492170.54,573362.73,0,0
20,PAYMENT,9932.91,C418503732,100204.0,90271.09,M626036005,0.0,0.0,0,0
17,PAYMENT,3699.67,C1951670469,692551.39,688851.72,M891154870,0.0,0.0,0,0
379,PAYMENT,26370.02,C2096995346,4497.0,0.0,M1436522424,0.0,0.0,0,0
277,PAYMENT,32257.75,C1676092408,0.0,0.0,M597406179,0.0,0.0,0,0
12,PAYMENT,14223.62,C468787029,147123.0,132899.38,M463728662,0.0,0.0,0,0
20,CASH_OUT,107698.92,C28633687,743.85,0.0,C615956857,20260.29,127959.2,0,0
573,CASH_IN,83223.25,C1673093931,457001.86,540225.11,C1831261863,1663957.08,1580733.84,0,0
299,CASH_OUT,11038.33,C1209554391,0.0,0.0,C950653200,59903.06,70941.39,0,0
347,CASH_OUT,146006.42,C238721521,0.0,0.0,C1713634529,382379.46,528385.88,0,0
249,PAYMENT,16992.15,C1063659928,169.35,0.0,M1499035835,0.0,0.0,0,0
514,CASH_OUT,321658.09,C2123782961,161978.0,0.0,C9845888,0.0,321658.09,0,0
131,CASH_OUT,185283.37,C2100582672,20329.0,0.0,C1278396690,0.0,185283.37,0,0
372,CASH_IN,125839.5,C1168282700,103908.0,229747.5,C128721296,137004.07,11164.58,0,0
265,PAYMENT,8476.67,C317066047,31447.48,22970.81,M150279120,0.0,0.0,0,0
203,CASH_IN,61309.27,C1904675584,9423.0,70732.27,C2026588609,295704.73,234395.45,0,0
381,CASH_OUT,268001.7,C545859370,6489.0,0.0,C1695441224,1544263.58,1812265.27,0,0
307,CASH_IN,64200.58,C1258969325,106690.0,170890.58,C346193245,91572.01,27371.42,0,0
39,TRANSFER,754288.83,C79766080,0.0,0.0,C470385893,3493334.3,4247623.14,0,0
469,CASH_IN,191448.87,C87896064,2725812.27,2917261.15,C706696280,4649223.92,4457775.04,0,0
394,CASH_OUT,114915.09,C1762476335,276808.66,161893.57,C696389904,397375.38,512290.47,0,0
154,CASH_IN,169298.27,C400298535,1588906.22,1758204.5,C1102438442,10098360.8,9929062.52,0,0
402,CASH_OUT,297822.33,C1272703734,0.0,0.0,C1315289889,689401.26,987223.59,0,0
209,CASH_IN,47366.91,C883723220,775431.54,822798.45,C2081100319,327243.64,279876.73,0,0
234,CASH_IN,131113.35,C736189238,64674.0,195787.35,C686774717,593454.35,462341.0,0,0
209,PAYMENT,6135.99,C1818575280,25019.0,18883.01,M1822403818,0.0,0.0,0,0
324,CASH_IN,214760.59,C609829375,0.0,214760.59,C977895157,4328436.46,4113675.86,0,0
211,CASH_OUT,170313.82,C2050691817,29903.0,0.0,C1802974863,712547.09,882860.91,0,0
346,CASH_IN,240565.2,C899157787,18.0,240583.2,C247613612,31723028.95,31482463.74,0,0
326,CASH_OUT,127482.4,C624413960,18170.0,0.0,C269297689,10235.63,137718.02,0,0
142,CASH_IN,157859.05,C1573964423,14671617.18,14829476.23,C1879124332,398971.51,241112.46,0,0
160,CASH_OUT,279447.23,C1843044272,74192.0,0.0,C1918685532,0.0,279447.23,0,0
46,CASH_IN,296310.41,C912138670,1993677.62,2289988.04,C1319516910,3895228.3,3598917.89,0,0
379,CASH_OUT,160373.11,C1898077983,12611.0,0.0,C1727463786,0.0,160373.11,0,0
260,CASH_IN,144964.17,C1048266372,249211.02,394175.19,C477191283,4442918.93,4297954.75,0,0
190,PAYMENT,7536.17,C1267546735,15060.0,7523.83,M5129695,0.0,0.0,0,0
249,PAYMENT,15188.98,C1680189863,308995.0,293806.02,M565750594,0.0,0.0,0,0
405,CASH_OUT,29499.56,C269299064,305525.0,276025.44,C2139217402,3803342.24,3832841.8,0,0
301,CASH_OUT,151962.22,C1782332872,0.0,0.0,C365434891,587063.88,739026.1,0,0
41,CASH_IN,34511.72,C1394679743,1145723.94,1180235.66,C98783267,345818.6,311306.88,0,0
375,CASH_OUT,507201.08,C419375084,368685.29,0.0,C1037109288,790750.86,1297951.94,0,0
139,PAYMENT,9775.24,C989063492,74745.95,64970.71,M2130837545,0.0,0.0,0,0
95,PAYMENT,8644.21,C545326477,9798.0,1153.79,M1779843281,0.0,0.0,0,0
188,PAYMENT,689.73,C752176956,507.0,0.0,M590675074,0.0,0.0,0,0
202,CASH_OUT,212359.81,C1811973386,0.0,0.0,C1197781378,406264.61,618624.42,0,0
277,CASH_OUT,133296.0,C1026726644,0.0,0.0,C1644659158,8132283.86,8265579.86,0,0
346,CASH_IN,66760.09,C1909376047,2904206.98,2970967.07,C1032944333,542449.18,475689.09,0,0
10,CASH_OUT,577150.09,C1732638380,0.0,0.0,C1464009366,2338935.82,2916085.91,0,0
309,CASH_OUT,164105.88,C2060601576,0.0,0.0,C1320482982,2758705.57,2922811.45,0,0
41,CASH_IN,88539.95,C839688109,3759194.45,3847734.39,C280061639,2283040.65,2194500.7,0,0
709,CASH_OUT,133350.54,C1220792999,24085.0,0.0,C151284492,174374.97,307725.51,0,0
141,PAYMENT,425.39,C456937128,3848.0,3422.61,M1472750379,0.0,0.0,0,0
36,CASH_IN,644251.99,C94324461,6589967.07,7234219.06,C329577331,2263946.47,1619694.48,0,0
40,CASH_IN,42230.98,C823118687,0.0,42230.98,C642862640,423909.83,381678.85,0,0
212,TRANSFER,1208799.28,C1554871891,0.0,0.0,C2012274843,1361650.22,2570449.5,0,0
514,PAYMENT,86673.92,C1383620280,9724.99,0.0,M281021865,0.0,0.0,0,0
38,CASH_OUT,39991.73,C1260730254,360551.46,320559.73,C654591156,70597.6,105941.33,0,0
208,CASH_IN,17445.99,C439780904,1738143.89,1755589.88,C101167032,139044.52,121598.54,0,0
348,CASH_OUT,100315.89,C659065902,60047.0,0.0,C982988384,2033320.39,2133636.29,0,0
19,CASH_OUT,16905.95,C1303620308,50883.0,33977.05,C447070962,5529547.13,5702938.58,0,0
180,CASH_OUT,139370.49,C534726319,0.0,0.0,C13118630,1660963.38,1800333.87,0,0
355,CASH_OUT,147916.13,C1165717681,0.0,0.0,C1015810540,2416804.05,2564720.18,0,0
399,CASH_IN,99995.1,C40494723,5887107.56,5987102.66,C1297411000,347277.22,247282.11,0,0
154,TRANSFER,1165893.4,C1410574403,275629.0,0.0,C844041296,2304704.33,3470597.73,0,0
34,CASH_OUT,33783.6,C1904506162,167639.0,133855.4,C1192376817,345.0,34128.6,0,0
355,CASH_OUT,17791.88,C1756916594,0.0,0.0,C1637411747,11337759.63,11355551.5,0,0
352,PAYMENT,15489.46,C1385036030,301399.0,285909.54,M319777463,0.0,0.0,0,0
595,PAYMENT,17676.59,C1810262013,25163.0,7486.41,M1487102839,0.0,0.0,0,0
215,CASH_OUT,177956.61,C376078733,0.0,0.0,C199183402,654474.35,832430.96,0,0
282,CASH_OUT,248615.09,C1915940687,23478.0,0.0,C623727685,2156.77,250771.87,0,0
140,CASH_OUT,119824.46,C635360373,14516.27,0.0,C173284213,419079.32,538903.79,0,0
10,PAYMENT,1599.65,C1024643254,30050.0,28450.35,M1265893841,0.0,0.0,0,0
142,PAYMENT,1916.35,C1990095700,0.0,0.0,M2017431785,0.0,0.0,0,0
284,PAYMENT,8573.33,C1573361035,41175.0,32601.67,M1301542585,0.0,0.0,0,0
405,CASH_IN,54053.52,C9366539,129618.0,183671.52,C1117713840,0.0,0.0,0,0
281,CASH_IN,132519.9,C134188290,45206.0,177725.9,C78561765,5755293.77,5622773.87,0,0
129,TRANSFER,323437.42,C753596963,19089.0,0.0,C534463139,1257818.45,1581255.87,0,0
300,PAYMENT,11484.32,C454510079,60035.0,48550.68,M1079808531,0.0,0.0,0,0
140,CASH_OUT,306293.17,C1581285050,340105.54,33812.37,C524939758,7030624.97,7336918.14,0,0
137,CASH_OUT,95082.57,C590916453,125529.0,30446.43,C1861433689,1525837.31,1620919.89,0,0
358,CASH_IN,22416.54,C1913809322,20688.0,43104.54,C1162788106,101526.85,79110.3,0,0
164,CASH_OUT,67508.28,C17529602,72123.0,4614.72,C1313801611,90036.58,157544.85,0,0
227,PAYMENT,26282.46,C746471349,0.0,0.0,M1365480648,0.0,0.0,0,0
253,PAYMENT,2250.8,C247551763,51514.0,49263.2,M757858405,0.0,0.0,0,0
133,CASH_OUT,43510.41,C295475667,0.0,0.0,C1251155005,155813.28,199323.69,0,0
209,CASH_OUT,44898.69,C162185928,0.0,0.0,C388954397,319149.28,364047.97,0,0
186,CASH_OUT,168251.22,C1402064448,0.0,0.0,C1905024955,170468.12,338719.34,0,0
44,CASH_OUT,122521.07,C2128844566,20933.0,0.0,C476305661,196941.85,319462.92,0,0
353,CASH_IN,175662.8,C1477297828,18007419.72,18183082.52,C1879539947,330729.15,155066.35,0,0
137,CASH_IN,124770.15,C1952422314,8312469.05,8437239.2,C1665144422,3413395.49,3288625.34,0,0
357,PAYMENT,16575.82,C974514367,55453.0,38877.18,M546835620,0.0,0.0,0,0
289,DEBIT,9888.05,C1155650338,5178.0,0.0,C2084086879,1114084.95,1123973.0,0,0
323,PAYMENT,15260.59,C363774987,0.0,0.0,M1617476579,0.0,0.0,0,0
328,CASH_OUT,271285.96,C763566623,7157.0,0.0,C316177164,0.0,271285.96,0,0
306,PAYMENT,76070.78,C703764076,162439.75,86368.97,M1705724084,0.0,0.0,0,0
35,PAYMENT,4268.62,C1765285400,352.0,0.0,M322167259,0.0,0.0,0,0
14,CASH_OUT,166599.87,C970672222,30597.0,0.0,C206548687,370399.97,1025614.84,0,0
205,CASH_IN,60442.53,C416415093,8012.0,68454.53,C1108678920,0.0,0.0,0,0
283,PAYMENT,23863.47,C1712010278,103861.0,79997.53,M1122920633,0.0,0.0,0,0
348,CASH_OUT,322333.73,C1495898120,44078.08,0.0,C397092704,10750603.66,11072937.39,0,0
36,CASH_OUT,554726.78,C607754066,0.0,0.0,C1803350497,789800.94,1344527.72,0,0
426,CASH_OUT,93066.57,C14916103,0.0,0.0,C1337894168,224659.2,317725.77,0,0
154,CASH_OUT,317713.09,C1347329186,0.0,0.0,C927977902,1059260.48,1376973.57,0,0
155,CASH_IN,380809.78,C1187423024,40685.0,421494.78,C122391612,245699.17,0.0,0,0
158,TRANSFER,485904.88,C417920952,20992.0,0.0,C1936257566,2806487.6,3292392.48,0,0
186,PAYMENT,12593.82,C1656092350,52036.0,39442.18,M990717856,0.0,0.0,0,0
138,CASH_OUT,239049.28,C999605363,2091.0,0.0,C436738764,1989912.67,2228961.95,0,0
186,PAYMENT,18384.58,C718317040,0.0,0.0,M366071520,0.0,0.0,0,0
96,CASH_OUT,196992.9,C502574615,1035.0,0.0,C1666306933,89002.37,285995.28,0,0
135,CASH_IN,91792.07,C858750469,1071719.29,1163511.36,C1164332539,2847072.5,2755280.44,0,0
44,PAYMENT,1492.9,C1302926218,9662.0,8169.1,M1883369869,0.0,0.0,0,0
281,CASH_OUT,171756.04,C1565856979,11572.0,0.0,C536697714,0.0,171756.04,0,0
351,PAYMENT,6757.67,C1774977423,20646.0,13888.33,M1914834445,0.0,0.0,0,0
9,PAYMENT,954.31,C1671297568,100000.0,99045.69,M267483331,0.0,0.0,0,0
11,CASH_OUT,38363.23,C1352584163,79493.0,41129.77,C1334840701,0.0,220604.52,0,0
402,CASH_IN,212429.5,C584515763,10838.0,223267.5,C890910162,166149.31,0.0,0,0
14,CASH_OUT,75419.85,C1436294855,0.0,0.0,C1190136960,2248394.11,2722867.61,0,0
354,TRANSFER,842441.05,C1286397667,171796.11,0.0,C1134685526,1360492.63,2202933.68,0,0
189,CASH_IN,170103.25,C1795819433,8112.0,178215.25,C772741798,0.0,0.0,0,0
263,PAYMENT,2777.84,C1553856571,85439.0,82661.16,M2138828769,0.0,0.0,0,0
136,CASH_IN,272930.29,C725602931,757597.01,1030527.3,C698234902,742457.68,469527.39,0,0
277,CASH_OUT,431983.35,C345139074,0.0,0.0,C464900403,849784.93,1281768.28,0,0
398,CASH_OUT,102600.76,C1436568445,105115.0,2514.24,C1593079147,1958520.67,2061121.43,0,0
163,PAYMENT,10036.06,C828699879,0.0,0.0,M510704711,0.0,0.0,0,0
402,CASH_IN,323726.71,C1130649679,4543360.94,4867087.65,C749186348,4158504.44,3834777.73,0,0
346,TRANSFER,2354263.3,C692212333,0.0,0.0,C626844969,2670642.27,5024905.57,0,0
356,PAYMENT,17795.57,C1290203747,11265.0,0.0,M345976656,0.0,0.0,0,0
14,PAYMENT,5080.33,C1759569622,621.0,0.0,M789017382,0.0,0.0,0,0
297,CASH_IN,70394.04,C1919193787,2077.0,72471.04,C686636876,0.0,0.0,0,0
304,CASH_OUT,325340.38,C1300281685,0.0,0.0,C1114713212,452690.65,778031.03,0,0
188,CASH_IN,112846.74,C552767580,22971.0,135817.74,C1805740785,512133.39,399286.65,0,0
203,CASH_OUT,102448.0,C2118102370,0.0,0.0,C122766990,368617.86,471065.87,0,0
381,PAYMENT,20409.08,C978673975,0.0,0.0,M2134958339,0.0,0.0,0,0
380,PAYMENT,9470.77,C636442749,205000.69,195529.93,M1812371985,0.0,0.0,0,0
40,CASH_OUT,170322.74,C1380765139,21052.0,0.0,C387115165,42993.94,213316.68,0,0
397,CASH_OUT,40504.13,C1730746238,5595.0,0.0,C481459240,0.0,40504.13,0,0
325,TRANSFER,9426713.87,C1170910918,0.0,0.0,C2116428558,11857008.75,21283722.62,0,0
40,PAYMENT,1302.57,C941165926,0.0,0.0,M573999458,0.0,0.0,0,0
278,PAYMENT,5412.55,C693777264,52096.3,46683.74,M1372548102,0.0,0.0,0,0
279,CASH_OUT,315063.47,C194340035,0.0,0.0,C425439219,2609458.57,2924522.04,0,0
394,TRANSFER,2680908.64,C1103124236,1015.0,0.0,C607394823,81909.79,2762818.43,0,0
307,CASH_OUT,124931.87,C1552161812,32376.0,0.0,C1038820072,571764.32,696696.19,0,0
302,CASH_IN,8329.2,C1185227878,7803396.36,7811725.55,C125529871,4251324.9,4242995.7,0,0
398,CASH_OUT,145599.51,C787567348,90789.0,0.0,C658953429,0.0,145599.51,0,0
255,PAYMENT,515.91,C1197360626,0.0,0.0,M630772351,0.0,0.0,0,0
206,CASH_IN,442084.04,C1762348059,5955251.32,6397335.35,C1883524873,737679.03,295594.99,0,0
155,CASH_IN,233293.29,C1456020796,314.0,233607.29,C257999182,19015861.19,18782567.9,0,0
206,PAYMENT,3444.26,C1843019659,0.0,0.0,M1219175263,0.0,0.0,0,0
303,CASH_OUT,77068.91,C1116905873,0.0,0.0,C865470736,476522.31,553591.22,0,0
130,CASH_IN,162474.81,C602439868,5693467.14,5855941.96,C433618120,2262684.78,2100209.96,0,0
251,PAYMENT,61282.09,C636374252,0.0,0.0,M687198323,0.0,0.0,0,0
400,CASH_OUT,76766.2,C358453047,0.0,0.0,C192375972,2029526.98,2106293.18,0,0
159,CASH_OUT,29842.84,C864476148,0.0,0.0,C1742817250,130025.16,159868.0,0,0
164,CASH_IN,94285.71,C560643963,158713.69,252999.4,C771115683,1411870.36,1317584.66,0,0
13,CASH_OUT,17222.16,C1981384224,0.0,0.0,C108763013,1431823.28,1646741.12,0,0
358,PAYMENT,2233.78,C733883612,0.0,0.0,M560221107,0.0,0.0,0,0
311,CASH_OUT,187786.58,C904733406,50064.0,0.0,C336294106,270154.96,457941.54,0,0
182,PAYMENT,2058.71,C1527633317,39406.15,37347.45,M2008531450,0.0,0.0,0,0
238,CASH_OUT,355005.07,C584439569,0.0,0.0,C1472649671,442474.29,797479.36,0,0
12,PAYMENT,1617.06,C1753192488,1655774.64,1654157.58,M1986234432,0.0,0.0,0,0
688,CASH_IN,110124.38,C1797501475,4005529.62,4115654.0,C718052360,822677.07,712552.69,0,0
179,PAYMENT,31309.81,C1539745516,59433.0,28123.19,M1676674954,0.0,0.0,0,0
395,PAYMENT,31810.72,C405161824,563.0,0.0,M1036958013,0.0,0.0,0,0
134,PAYMENT,51408.88,C469828176,42919.0,0.0,M640007754,0.0,0.0,0,0
163,CASH_OUT,348.19,C392518730,0.0,0.0,C1479173744,719020.13,719368.33,0,0
8,PAYMENT,9463.08,C519064988,1193.0,0.0,M1107472217,0.0,0.0,0,0
397,TRANSFER,4202545.17,C82306284,5075.0,0.0,C71550709,4223512.08,8426057.25,0,0
353,TRANSFER,1236525.58,C1272882218,0.0,0.0,C78719782,1461849.08,2698374.66,0,0
328,TRANSFER,149690.74,C473075812,0.0,0.0,C1282195729,439333.26,589024.0,0,0
216,CASH_OUT,88377.08,C1581578150,0.0,0.0,C2081880408,306958.29,395335.37,0,0
161,CASH_IN,142799.48,C521449264,5878398.08,6021197.56,C164431510,398974.8,256175.32,0,0
166,CASH_OUT,75162.95,C1177923495,0.0,0.0,C1491284882,366887.57,442050.52,0,0
161,CASH_IN,321503.41,C635822690,76219.0,397722.41,C1794694694,537459.64,215956.23,0,0
40,CASH_OUT,111893.94,C379379729,0.0,0.0,C380099346,348418.73,460312.67,0,0
347,PAYMENT,53321.22,C711444105,0.0,0.0,M1545220595,0.0,0.0,0,0
305,CASH_OUT,84922.58,C467315451,134.0,0.0,C563535375,1002662.92,1087585.51,0,0
19,CASH_IN,357181.51,C1806457505,8255666.76,8612848.27,C526965618,770702.87,413521.36,0,0
256,PAYMENT,5349.02,C1610307751,8352.65,3003.62,M1470265747,0.0,0.0,0,0
249,CASH_IN,267517.94,C2119681441,27177.0,294694.94,C1245882146,0.0,0.0,0,0
661,CASH_IN,71094.53,C1554982210,3341409.64,3412504.16,C1717149131,531424.23,460329.71,0,0
154,CASH_IN,81692.46,C425057290,14914.0,96606.46,C1253209806,0.0,0.0,0,0
353,PAYMENT,13390.57,C2071987922,520716.52,507325.96,M210574000,0.0,0.0,0,0
253,CASH_OUT,254593.36,C1184743884,5778.0,0.0,C619875088,774557.99,1029151.34,0,0
277,CASH_OUT,425340.15,C1000630418,10733.0,0.0,C258202208,348689.16,1002872.99,0,0
283,PAYMENT,24136.63,C2082564955,0.0,0.0,M1019605547,0.0,0.0,0,0
226,CASH_OUT,330678.44,C1644749545,0.0,0.0,C693154857,699677.05,1030355.49,0,0
201,CASH_OUT,264329.82,C1895573175,0.0,0.0,C249615068,465306.17,729635.99,0,0
39,PAYMENT,16071.27,C836295956,1605.82,0.0,M377506940,0.0,0.0,0,0
236,CASH_OUT,22358.22,C73829483,0.0,0.0,C342766073,47305.18,69663.4,0,0
249,CASH_OUT,142385.67,C731690853,0.0,0.0,C716118028,611998.77,754384.44,0,0
347,CASH_IN,178509.32,C381847913,23646.0,202155.32,C1919635100,0.0,0.0,0,0
164,CASH_IN,116784.05,C620755738,2326465.49,2443249.54,C143060621,3967739.89,3850955.85,0,0
298,CASH_OUT,278247.02,C2115216563,0.0,0.0,C588987175,781303.22,1059550.24,0,0
588,CASH_IN,79984.59,C746575546,2218264.94,2298249.53,C10085103,74565120.49,74485135.9,0,0
261,PAYMENT,20117.44,C2065574401,81728.1,61610.67,M545851499,0.0,0.0,0,0
233,PAYMENT,25802.3,C2034541794,87086.35,61284.06,M197713244,0.0,0.0,0,0
42,CASH_IN,42055.71,C2050771222,174379.73,216435.44,C1849997639,2707021.88,2664966.17,0,0
360,CASH_OUT,220897.26,C2010197797,45732.69,0.0,C341947083,568220.95,789118.22,0,0
259,PAYMENT,2972.61,C583517646,0.0,0.0,M1080200989,0.0,0.0,0,0
380,PAYMENT,754.62,C574593396,0.0,0.0,M88352847,0.0,0.0,0,0
169,PAYMENT,4803.29,C1083604990,31360.0,26556.71,M604297161,0.0,0.0,0,0
179,CASH_OUT,242855.57,C2052029949,0.0,0.0,C1807823022,5351198.8,5594054.37,0,0
11,CASH_OUT,71676.45,C802881856,30816.0,0.0,C1331028012,1673207.15,2184978.6,0,0
13,PAYMENT,4286.33,C361033326,0.0,0.0,M114453154,0.0,0.0,0,0
140,CASH_IN,60739.73,C1304412424,125387.87,186127.6,C961840409,1090942.06,1030202.33,0,0
159,CASH_OUT,80800.67,C1947436234,0.0,0.0,C1553852474,283654.58,364455.24,0,0
332,PAYMENT,7499.33,C623564937,20715.0,13215.67,M219566202,0.0,0.0,0,0
548,PAYMENT,14904.29,C1798504232,79298.73,64394.44,M2042724085,0.0,0.0,0,0
16,PAYMENT,11274.49,C1044145470,0.0,0.0,M1391754372,0.0,0.0,0,0
209,CASH_IN,149380.39,C186379191,34580.0,183960.39,C50879762,35661.67,0.0,0,0
374,CASH_IN,22324.15,C1373181169,1080609.25,1102933.4,C1068528468,464831.42,669535.42,0,0
134,CASH_OUT,128644.28,C784764442,0.0,0.0,C1556838987,202383.11,331027.39,0,0
186,PAYMENT,5969.23,C1344575098,37397.0,31427.77,M563311540,0.0,0.0,0,0
254,CASH_OUT,292767.86,C1745451290,17431.0,0.0,C484343121,211197.93,503965.78,0,0
164,CASH_IN,266783.89,C1898643791,23569073.11,23835857.0,C122106917,443280.12,176496.22,0,0
9,CASH_OUT,125742.46,C1809726537,512137.21,386394.75,C188246551,4892817.47,10202533.0,0,0
273,PAYMENT,2288.39,C1677237173,4358.0,2069.61,M705060961,0.0,0.0,0,0
163,CASH_IN,12907.66,C1303600041,2448121.06,2461028.72,C816730097,5036141.17,5023233.51,0,0
44,PAYMENT,1778.3,C114905391,0.0,0.0,M2024098464,0.0,0.0,0,0
262,PAYMENT,9578.17,C911173205,395843.0,386264.83,M1168455330,0.0,0.0,0,0
285,CASH_OUT,245894.92,C928871380,0.0,0.0,C760082427,262732.98,508627.9,0,0
565,CASH_OUT,639909.22,C1998419237,0.0,0.0,C1583149207,995904.09,1635813.31,0,0
217,DEBIT,1538.56,C1457432745,97865.0,96326.44,C286062900,32754.83,34293.39,0,0
257,CASH_OUT,43213.75,C554315908,0.0,0.0,C166609302,1402205.84,1445419.59,0,0
380,PAYMENT,3265.07,C1378666252,2579.0,0.0,M114663066,0.0,0.0,0,0
206,CASH_OUT,190409.36,C789730562,0.0,0.0,C463023439,296622.07,487031.43,0,0
302,PAYMENT,3086.7,C1445211149,136011.0,132924.3,M1793411059,0.0,0.0,0,0
93,PAYMENT,5514.99,C768853164,23039.78,17524.78,M2048570883,0.0,0.0,0,0
189,PAYMENT,4769.96,C1511967655,0.0,0.0,M1322109168,0.0,0.0,0,0
308,CASH_IN,169554.95,C1511037616,3646418.87,3815973.82,C1547387971,1127497.5,957942.56,0,0
11,PAYMENT,10768.33,C647151143,0.0,0.0,M684116831,0.0,0.0,0,0
347,CASH_OUT,127078.61,C419820074,10541.0,0.0,C152621949,0.0,127078.61,0,0
164,CASH_OUT,296215.2,C1545635328,0.0,0.0,C78465736,1383615.39,1679830.6,0,0
592,CASH_OUT,70207.53,C1114789420,10101.0,0.0,C1120256435,178557.0,248764.53,0,0
225,PAYMENT,47548.13,C1938780581,28487.0,0.0,M826403070,0.0,0.0,0,0
406,PAYMENT,5855.37,C1994409232,84306.0,78450.63,M1197524753,0.0,0.0,0,0
355,PAYMENT,168.15,C917055073,33948.01,33779.86,M502819157,0.0,0.0,0,0
278,PAYMENT,129.51,C1524348000,119966.85,119837.34,M1778154302,0.0,0.0,0,0
378,PAYMENT,4153.76,C482522059,41741.0,37587.24,M1580245866,0.0,0.0,0,0
160,TRANSFER,850564.53,C1686831255,10457.0,0.0,C2013081085,0.0,850564.53,0,0
374,CASH_OUT,135501.99,C1349479692,0.0,0.0,C1140768897,4514941.59,4650443.58,0,0
403,CASH_OUT,71169.57,C85246398,621.0,0.0,C134492684,0.0,71169.57,0,0
397,CASH_OUT,284884.04,C1624596810,0.0,0.0,C379122908,1361292.58,1646176.62,0,0
235,CASH_OUT,123282.9,C1531553627,0.0,0.0,C46123203,253698.0,376047.84,0,0
303,CASH_OUT,236333.52,C567926044,0.0,0.0,C1740314136,3243000.23,3479333.75,0,0
328,CASH_IN,343795.06,C278710639,25987537.43,26331332.49,C1603802034,2319896.89,1976101.83,0,0
36,PAYMENT,18042.21,C1034853920,9055.0,0.0,M1816396385,0.0,0.0,0,0
573,TRANSFER,310993.69,C569722577,0.0,0.0,C634950608,1363364.67,1674358.36,0,0
167,PAYMENT,1494.73,C1509430524,0.0,0.0,M1645883,0.0,0.0,0,0
380,PAYMENT,30565.77,C1137747819,277659.48,247093.71,M647992959,0.0,0.0,0,0
9,CASH_OUT,274774.22,C1627535257,200689.0,0.0,C946183669,60096.0,0.0,0,0
322,PAYMENT,13390.71,C710231240,23951.0,10560.29,M2063431754,0.0,0.0,0,0
275,PAYMENT,2395.03,C1858789798,0.0,0.0,M377890248,0.0,0.0,0,0
347,PAYMENT,13335.88,C1243348071,159.0,0.0,M1557033681,0.0,0.0,0,0
9,CASH_OUT,158005.06,C1908952159,0.0,0.0,C1025354079,301541.71,530952.42,0,0
185,PAYMENT,11814.63,C494189660,114778.0,102963.37,M482099523,0.0,0.0,0,0
322,TRANSFER,133716.69,C1049028914,0.0,0.0,C484785697,2764893.48,2898610.18,0,0
308,DEBIT,4917.88,C946469708,609.0,0.0,C310151195,32883.64,37801.52,0,0
256,CASH_IN,86093.62,C41365770,6738614.7,6824708.33,C781518047,258073.93,171980.31,0,0
403,CASH_OUT,89054.58,C1588690973,0.0,0.0,C127653014,119430.27,208484.85,0,0
18,CASH_OUT,58420.43,C800911788,0.0,0.0,C53292211,480788.21,543788.57,0,0
38,CASH_OUT,141610.75,C1722146057,0.0,0.0,C610837826,210421.03,352031.78,0,0
349,CASH_OUT,385722.72,C1605564355,51211.0,0.0,C1944295963,388954.15,774676.87,0,0
687,PAYMENT,23875.55,C977908897,0.0,0.0,M657634680,0.0,0.0,0,0
249,CASH_IN,511964.4,C914146849,22396725.62,22908690.02,C1000124012,657197.45,145233.05,0,0
187,CASH_OUT,9004.01,C1647218925,0.0,0.0,C74643846,369473.38,378477.4,0,0
204,CASH_OUT,240733.73,C1740144177,0.0,0.0,C708295669,608021.38,848755.11,0,0
369,PAYMENT,15948.99,C262388034,30028.0,14079.01,M748942349,0.0,0.0,0,0
355,CASH_IN,141471.74,C1592730599,354018.15,495489.89,C83875832,816253.8,674782.06,0,0
351,CASH_IN,117207.2,C1048597340,133535.0,250742.2,C1688258409,2193174.4,2075967.2,0,0
328,PAYMENT,8977.29,C2092231568,0.0,0.0,M411324624,0.0,0.0,0,0
37,PAYMENT,11355.36,C82761943,179377.18,168021.82,M2066513851,0.0,0.0,0,0
503,TRANSFER,154593.54,C393082238,0.0,0.0,C305353136,323495.41,478088.94,0,0
369,CASH_OUT,137306.12,C303300671,21218.0,0.0,C383608513,400921.32,538227.44,0,0
306,CASH_OUT,193057.82,C1565905718,375.0,0.0,C570607919,1520797.47,1713855.28,0,0
284,PAYMENT,666.17,C717984187,122.0,0.0,M1189371545,0.0,0.0,0,0
36,CASH_OUT,325757.63,C1641974616,335907.44,10149.8,C1670445471,553151.29,1034733.15,0,0
187,CASH_OUT,224373.93,C1603332725,0.0,0.0,C1814034669,2030546.67,2254920.6,0,0
14,PAYMENT,136.51,C2040624132,182255.05,182118.55,M1532454004,0.0,0.0,0,0
136,CASH_OUT,146284.13,C1694292701,0.0,0.0,C409620474,257810.36,404094.49,0,0
187,CASH_IN,35417.21,C1540440612,22075.0,57492.21,C732261836,298031.76,262614.55,0,0
94,TRANSFER,784148.02,C126539808,0.0,0.0,C1171150478,2253043.05,3037191.08,0,0
164,PAYMENT,14644.76,C1298485222,21564.0,6919.24,M341977806,0.0,0.0,0,0
187,CASH_OUT,64321.09,C1481409892,26059.0,0.0,C1437514726,109932.44,174253.53,0,0
306,CASH_IN,200891.41,C1723076392,8797761.21,8998652.62,C818256526,294728.62,93837.21,0,0
252,CASH_OUT,197364.42,C1705180362,0.0,0.0,C561686811,218361.56,415725.98,0,0
236,CASH_OUT,60502.94,C2072866732,774.0,0.0,C1762158824,164761.62,225264.57,0,0
204,CASH_IN,115571.47,C210930810,10993.0,126564.47,C1000848987,1039101.31,923529.84,0,0
686,CASH_OUT,209401.3,C2088571967,0.0,0.0,C519621302,1653025.05,1862426.35,0,0
155,CASH_IN,133192.25,C312790453,8508456.3,8641648.56,C83179166,190272.49,57080.23,0,0
214,CASH_IN,376570.67,C572006290,1844113.51,2220684.18,C751696230,1929309.03,1552738.36,0,0
265,PAYMENT,19.64,C1139792757,12363.0,12343.36,M1183386408,0.0,0.0,0,0
686,CASH_OUT,588596.21,C1213436452,0.0,0.0,C1904836911,3056899.39,3645495.59,0,0
236,CASH_OUT,189937.42,C229255616,72942.0,0.0,C177975731,0.0,189937.42,0,0
346,PAYMENT,1716.12,C1264577206,11440.0,9723.88,M433557244,0.0,0.0,0,0
183,TRANSFER,400315.52,C1368948896,9373.0,0.0,C380103983,135912.25,536227.77,0,0
253,PAYMENT,18300.08,C1481931329,421561.63,403261.55,M1925626711,0.0,0.0,0,0
379,CASH_OUT,36664.79,C500505660,0.0,0.0,C1551666958,206855.67,243520.46,0,0
302,CASH_IN,83753.16,C983324546,808307.0,892060.16,C60841859,151165.9,67412.74,0,0
156,PAYMENT,8312.82,C995550550,52430.0,44117.18,M92999268,0.0,0.0,0,0
374,CASH_OUT,229527.22,C2118271748,0.0,0.0,C1445345748,4617780.59,4847307.82,0,0
206,PAYMENT,4109.76,C1120157165,20461.0,16351.24,M1442755558,0.0,0.0,0,0
131,CASH_OUT,13450.62,C394349071,41638.0,28187.38,C773262956,0.0,13450.62,0,0
132,PAYMENT,1576.55,C1341208166,349421.31,347844.76,M580311963,0.0,0.0,0,0
234,PAYMENT,13354.48,C166352603,0.0,0.0,M1506978193,0.0,0.0,0,0
16,CASH_OUT,56435.59,C1505187777,2116.0,0.0,C64640996,0.0,56435.59,0,0
141,CASH_OUT,60336.55,C2053270582,11400.0,0.0,C418573183,1705585.96,1765922.52,0,0
256,PAYMENT,6386.78,C707750577,0.0,0.0,M511737701,0.0,0.0,0,0
160,CASH_OUT,385230.9,C1215541406,0.0,0.0,C1551181464,1516757.79,1901988.69,0,0
352,PAYMENT,6346.16,C1940217017,0.0,0.0,M424581093,0.0,0.0,0,0
322,CASH_IN,178528.0,C1896883187,7856087.25,8034615.24,C1685326381,847749.52,669221.52,0,0
137,TRANSFER,768024.25,C649782395,8331.0,0.0,C296647499,1140115.63,1908139.88,0,0
232,PAYMENT,33225.15,C380485739,0.0,0.0,M885656734,0.0,0.0,0,0
350,PAYMENT,778.01,C563394967,298251.87,297473.86,M439564098,0.0,0.0,0,0
281,PAYMENT,4512.93,C734066309,59875.0,55362.07,M1916975372,0.0,0.0,0,0
332,PAYMENT,8024.48,C1429263995,52043.0,44018.52,M1159659861,0.0,0.0,0,0
40,PAYMENT,8227.3,C1131966574,0.0,0.0,M1252671926,0.0,0.0,0,0
347,CASH_IN,241622.66,C1404084647,263990.33,505612.99,C174347474,642397.69,400775.03,0,0
204,CASH_OUT,32823.18,C225254628,10373.0,0.0,C301584534,1449401.64,1482224.82,0,0
185,CASH_OUT,223200.2,C792375965,45080.0,0.0,C51238680,154817.43,378017.63,0,0
306,CASH_OUT,83289.68,C2130704490,0.0,0.0,C623986005,2830398.79,2913688.47,0,0
190,CASH_IN,79074.27,C737768507,9184791.42,9263865.69,C1133471046,799138.22,720063.95,0,0
372,TRANSFER,635444.14,C637044056,107117.0,0.0,C1840443512,0.0,635444.14,0,0
479,CASH_OUT,799517.33,C1299137401,799517.33,0.0,C466144148,67824.14,867341.47,1,0
234,CASH_OUT,67358.78,C100179806,74410.44,7051.66,C112331488,252678.0,320036.78,0,0
260,PAYMENT,29.48,C520326364,0.0,0.0,M1937674420,0.0,0.0,0,0
492,CASH_OUT,218907.72,C316046204,10943.0,0.0,C163842114,136159.27,355067.0,0,0
179,PAYMENT,23468.43,C1121092502,50512.0,27043.57,M698661,0.0,0.0,0,0
303,CASH_OUT,111071.81,C2122143269,0.0,0.0,C940948841,199132.79,310204.61,0,0
354,TRANSFER,983635.88,C874470417,0.0,0.0,C602574217,4730820.96,5714456.83,0,0
190,PAYMENT,7190.5,C745979772,7036.0,0.0,M300220156,0.0,0.0,0,0
254,CASH_OUT,171642.18,C2028073951,0.0,0.0,C1451549813,1369201.33,1540843.52,0,0
15,CASH_OUT,189040.97,C1427037170,0.0,0.0,C503258654,494458.25,683499.22,0,0
181,CASH_IN,189468.25,C1881839998,8353597.6,8543065.85,C1241115940,1690153.77,1500685.52,0,0
707,CASH_IN,152927.37,C519724320,4460989.87,4613917.25,C473524065,197368.68,44441.31,0,0
202,CASH_OUT,398268.32,C746715678,0.0,0.0,C887372607,508060.07,906328.39,0,0
135,CASH_OUT,510599.77,C1046624035,30497.0,0.0,C933328790,144606.8,655206.57,0,0
565,TRANSFER,187290.18,C963752443,0.0,0.0,C606623635,499749.2,687039.38,0,0
17,PAYMENT,10435.62,C1739651223,0.0,0.0,M842514092,0.0,0.0,0,0
371,CASH_IN,363533.35,C518491654,591814.36,955347.71,C640883968,3605667.07,3242133.72,0,0
303,CASH_IN,110846.84,C1590276110,20366.0,131212.84,C1036221089,844721.28,733874.44,0,0
161,PAYMENT,25722.63,C771306072,301.0,0.0,M222610482,0.0,0.0,0,0
162,CASH_OUT,299614.31,C235529917,959.0,0.0,C1797011565,0.0,299614.31,0,0
420,CASH_OUT,160099.96,C2046081089,0.0,0.0,C337533863,1111430.61,1271530.57,0,0
239,PAYMENT,314.23,C326632764,231.0,0.0,M584056090,0.0,0.0,0,0
13,TRANSFER,83641.72,C299073926,0.0,0.0,C1533091865,167823.09,342623.02,0,0
323,PAYMENT,27326.44,C1810961375,194916.78,167590.34,M6294449,0.0,0.0,0,0
228,TRANSFER,599303.7,C1334826886,31055.0,0.0,C1639911174,0.0,599303.7,0,0
305,TRANSFER,8831444.76,C1392751570,47260.0,0.0,C2110562324,870109.24,9701554.0,0,0
335,PAYMENT,9938.6,C1599326593,24562.0,14623.4,M1538681294,0.0,0.0,0,0
189,PAYMENT,9082.96,C840979352,0.0,0.0,M780245166,0.0,0.0,0,0
185,CASH_IN,260235.11,C1496421351,790117.99,1050353.1,C1396994384,1146763.88,886528.77,0,0
251,CASH_OUT,10982.65,C842834255,0.0,0.0,C2028657283,2555777.7,2566760.35,0,0
236,CASH_OUT,66128.2,C589046524,0.0,0.0,C231928012,1133441.87,1199570.07,0,0
546,CASH_IN,162372.82,C1056483943,2291806.21,2454179.02,C61106012,1179455.77,1017082.95,0,0
133,PAYMENT,36247.15,C489415624,6258.0,0.0,M1192338562,0.0,0.0,0,0
354,CASH_OUT,206483.31,C574644447,0.0,0.0,C467973788,2520038.1,2726521.41,0,0
398,PAYMENT,40568.81,C2137347622,21388.0,0.0,M1431986559,0.0,0.0,0,0
17,CASH_OUT,268317.66,C1422496945,0.0,0.0,C949842936,506262.31,1058624.98,0,0
350,CASH_OUT,131271.12,C1877444118,0.0,0.0,C2104058391,134373.8,265644.92,0,0
142,PAYMENT,10004.16,C1316837612,0.0,0.0,M1499454809,0.0,0.0,0,0
276,CASH_IN,265897.97,C2110488256,107464.0,373361.97,C1672375308,0.0,0.0,0,0
232,PAYMENT,2919.86,C2141915984,15993.0,13073.14,M1475139226,0.0,0.0,0,0
36,CASH_IN,217055.51,C65793082,12649969.57,12867025.08,C1866546631,6056503.43,5839447.92,0,0
177,CASH_OUT,76087.05,C1785753578,0.0,0.0,C878206965,1293947.84,1370034.89,0,0
423,CASH_IN,151837.05,C414311567,1701.0,153538.05,C1843653011,0.0,0.0,0,0
187,CASH_OUT,81029.62,C594354601,0.0,0.0,C768350956,6619688.59,6700718.2,0,0
140,TRANSFER,1037059.36,C307270595,0.0,0.0,C78289280,2491439.43,3528498.8,0,0
188,CASH_IN,118924.76,C1629415731,20436.0,139360.76,C1461234157,257189.75,138264.99,0,0
9,CASH_OUT,237299.17,C1355285692,188375.0,0.0,C1909592204,0.0,1479414.38,0,0
324,PAYMENT,68347.7,C194489316,42954.96,0.0,M1447706548,0.0,0.0,0,0
505,PAYMENT,36466.45,C655541354,0.0,0.0,M294549974,0.0,0.0,0,0
163,CASH_IN,237830.09,C44944226,12410.0,250240.09,C372882913,0.0,0.0,0,0
39,PAYMENT,497.99,C709589888,0.0,0.0,M124974613,0.0,0.0,0,0
259,CASH_OUT,177268.75,C1299323275,151984.65,0.0,C79949980,904790.99,1332627.93,0,0
40,TRANSFER,136638.45,C2140791681,0.0,0.0,C926721867,9067700.12,9129714.57,0,0
211,CASH_OUT,23293.29,C927180175,0.0,0.0,C1509921591,48117.4,71410.69,0,0
302,CASH_IN,504617.12,C248270553,19987.0,524604.12,C570065386,1784945.34,1280328.22,0,0
396,TRANSFER,47692.53,C1904004309,0.0,0.0,C1842551051,421561.31,469253.84,0,0
131,CASH_OUT,37652.33,C485650871,52087.0,14434.67,C850137424,376774.5,414426.83,0,0
259,CASH_OUT,153532.6,C1020397477,100666.0,0.0,C1500066376,0.0,153532.6,0,0
351,PAYMENT,6043.0,C1715204032,25584.0,19541.0,M2084491002,0.0,0.0,0,0
234,CASH_OUT,94092.53,C2007997715,0.0,0.0,C962006132,99438.55,60782.34,0,0
284,CASH_OUT,115585.67,C1998299858,67095.0,0.0,C708363239,3624894.6,3740480.27,0,0
189,PAYMENT,10088.05,C931420002,0.0,0.0,M128802528,0.0,0.0,0,0
188,CASH_IN,142123.65,C1908175730,203811.0,345934.65,C1050927738,0.0,0.0,0,0
182,CASH_IN,220048.2,C282864993,118479.0,338527.2,C1462908584,0.0,0.0,0,0
255,CASH_OUT,216572.52,C288907261,173717.81,0.0,C1131276166,8800425.17,9016997.69,0,0
373,PAYMENT,8477.0,C805211520,51597.0,43120.0,M841972964,0.0,0.0,0,0
153,CASH_IN,19502.49,C1812772473,7096978.68,7116481.17,C2125851808,190469.67,170967.18,0,0
182,CASH_OUT,37971.78,C975060308,11131.0,0.0,C1735015936,0.0,37971.78,0,0
399,CASH_IN,63604.09,C820717150,17945542.95,18009147.03,C1157575644,6189524.94,6125920.85,0,0
229,CASH_OUT,62056.07,C1257191570,0.0,0.0,C13788233,708192.83,770248.9,0,0
187,CASH_IN,276204.65,C1326882980,269360.0,545564.65,C428912021,970437.12,694232.48,0,0
299,CASH_OUT,362399.13,C1550080353,69986.0,0.0,C947767172,154460.96,516860.1,0,0
399,PAYMENT,7930.07,C1934729211,0.0,0.0,M281865895,0.0,0.0,0,0
352,PAYMENT,165.32,C658664558,0.0,0.0,M1880785347,0.0,0.0,0,0
297,CASH_IN,3001.12,C1085827235,5006.0,8007.12,C207019437,44251.6,41250.49,0,0
524,PAYMENT,3901.81,C2117871023,10204.0,6302.19,M1710554800,0.0,0.0,0,0
235,CASH_OUT,120728.39,C1855089055,204629.27,83900.88,C788504141,312079.17,851314.61,0,0
40,PAYMENT,6133.06,C651294660,855.6,0.0,M197997359,0.0,0.0,0,0
163,TRANSFER,57796.66,C1254023750,0.0,0.0,C958560370,721723.56,779520.21,0,0
659,CASH_IN,66818.03,C801304995,3312180.75,3378998.78,C1891588634,857219.34,790401.31,0,0
374,TRANSFER,2357968.28,C1024489662,0.0,0.0,C525628045,2546256.85,4904225.13,0,0
231,CASH_OUT,188957.88,C292443967,425.0,0.0,C123952847,621127.75,810085.63,0,0
325,CASH_OUT,47531.68,C1002104594,85716.0,38184.32,C735225137,7207052.58,7254584.26,0,0
308,CASH_OUT,214766.33,C940044534,9189.0,0.0,C501411140,0.0,214766.33,0,0
95,TRANSFER,868266.71,C2118171961,0.0,0.0,C1362243874,902618.43,1770885.14,0,0
36,CASH_IN,123455.45,C353544888,122944.0,246399.45,C1458821310,146500.36,23044.91,0,0
330,PAYMENT,2139.46,C1255305092,132640.89,130501.43,M1938101308,0.0,0.0,0,0
257,CASH_OUT,53764.5,C1015480864,11126.0,0.0,C1233051036,204758.94,258523.44,0,0
11,CASH_OUT,397096.68,C1056585517,219.0,0.0,C6075117,433906.22,866545.9,0,0
165,PAYMENT,1666.25,C872655171,0.0,0.0,M935526220,0.0,0.0,0,0
161,PAYMENT,7217.15,C852930814,0.0,0.0,M551289804,0.0,0.0,0,0
371,CASH_OUT,15385.05,C733737631,0.0,0.0,C1470917892,594089.26,609474.31,0,0
404,PAYMENT,4897.4,C1096468771,17707.0,12809.6,M116099032,0.0,0.0,0,0
40,CASH_OUT,176243.69,C706809034,0.0,0.0,C204187449,194447.35,251120.66,0,0
242,PAYMENT,977.04,C1363814490,6418.0,5440.96,M1754065902,0.0,0.0,0,0
522,CASH_OUT,98886.68,C1447764790,0.0,0.0,C202128488,137727.96,236614.64,0,0
402,CASH_IN,117997.24,C454989306,46769.0,164766.24,C176295628,11915046.7,11797049.46,0,0
156,CASH_OUT,71703.95,C346088661,0.0,0.0,C473496930,235315.75,307019.7,0,0
492,CASH_OUT,97377.24,C823651851,0.0,0.0,C1995987278,9594714.8,9692092.04,0,0
36,PAYMENT,28857.98,C1516645436,101503.0,72645.02,M33171339,0.0,0.0,0,0
393,CASH_IN,36760.52,C1786928267,7752726.35,7789486.88,C1087454992,661866.57,625106.04,0,0
522,CASH_OUT,57120.28,C1868583076,0.0,0.0,C1041908198,400290.67,457410.95,0,0
382,CASH_OUT,39309.89,C769159916,0.0,0.0,C1098486907,1181984.0,1221293.89,0,0
201,PAYMENT,12800.53,C607345765,0.0,0.0,M1010307997,0.0,0.0,0,0
544,PAYMENT,3315.69,C990813693,0.0,0.0,M16170029,0.0,0.0,0,0
236,CASH_IN,7149.14,C637723697,3095844.46,3102993.6,C451341923,1626739.6,1619590.46,0,0
33,PAYMENT,17931.17,C1099330587,0.0,0.0,M1196982936,0.0,0.0,0,0
375,CASH_IN,150739.21,C1877114550,114399.0,265138.21,C270905928,657076.46,506337.25,0,0
229,CASH_OUT,20503.61,C1517538292,0.0,0.0,C1532362635,3790772.41,3811276.01,0,0
213,PAYMENT,18811.77,C593064883,1177.0,0.0,M1133355188,0.0,0.0,0,0
186,PAYMENT,15827.94,C489000394,82580.0,66752.06,M468107332,0.0,0.0,0,0
332,PAYMENT,1239.97,C1346050828,0.0,0.0,M1591484016,0.0,0.0,0,0
249,PAYMENT,6832.32,C417671769,224206.0,217373.68,M519749746,0.0,0.0,0,0
204,PAYMENT,1923.48,C2020488804,0.0,0.0,M145735101,0.0,0.0,0,0
546,CASH_OUT,119076.24,C2061944959,271.0,0.0,C1301655150,167990.0,287066.24,0,0
183,CASH_OUT,191217.2,C743517621,0.0,0.0,C1778545979,1007599.04,1198816.24,0,0
35,CASH_IN,88991.83,C1749418283,163233.0,252224.83,C1553760125,698044.85,609053.01,0,0
158,PAYMENT,618.13,C1653739542,0.0,0.0,M1950438079,0.0,0.0,0,0
300,PAYMENT,26650.0,C484696079,138173.35,111523.36,M427510163,0.0,0.0,0,0
327,PAYMENT,7979.84,C1395568381,30634.0,22654.16,M515290287,0.0,0.0,0,0
157,CASH_IN,236018.9,C794620522,197777.0,433795.9,C1000847942,166822.57,0.0,0,0
681,CASH_IN,50138.18,C1341349655,2514571.97,2564710.15,C391252795,1105599.81,1055461.63,0,0
400,PAYMENT,10757.95,C2046283326,302160.0,291402.05,M451959072,0.0,0.0,0,0
402,CASH_OUT,175208.85,C1064755160,0.0,0.0,C1181063694,6080551.73,6255760.58,0,0
404,PAYMENT,689.3,C337375232,5051.0,4361.7,M1912005381,0.0,0.0,0,0
38,PAYMENT,1019.12,C1488351654,0.0,0.0,M1080318309,0.0,0.0,0,0
139,CASH_OUT,410187.18,C19149040,0.0,0.0,C1910133149,414175.56,824362.74,0,0
355,CASH_IN,444289.47,C1520816958,3620639.36,4064928.83,C1835696185,668268.86,223979.39,0,0
399,TRANSFER,217353.56,C830077524,0.0,0.0,C997452790,1013130.09,1230483.66,0,0
46,PAYMENT,4950.04,C1861879051,245316.0,240365.96,M1852913183,0.0,0.0,0,0
370,CASH_IN,222982.25,C1264446520,21392.0,244374.25,C1794884120,2881468.27,2658486.02,0,0
160,CASH_OUT,234607.33,C1137844180,0.0,0.0,C2144087835,404969.21,639576.54,0,0
131,CASH_IN,186943.66,C1595897853,6527307.06,6714250.72,C871153423,395270.25,208326.59,0,0
160,CASH_OUT,282773.72,C1600973265,1205.0,0.0,C916690965,1279028.82,1561802.54,0,0
41,PAYMENT,6571.02,C647238647,582.0,0.0,M1583082015,0.0,0.0,0,0
325,CASH_OUT,6511.37,C1340112914,154741.0,148229.63,C144429883,0.0,6511.37,0,0
235,CASH_IN,181254.61,C1467688204,10142.0,191396.61,C1678225513,0.0,0.0,0,0
255,PAYMENT,6862.58,C1525958980,373978.21,367115.63,M1878045632,0.0,0.0,0,0
182,PAYMENT,2287.08,C390701216,121222.0,118934.92,M1385569976,0.0,0.0,0,0
131,PAYMENT,31964.69,C1188785200,409582.42,377617.74,M1927319086,0.0,0.0,0,0
324,TRANSFER,753951.66,C125625222,24436.0,0.0,C1250750231,1577684.42,2331636.08,0,0
228,CASH_OUT,43616.37,C1853304390,0.0,0.0,C2029805013,290560.39,334176.76,0,0
207,TRANSFER,393084.29,C1247555848,147216.03,0.0,C930061629,619299.73,1012384.02,0,0
322,CASH_IN,131381.5,C766509403,154138.0,285519.5,C785083413,118757.34,0.0,0,0
251,CASH_OUT,256825.57,C544588906,71250.0,0.0,C799226228,632357.16,889182.73,0,0
205,PAYMENT,412.02,C1902766696,153211.0,152798.98,M1399608529,0.0,0.0,0,0
250,PAYMENT,3075.15,C860922183,0.0,0.0,M333484886,0.0,0.0,0,0
426,CASH_IN,102546.92,C1069709399,981660.74,1084207.65,C1752142063,2364889.37,2262342.45,0,0
5,CASH_IN,24248.86,C1359212194,10332479.16,10356728.02,C2083562754,2748383.99,2808555.73,0,0
153,CASH_IN,103047.98,C432359331,4789429.1,4892477.08,C1433334660,2227406.55,2124358.57,0,0
337,PAYMENT,35751.28,C1672789615,18344.0,0.0,M1388913134,0.0,0.0,0,0
376,TRANSFER,6364999.62,C761503213,10039.0,0.0,C1385976212,1692836.77,8057836.39,0,0
687,CASH_OUT,242196.28,C161356238,30001.0,0.0,C1400871565,362431.38,604627.66,0,0
373,CASH_IN,13594.41,C439624594,1744597.56,1758191.96,C1737284047,1382776.94,1369182.53,0,0
205,CASH_OUT,229867.91,C476550734,0.0,0.0,C424058203,2540419.85,2770287.76,0,0
253,PAYMENT,7021.3,C1166024002,503853.61,496832.32,M1863536266,0.0,0.0,0,0
544,PAYMENT,51426.6,C1116329617,0.0,0.0,M1329485789,0.0,0.0,0,0
661,PAYMENT,3617.88,C248798985,515647.33,512029.44,M401203434,0.0,0.0,0,0
254,CASH_OUT,21251.89,C1561285083,0.0,0.0,C2106007539,1269057.7,1290309.59,0,0
201,PAYMENT,6301.86,C2023580444,384880.27,378578.41,M299657938,0.0,0.0,0,0
188,CASH_OUT,132356.22,C769170964,0.0,0.0,C138283743,3264865.98,3397222.2,0,0
256,PAYMENT,4988.47,C1501035070,0.0,0.0,M1827324514,0.0,0.0,0,0
330,TRANSFER,14028.1,C95548710,0.0,0.0,C319006002,105924.0,72777.36,0,0
265,PAYMENT,2000.17,C782152074,301509.0,299508.83,M908568738,0.0,0.0,0,0
505,CASH_IN,38078.42,C72234255,40366.0,78444.42,C1017984292,10278.62,0.0,0,0
282,PAYMENT,9586.23,C1150277309,0.0,0.0,M1696081181,0.0,0.0,0,0
140,CASH_OUT,167775.41,C1224942237,0.0,0.0,C603426183,181681.93,349457.34,0,0
44,CASH_OUT,176804.02,C298348922,269242.26,92438.25,C270645339,1015769.85,1074811.3,0,0
403,PAYMENT,16274.82,C275456064,273833.93,257559.11,M1473059035,0.0,0.0,0,0
328,CASH_OUT,434538.76,C1920618908,21510.0,0.0,C130070279,0.0,434538.76,0,0
183,PAYMENT,15538.97,C145333972,0.0,0.0,M1780964042,0.0,0.0,0,0
351,TRANSFER,841185.82,C87206197,0.0,0.0,C167492187,2467371.71,3308557.53,0,0
187,PAYMENT,3328.04,C1656718436,0.0,0.0,M965376283,0.0,0.0,0,0
163,CASH_OUT,207898.23,C535860420,20014.0,0.0,C280087075,2030200.69,2238098.92,0,0
264,PAYMENT,2365.89,C220847109,24282.0,21916.11,M1271594840,0.0,0.0,0,0
212,CASH_OUT,5953.91,C223350915,0.0,0.0,C530428312,1586141.16,1592095.07,0,0
20,CASH_IN,14110.86,C525166797,3205745.51,3219856.37,C572087369,160535.6,146424.74,0,0
325,PAYMENT,1119.76,C1411219729,32846.64,31726.88,M1990337995,0.0,0.0,0,0
347,PAYMENT,48121.18,C1378170817,24323.0,0.0,M579483144,0.0,0.0,0,0
330,PAYMENT,6420.34,C1562654830,32549.0,26128.66,M871147826,0.0,0.0,0,0
288,PAYMENT,88510.52,C645967028,42830.0,0.0,M2123127448,0.0,0.0,0,0
163,CASH_OUT,23773.64,C909690590,0.0,0.0,C2013861248,658968.56,682742.2,0,0
211,CASH_IN,375762.24,C1848016231,5697610.15,6073372.39,C404227358,661799.31,532337.37,0,0
192,DEBIT,5695.83,C1479077738,47695.0,41999.17,C2130271758,1528494.64,1534190.46,0,0
13,CASH_OUT,24549.01,C1597956894,53337.0,28787.99,C1856756944,0.0,24549.01,0,0
133,PAYMENT,16875.08,C1544677296,260887.4,244012.33,M1269147581,0.0,0.0,0,0
187,TRANSFER,453910.74,C2054269541,495.0,0.0,C2057471802,3702780.85,4156691.59,0,0
690,CASH_IN,116163.11,C1302641324,4537621.52,4653784.64,C2031481464,6936910.06,6820746.95,0,0
395,CASH_OUT,26900.78,C1813120178,0.0,0.0,C1980679823,5402010.66,5339952.25,0,0
216,CASH_IN,103911.0,C1680330798,4902826.08,5006737.08,C1403422480,214967.64,111056.64,0,0
525,CASH_OUT,60905.23,C768834077,0.0,0.0,C1213822879,410947.62,471852.85,0,0
228,PAYMENT,56702.58,C806614242,31857.0,0.0,M811008508,0.0,0.0,0,0
381,CASH_IN,232657.01,C78665387,2124083.31,2356740.32,C301109036,3728439.71,3495782.7,0,0
94,CASH_OUT,212582.68,C922019573,9569.0,0.0,C802589192,4822.96,217405.64,0,0
265,PAYMENT,558.64,C585086682,62528.0,61969.36,M1371234647,0.0,0.0,0,0
379,CASH_IN,47733.37,C1916630688,9412.0,57145.37,C198947214,513075.42,465342.05,0,0
373,CASH_IN,196420.22,C182129164,9083008.12,9279428.34,C675771557,727121.7,530701.48,0,0
167,PAYMENT,17618.05,C706009102,0.0,0.0,M2078183577,0.0,0.0,0,0
538,CASH_IN,31957.04,C1588100698,14352.0,46309.04,C1512316433,951575.92,919618.88,0,0
380,PAYMENT,4124.21,C1476837441,151243.0,147118.79,M1820221606,0.0,0.0,0,0
380,CASH_OUT,10525.85,C1258714784,21219.0,10693.15,C220836921,0.0,10525.85,0,0
302,PAYMENT,7762.39,C1828319285,764.0,0.0,M621058778,0.0,0.0,0,0
350,PAYMENT,8412.99,C296200569,149176.0,140763.01,M688182715,0.0,0.0,0,0
177,CASH_IN,164639.4,C1370805185,16334050.22,16498689.62,C787612804,1867067.0,1702427.6,0,0
212,PAYMENT,20427.29,C1707518245,372.0,0.0,M1056310696,0.0,0.0,0,0
207,PAYMENT,3130.0,C1221005851,4162.0,1032.0,M2110229715,0.0,0.0,0,0
187,CASH_OUT,54084.24,C1778883237,10122.0,0.0,C642948552,0.0,54084.24,0,0
299,CASH_OUT,258156.5,C1697164823,29740.0,0.0,C1429302193,17051.81,275208.31,0,0
13,TRANSFER,65053.14,C1750465925,655533.68,590480.54,C515668272,0.0,65053.14,0,0
132,CASH_OUT,163688.28,C217061254,512.0,0.0,C996870368,120143.84,283832.12,0,0
396,PAYMENT,27984.24,C2134430821,0.0,0.0,M488097493,0.0,0.0,0,0
347,TRANSFER,2834888.99,C878227869,352039.0,0.0,C1095713580,0.0,2834888.99,0,0
370,CASH_IN,45284.72,C2027344244,49976.0,95260.72,C576156874,61559.47,16274.75,0,0
205,CASH_IN,125070.63,C1490924729,219919.0,344989.63,C1767965125,32010.14,0.0,0,0
354,CASH_OUT,27940.11,C1468687399,1593.0,0.0,C1931283804,73206.33,101146.45,0,0
684,PAYMENT,100.44,C21921665,0.0,0.0,M654031904,0.0,0.0,0,0
374,PAYMENT,4734.19,C422869900,152824.84,148090.65,M953460487,0.0,0.0,0,0
186,PAYMENT,22246.39,C1889633830,231005.21,208758.81,M960655649,0.0,0.0,0,0
398,PAYMENT,46533.93,C1006212344,0.0,0.0,M1645634307,0.0,0.0,0,0
253,CASH_IN,197770.79,C1493874521,2882894.98,3080665.77,C2096679640,2275573.96,2077803.17,0,0
397,PAYMENT,1929.58,C2004612378,7854.0,5924.42,M10146265,0.0,0.0,0,0
155,CASH_OUT,175021.65,C1900785597,0.0,0.0,C1993384024,1792779.55,1967801.2,0,0
352,CASH_OUT,336029.76,C583475544,61475.0,0.0,C129213028,3271531.54,3607561.3,0,0
349,CASH_IN,34470.59,C2119027422,136332.0,170802.59,C726130428,0.0,0.0,0,0
37,TRANSFER,466252.72,C322142081,0.0,0.0,C1807745856,1176277.77,1642530.49,0,0
692,PAYMENT,8350.12,C653903150,11278.0,2927.88,M20458010,0.0,0.0,0,0
225,CASH_OUT,104789.08,C1458644852,25362.0,0.0,C883090240,3116213.26,3221002.34,0,0
250,CASH_IN,188723.42,C1479747356,996417.55,1185140.98,C1733796574,3121382.78,2932659.35,0,0
187,PAYMENT,14211.28,C555248369,0.0,0.0,M104890622,0.0,0.0,0,0
254,PAYMENT,12984.95,C46903884,230443.07,217458.11,M107273806,0.0,0.0,0,0
252,TRANSFER,753557.69,C1503188836,0.0,0.0,C1503626793,30091643.97,30845201.66,0,0
396,PAYMENT,14172.84,C459395341,15594.0,1421.16,M156234888,0.0,0.0,0,0
134,CASH_IN,5622.24,C1052654507,3717675.63,3723297.87,C1488083333,1655643.79,1650021.55,0,0
203,CASH_OUT,3992.56,C678074299,188.0,0.0,C988984056,1166.03,5158.6,0,0
399,PAYMENT,27072.04,C680897726,5164.0,0.0,M238096820,0.0,0.0,0,0
379,PAYMENT,1924.31,C1874476514,0.0,0.0,M1568431159,0.0,0.0,0,0
352,CASH_OUT,212181.92,C1465397416,11645.0,0.0,C740102617,0.0,212181.92,0,0
154,CASH_OUT,73835.07,C516318726,0.0,0.0,C1710879092,598862.64,672697.71,0,0
379,PAYMENT,9235.21,C19675131,242355.59,233120.38,M776787816,0.0,0.0,0,0
544,PAYMENT,16609.98,C1424470800,114248.01,97638.03,M1879295817,0.0,0.0,0,0
335,PAYMENT,1733.77,C241300215,81225.35,79491.57,M1868710337,0.0,0.0,0,0
394,PAYMENT,7401.91,C753750091,0.0,0.0,M9928539,0.0,0.0,0,0
204,PAYMENT,13195.37,C588641357,4187.5,0.0,M586554736,0.0,0.0,0,0
11,TRANSFER,3552.35,C1263796014,0.0,0.0,C1301935544,829499.38,833051.73,0,0
301,PAYMENT,7798.04,C1540857903,62263.0,54464.96,M1491008164,0.0,0.0,0,0
304,PAYMENT,42303.56,C83992040,0.0,0.0,M84198758,0.0,0.0,0,0
298,PAYMENT,100730.25,C359308543,10745.0,0.0,M623471372,0.0,0.0,0,0
19,CASH_OUT,67088.63,C21522647,0.0,0.0,C2009000961,308307.13,0.0,0,0
42,CASH_OUT,92632.78,C715131522,0.0,0.0,C575880717,614962.55,707595.33,0,0
39,CASH_IN,17813.63,C433861472,1108157.3,1125970.93,C178178755,5770462.31,5752648.68,0,0
183,PAYMENT,5460.07,C1914713845,179320.85,173860.79,M299562653,0.0,0.0,0,0
357,PAYMENT,16937.27,C1093261931,20759.0,3821.73,M1299454491,0.0,0.0,0,0
250,CASH_IN,186964.05,C1073460054,3261839.43,3448803.48,C102800861,392262.61,205298.56,0,0
307,PAYMENT,37570.44,C1776429800,181.0,0.0,M491922905,0.0,0.0,0,0
162,CASH_OUT,906.75,C713473093,60582.0,59675.25,C2112920600,0.0,906.75,0,0
328,PAYMENT,5989.45,C1857796123,166024.38,160034.93,M2136406155,0.0,0.0,0,0
321,PAYMENT,10586.25,C2043799812,0.0,0.0,M224086715,0.0,0.0,0,0
139,CASH_OUT,23413.08,C1856790844,0.0,0.0,C610018122,496450.22,332894.82,0,0
259,TRANSFER,878855.64,C3431914,31646.0,0.0,C685572421,0.0,878855.64,0,0
282,TRANSFER,660127.69,C1284347989,0.0,0.0,C1198933035,828730.15,1488857.84,0,0
34,CASH_OUT,99361.46,C72453877,885392.0,786030.54,C1030628601,0.0,99361.46,0,0
401,PAYMENT,8508.44,C1118064659,0.0,0.0,M846615137,0.0,0.0,0,0
202,PAYMENT,13743.92,C1403069795,496646.0,482902.08,M1903891131,0.0,0.0,0,0
257,CASH_OUT,85644.14,C796980642,49633.0,0.0,C1417531519,921422.7,1007066.84,0,0
202,PAYMENT,21811.17,C545821488,0.0,0.0,M763722102,0.0,0.0,0,0
41,PAYMENT,21168.96,C975261406,0.0,0.0,M1914154738,0.0,0.0,0,0
158,PAYMENT,3391.67,C1790543116,75843.14,72451.47,M1241810277,0.0,0.0,0,0
309,CASH_OUT,250729.63,C1553896086,103905.08,0.0,C520556495,1932431.71,2183161.35,0,0
280,CASH_OUT,208734.57,C433673757,0.0,0.0,C1345766074,4169665.01,4378399.58,0,0
44,PAYMENT,5983.5,C1778743345,20652.0,14668.5,M99091050,0.0,0.0,0,0
353,CASH_IN,78367.47,C1693936849,457364.0,535731.47,C700579843,2002997.41,1924629.94,0,0
287,PAYMENT,7463.86,C1577073822,70083.0,62619.14,M1238627390,0.0,0.0,0,0
299,PAYMENT,38881.89,C2062411518,0.0,0.0,M572001190,0.0,0.0,0,0
333,PAYMENT,18703.22,C551221346,5563.0,0.0,M618996866,0.0,0.0,0,0
41,CASH_OUT,228145.45,C1212691822,0.0,0.0,C787593204,1240047.34,1632081.8,0,0
154,CASH_IN,214919.81,C1910578,2111080.51,2326000.32,C1195929292,935675.65,720755.84,0,0
322,CASH_OUT,154048.34,C1857954871,0.0,0.0,C506567436,763346.08,917394.43,0,0
156,CASH_IN,42339.11,C1762553519,5220170.7,5262509.81,C446815407,408696.13,366357.02,0,0
350,PAYMENT,14788.47,C1272746549,25722.0,10933.53,M609277907,0.0,0.0,0,0
233,CASH_IN,254503.83,C1174725165,4562307.37,4816811.2,C316092691,455785.19,201281.36,0,0
514,PAYMENT,24962.54,C553420926,0.0,0.0,M1470260791,0.0,0.0,0,0
187,PAYMENT,2371.56,C1497932046,153130.39,150758.82,M616244098,0.0,0.0,0,0
305,CASH_IN,380882.23,C1060418722,4376791.77,4757674.0,C982043426,5731402.96,5350520.73,0,0
208,CASH_OUT,35410.31,C2073445524,68774.0,33363.69,C1871982249,0.0,35410.31,0,0
129,TRANSFER,1050641.1,C232868876,62587.0,0.0,C1544256881,66935.12,1117576.23,0,0
143,PAYMENT,16598.69,C1498787750,0.0,0.0,M298834898,0.0,0.0,0,0
209,CASH_OUT,237538.41,C495047090,0.0,0.0,C1949246780,3780863.88,4018402.28,0,0
36,PAYMENT,32810.55,C1454806614,0.0,0.0,M15128910,0.0,0.0,0,0
692,CASH_OUT,105322.42,C1189476807,4096.86,0.0,C1054699382,2338880.91,2444203.33,0,0
135,CASH_OUT,18079.09,C685435034,31155.0,13075.91,C105075751,139894.87,157973.96,0,0
371,CASH_OUT,35974.3,C722653738,118807.0,82832.7,C1586629053,725029.55,761003.84,0,0
249,CASH_OUT,47128.43,C1104815594,49672.0,2543.57,C392834108,0.0,47128.43,0,0
326,CASH_OUT,558210.28,C1635184049,0.0,0.0,C105947512,768878.05,1327088.34,0,0
347,PAYMENT,29200.25,C731923084,32839.0,3638.75,M589772394,0.0,0.0,0,0
15,PAYMENT,7583.19,C1823982081,0.0,0.0,M501768401,0.0,0.0,0,0
330,CASH_OUT,183643.7,C1320749073,7578.0,0.0,C666392363,0.0,183643.7,0,0
130,CASH_OUT,165062.41,C2015151531,0.0,0.0,C942341533,205300.15,370362.56,0,0
131,PAYMENT,4401.63,C1436782178,0.0,0.0,M576822251,0.0,0.0,0,0
347,PAYMENT,949.91,C1596558349,70786.0,69836.09,M1665238282,0.0,0.0,0,0
227,CASH_IN,80498.3,C9840921,4371403.56,4451901.86,C1803807180,282088.51,201590.21,0,0
164,CASH_IN,68596.97,C773930731,7426444.81,7495041.78,C801487537,8332788.09,8264191.12,0,0
550,PAYMENT,3037.79,C570754550,72559.0,69521.21,M566283461,0.0,0.0,0,0
284,CASH_OUT,222095.52,C1424019909,0.0,0.0,C512237222,1683053.55,1905149.07,0,0
373,CASH_OUT,301121.42,C1306381794,211092.0,0.0,C397586777,205423.54,506544.95,0,0
166,CASH_OUT,192229.8,C844827774,3406.0,0.0,C683720678,0.0,192229.8,0,0
259,CASH_OUT,31402.68,C135608523,300522.0,269119.32,C41833309,2610803.19,2642205.87,0,0
332,PAYMENT,2012.17,C710215784,40254.0,38241.83,M1385162013,0.0,0.0,0,0
43,CASH_IN,148448.95,C1939261511,1139.0,149587.95,C612216079,1151938.37,1003489.42,0,0
514,TRANSFER,5762.99,C1349765645,125439.0,119676.01,C771188897,0.0,5762.99,0,0
42,PAYMENT,8336.93,C2006487085,49832.0,41495.07,M1301136457,0.0,0.0,0,0
185,CASH_OUT,170478.58,C1808029851,56497.0,0.0,C1399678940,18874.25,189352.83,0,0
399,CASH_OUT,278090.34,C126148634,32979.0,0.0,C126834620,206247.3,484337.63,0,0
257,CASH_OUT,21976.86,C1438140289,0.0,0.0,C271175032,3399385.85,3421362.71,0,0
140,PAYMENT,16530.49,C1502631858,0.0,0.0,M77303362,0.0,0.0,0,0
39,CASH_OUT,120272.09,C436881133,21038.0,0.0,C903382232,1659053.36,1779325.45,0,0
258,CASH_OUT,236678.21,C1071697779,0.0,0.0,C1249531586,7285573.82,7522252.03,0,0
403,PAYMENT,4688.78,C348915978,336138.53,331449.76,M411450096,0.0,0.0,0,0
204,CASH_OUT,96745.04,C696126203,0.0,0.0,C1654911858,1022442.13,1119187.17,0,0
34,TRANSFER,211206.97,C2094568240,1989.0,0.0,C796807095,755359.42,929955.33,0,0
275,CASH_OUT,37140.64,C2040835867,0.0,0.0,C1438725359,104743.53,141884.17,0,0
34,CASH_OUT,405933.3,C42605305,24229.0,0.0,C1162171909,8959873.31,9338012.81,0,0
211,CASH_IN,371656.25,C1638626257,2468365.83,2840022.08,C1344455626,4091102.67,6139557.9,0,0
381,CASH_OUT,5938.31,C777499410,9995.0,4056.69,C91575362,808008.82,813947.13,0,0
161,CASH_IN,7845.25,C1820933637,4813440.85,4821286.09,C1475347254,198630.96,190785.71,0,0
188,CASH_IN,50365.6,C1978451444,20815.0,71180.6,C735225137,7036488.46,6986122.85,0,0
205,CASH_OUT,89448.13,C492586008,0.0,0.0,C756520137,187123.52,276571.65,0,0
381,PAYMENT,10662.07,C2040328608,0.0,0.0,M2011176310,0.0,0.0,0,0
249,CASH_IN,38982.66,C266822982,20585.0,59567.66,C1850811503,0.0,0.0,0,0
21,CASH_IN,6552.03,C1610172502,2153839.26,2160391.3,C1151713321,178271.97,171719.94,0,0
569,CASH_OUT,148578.08,C1711064391,141765.0,0.0,C485302065,1001550.71,1150128.79,0,0
24,TRANSFER,79287.15,C1374649189,0.0,0.0,C888243316,102716.26,182003.41,0,0
300,CASH_OUT,404424.25,C1485655617,0.0,0.0,C1828890621,2943344.26,3347768.51,0,0
403,PAYMENT,17355.3,C1262073904,205762.0,188406.7,M110226079,0.0,0.0,0,0
274,CASH_OUT,314644.75,C929858327,10339.0,0.0,C1368158319,4821908.72,5136553.48,0,0
177,TRANSFER,339994.05,C1676965629,0.0,0.0,C491382773,1596519.29,1936513.33,0,0
182,PAYMENT,17217.39,C1744923513,99063.0,81845.61,M2077602163,0.0,0.0,0,0
9,PAYMENT,579.47,C645313801,0.0,0.0,M1797950915,0.0,0.0,0,0
17,CASH_OUT,430414.64,C1168289302,208112.34,0.0,C1504894184,2932895.89,3363310.53,0,0
97,TRANSFER,1038838.32,C1610137529,0.0,0.0,C1924494011,2843544.57,3882382.9,0,0
282,CASH_IN,124985.16,C401328711,217377.21,342362.37,C1118400176,5686619.95,5561634.79,0,0
226,PAYMENT,10546.09,C1359917931,38581.93,28035.84,M279827163,0.0,0.0,0,0
254,PAYMENT,4788.72,C483676757,0.0,0.0,M860978256,0.0,0.0,0,0
184,TRANSFER,917530.73,C1327890149,10084.0,0.0,C1168480718,0.0,917530.73,0,0
203,CASH_IN,28389.67,C186212838,295699.0,324088.67,C486056853,1150137.81,1121748.14,0,0
216,PAYMENT,5328.73,C1315925771,10673.0,5344.27,M1601239166,0.0,0.0,0,0
232,PAYMENT,5357.37,C293588919,285792.0,280434.63,M657336924,0.0,0.0,0,0
231,CASH_OUT,128649.67,C1935327557,368.0,0.0,C1863651406,92891.0,0.0,0,0
353,PAYMENT,2493.36,C1397512187,50009.0,47515.64,M167477577,0.0,0.0,0,0
94,TRANSFER,153488.86,C887510602,0.0,0.0,C1803319693,405189.81,558678.67,0,0
379,TRANSFER,232167.31,C146835121,0.0,0.0,C436217994,326753.97,558921.28,0,0
154,PAYMENT,10701.18,C379087193,440.0,0.0,M103713403,0.0,0.0,0,0
373,TRANSFER,894687.26,C950388646,10222.0,0.0,C1935038461,98103.19,992790.45,0,0
274,CASH_OUT,117280.86,C16282096,180.0,0.0,C1106440700,25751.01,143031.87,0,0
394,TRANSFER,3086636.05,C1415529305,14189.0,0.0,C1992320039,0.0,3086636.05,0,0
304,PAYMENT,10350.89,C1917405067,14112.0,3761.11,M1535795220,0.0,0.0,0,0
333,TRANSFER,2035.44,C2138255802,100941.0,98905.56,C1041079944,0.0,2035.44,0,0
396,TRANSFER,1049456.77,C2143874899,0.0,0.0,C326817608,2338393.62,3387850.39,0,0
185,CASH_OUT,206385.28,C202312062,27123.0,0.0,C132311978,28255.42,234640.7,0,0
10,CASH_OUT,581630.88,C1288086159,50148.0,0.0,C1866848400,0.0,672930.17,0,0
184,PAYMENT,6943.06,C557480585,0.0,0.0,M322070791,0.0,0.0,0,0
397,CASH_IN,166692.57,C978561690,481169.83,647862.4,C640116805,713230.63,546538.07,0,0
204,TRANSFER,179268.84,C386622581,0.0,0.0,C799602367,368737.28,548006.12,0,0
398,CASH_OUT,19460.1,C320303591,0.0,0.0,C499949839,312906.16,332366.26,0,0
408,PAYMENT,2661.91,C1533753262,39085.0,36423.09,M205374609,0.0,0.0,0,0
137,PAYMENT,47963.58,C156348563,31084.0,0.0,M632283448,0.0,0.0,0,0
232,CASH_OUT,185504.61,C553433817,47784.0,0.0,C1693111390,72115.67,257620.28,0,0
381,CASH_IN,54132.26,C107723918,9045.0,63177.26,C1209101308,159963.39,105831.13,0,0
254,CASH_OUT,82399.4,C1983086615,21049.0,0.0,C1818608273,200713.32,283112.72,0,0
12,TRANSFER,870350.5,C206148217,0.0,0.0,C1775818419,2172368.82,3201775.89,0,0
307,CASH_OUT,166624.18,C1456681459,85019.0,0.0,C1876258731,0.0,166624.18,0,0
16,CASH_OUT,59534.79,C528857898,0.0,0.0,C1899552868,256243.56,315778.35,0,0
138,TRANSFER,123778.93,C1308552613,218262.0,94483.07,C514517488,0.0,123778.93,0,0
298,CASH_IN,116738.04,C887483916,20646.0,137384.04,C1938173711,0.0,0.0,0,0
306,CASH_IN,126793.07,C1744965722,129224.0,256017.07,C1961879108,1519618.88,1392825.81,0,0
395,PAYMENT,22484.08,C849178141,0.0,0.0,M292429999,0.0,0.0,0,0
183,PAYMENT,9834.55,C668433449,0.0,0.0,M1823121978,0.0,0.0,0,0
374,PAYMENT,15214.07,C1435088850,17193.0,1978.93,M540537980,0.0,0.0,0,0
43,CASH_OUT,239492.6,C773908868,34321.0,0.0,C414262609,0.0,239492.6,0,0
133,CASH_OUT,658927.44,C1853233688,43544.0,0.0,C1570236210,0.0,658927.44,0,0
256,CASH_OUT,207720.16,C1659299851,0.0,0.0,C220354629,469875.94,677596.11,0,0
14,CASH_OUT,213390.76,C305468352,0.0,0.0,C2135806154,924424.57,777256.27,0,0
15,CASH_OUT,132831.45,C807808736,49851.0,0.0,C879054855,70984.44,203815.89,0,0
300,CASH_OUT,131529.19,C1092893028,38350.0,0.0,C965896759,29801.81,161331.0,0,0
287,PAYMENT,15303.37,C1007069734,17807.13,2503.76,M1282000276,0.0,0.0,0,0
19,PAYMENT,2410.86,C370928318,0.0,0.0,M2032770778,0.0,0.0,0,0
139,CASH_OUT,233722.04,C343762866,0.0,0.0,C1928332904,2416013.29,2649735.32,0,0
157,CASH_IN,16591.54,C799823086,2221040.91,2237632.45,C1566381384,23448.94,6857.4,0,0
139,CASH_OUT,74832.82,C1669722866,451652.0,376819.18,C346325956,5260939.21,5335772.02,0,0
331,CASH_OUT,142953.48,C187679368,1720.0,0.0,C897815652,1434508.71,1577462.19,0,0
353,CASH_OUT,108701.98,C779815799,145681.66,36979.68,C630764695,112082.55,220784.53,0,0
522,PAYMENT,21299.5,C894572335,6938.77,0.0,M833389529,0.0,0.0,0,0
253,TRANSFER,398694.97,C1105326908,4017.0,0.0,C41006872,0.0,398694.97,0,0
228,CASH_IN,261378.96,C1589384994,935584.33,1196963.28,C1138794863,2333370.97,2071992.01,0,0
251,PAYMENT,41899.02,C936195511,14124.0,0.0,M1947884234,0.0,0.0,0,0
17,PAYMENT,4447.39,C1008303051,73953.02,69505.63,M612685061,0.0,0.0,0,0
217,CASH_IN,192158.06,C75093987,2031602.85,2223760.9,C254048489,236139.97,43981.91,0,0
142,CASH_OUT,20706.67,C74762427,40500.0,19793.33,C777212049,0.0,20706.67,0,0
379,CASH_OUT,70920.65,C1590082497,20357.0,0.0,C86363289,0.0,70920.65,0,0
204,CASH_OUT,488307.73,C217234532,249.0,0.0,C105836827,128986.36,969238.27,0,0
263,DEBIT,3872.25,C881446946,0.0,0.0,C678664670,868149.61,872021.86,0,0
38,CASH_IN,13314.84,C1515995932,21272.0,34586.84,C1537283646,163057.19,149742.36,0,0
17,CASH_OUT,243320.74,C470418127,0.0,0.0,C234162500,711959.28,955280.02,0,0
328,CASH_OUT,229096.18,C1646526741,3307.0,0.0,C1650932354,949688.42,1178784.6,0,0
298,CASH_OUT,24642.42,C1955778407,0.0,0.0,C846547993,344049.93,368692.35,0,0
333,PAYMENT,36764.92,C1278128614,0.0,0.0,M1287480256,0.0,0.0,0,0
231,CASH_OUT,49056.75,C1419615858,0.0,0.0,C962671106,97460.77,164104.65,0,0
255,PAYMENT,7387.46,C45998448,42135.0,34747.54,M975441581,0.0,0.0,0,0
301,PAYMENT,3376.49,C1068170142,0.0,0.0,M1118699050,0.0,0.0,0,0
36,PAYMENT,11260.57,C983315075,72258.0,60997.43,M1986443682,0.0,0.0,0,0
155,CASH_IN,16368.63,C129489348,28610.0,44978.63,C1566508054,4734791.85,4718423.22,0,0
161,PAYMENT,7575.16,C337415851,122629.0,115053.84,M1985225199,0.0,0.0,0,0
165,TRANSFER,1256309.19,C617136609,0.0,0.0,C2068143517,5176173.24,6432482.42,0,0
303,PAYMENT,37704.5,C1966152375,9987.0,0.0,M175721253,0.0,0.0,0,0
287,PAYMENT,347.81,C676487312,10984.0,10636.19,M63393832,0.0,0.0,0,0
301,PAYMENT,3522.47,C57728594,1698.0,0.0,M566592837,0.0,0.0,0,0
305,PAYMENT,28507.9,C1994347830,464087.24,435579.34,M798004931,0.0,0.0,0,0
94,PAYMENT,9364.96,C747994192,0.0,0.0,M73001764,0.0,0.0,0,0
331,PAYMENT,4826.32,C661172272,0.0,0.0,M565472232,0.0,0.0,0,0
402,PAYMENT,7664.46,C1753173690,249250.52,241586.06,M954365680,0.0,0.0,0,0
309,PAYMENT,27674.55,C1809369031,85793.05,58118.51,M2041689599,0.0,0.0,0,0
203,PAYMENT,26247.03,C1682413732,0.0,0.0,M315878212,0.0,0.0,0,0
254,PAYMENT,10985.54,C1154280853,0.0,0.0,M886732609,0.0,0.0,0,0
332,CASH_OUT,94479.9,C1394832418,0.0,0.0,C540778288,2673209.69,2767689.59,0,0
138,CASH_IN,26640.67,C1169079711,250.0,26890.67,C1297215278,3594100.75,3640847.45,0,0
141,CASH_OUT,38831.53,C1201363305,22867.0,0.0,C186661926,0.0,38831.53,0,0
228,CASH_OUT,70759.66,C806079327,0.0,0.0,C1919773847,893989.57,964749.23,0,0
95,CASH_OUT,78989.62,C1992335695,11433.0,0.0,C2115486225,1670779.92,1749769.53,0,0
329,PAYMENT,27089.83,C1933997443,82675.0,55585.17,M1333168589,0.0,0.0,0,0
45,DEBIT,4805.37,C590156258,0.0,0.0,C465764513,106732.61,111537.98,0,0
398,DEBIT,3474.44,C772051370,130567.0,127092.56,C1149048480,1963150.14,1966624.58,0,0
162,CASH_IN,131747.24,C1967388878,2233.0,133980.24,C1338642414,0.0,0.0,0,0
378,PAYMENT,9625.32,C1442024673,625109.29,615483.97,M1233103988,0.0,0.0,0,0
282,CASH_IN,54801.2,C860779398,3159464.42,3214265.62,C488098239,613584.44,558783.24,0,0
356,CASH_IN,29347.29,C1801039780,91726.0,121073.29,C1819630369,121578.24,92230.95,0,0
8,PAYMENT,8909.98,C1670762330,241427.0,232517.02,M593517569,0.0,0.0,0,0
9,PAYMENT,14533.53,C1995838640,0.0,0.0,M1466163281,0.0,0.0,0,0
1,CASH_OUT,63830.49,C421191743,0.0,0.0,C1531333864,412307.54,55974.56,0,0
326,CASH_OUT,237268.66,C1947096429,0.0,0.0,C830780332,973623.25,1210891.9,0,0
236,PAYMENT,5059.02,C64406649,400290.0,395230.98,M2116535023,0.0,0.0,0,0
155,CASH_IN,208751.25,C675737891,349.0,209100.25,C904830144,596805.05,388053.8,0,0
370,CASH_IN,199562.98,C1151748163,10674.0,210236.98,C132321458,289744.36,90181.37,0,0
143,PAYMENT,7659.34,C794163625,600.0,0.0,M1858600658,0.0,0.0,0,0
36,PAYMENT,6075.26,C389592326,72082.04,66006.79,M1127339340,0.0,0.0,0,0
183,CASH_OUT,188164.37,C1235671527,0.0,0.0,C593210287,14710683.03,14898847.4,0,0
306,CASH_IN,10955.56,C58188690,2420759.03,2431714.59,C1966217718,59146.82,48191.27,0,0
476,TRANSFER,226982.88,C1225802760,0.0,0.0,C1984276888,2455524.16,2682507.04,0,0
182,CASH_OUT,260296.9,C2103747837,87124.0,0.0,C1824718633,45475.18,305772.08,0,0
251,CASH_OUT,44928.29,C803513290,0.0,0.0,C1353429033,536535.96,581464.25,0,0
19,CASH_OUT,65240.7,C585440848,71650.0,6409.3,C366015139,9043410.08,9108650.77,0,0
208,PAYMENT,6664.44,C1165640527,0.0,0.0,M786987308,0.0,0.0,0,0
681,PAYMENT,18207.59,C237082455,41079.0,22871.41,M968133566,0.0,0.0,0,0
286,PAYMENT,2748.41,C895501560,92091.0,89342.59,M1909879906,0.0,0.0,0,0
154,TRANSFER,1718092.55,C578986772,865069.74,0.0,C193541831,57444.46,1775537.01,0,0
378,PAYMENT,3949.29,C14366938,196.0,0.0,M787886446,0.0,0.0,0,0
12,CASH_IN,190641.85,C1919603802,4932647.76,5123289.61,C1390358265,2449029.7,2258387.85,0,0
378,CASH_OUT,79862.68,C478017337,776365.0,696502.32,C1122666044,2793986.07,2873848.74,0,0
253,TRANSFER,241263.85,C1596072618,0.0,0.0,C125139823,2558025.03,2799288.88,0,0
281,CASH_OUT,174590.12,C1679361797,33798.0,0.0,C890736979,76943.27,251533.38,0,0
400,CASH_OUT,34442.72,C1398518047,0.0,0.0,C1584135425,993387.9,1645422.73,0,0
378,CASH_IN,312877.42,C364644732,7722209.69,8035087.12,C1795759632,493726.67,180849.24,0,0
379,TRANSFER,314002.48,C770389078,43283.41,0.0,C837276058,2515409.93,2829412.41,0,0
276,CASH_OUT,142083.3,C500237667,10845.0,0.0,C1439720380,0.0,142083.3,0,0
251,CASH_OUT,82977.87,C1829095705,52316.0,0.0,C770886957,0.0,82977.87,0,0
305,CASH_OUT,235809.21,C1915270847,0.0,0.0,C747042836,1366004.51,1601813.72,0,0
44,CASH_IN,43229.01,C657922612,209.0,43438.01,C1041655785,111243.78,68014.77,0,0
402,CASH_OUT,266249.11,C14841705,145411.0,0.0,C117448495,864382.4,1130631.5,0,0
280,CASH_IN,17522.44,C1884874172,7633.0,25155.44,C792677329,271411.15,253888.7,0,0
187,CASH_IN,51773.96,C131515570,843.0,52616.96,C1571019143,729479.25,677705.29,0,0
396,CASH_OUT,5374.46,C642674440,0.0,0.0,C1263040541,998591.98,1003966.44,0,0
164,CASH_IN,234.28,C1407338841,14204.0,14438.28,C1680262620,122797.28,122562.99,0,0
346,CASH_IN,79367.94,C205746342,734093.73,813461.66,C1693537257,120254.92,40886.98,0,0
300,CASH_OUT,258774.07,C1585435453,31115.0,0.0,C1346906881,0.0,258774.07,0,0
184,CASH_OUT,61522.56,C1775490278,17502.0,0.0,C2056853661,339529.43,401051.99,0,0
23,CASH_IN,21204.92,C256397852,7041298.63,7062503.56,C433661030,1281964.49,1260759.56,0,0
42,CASH_IN,81466.74,C1324245783,545834.19,627300.92,C1948942582,2277348.4,2195881.67,0,0
43,PAYMENT,1224.96,C1605765057,0.0,0.0,M984029215,0.0,0.0,0,0
332,PAYMENT,4609.01,C1174913723,107861.73,103252.72,M403083022,0.0,0.0,0,0
20,PAYMENT,6821.15,C1563442932,0.0,0.0,M2044315676,0.0,0.0,0,0
352,CASH_IN,234316.33,C1619239710,10876.0,245192.33,C1406208506,436104.89,201788.56,0,0
397,CASH_OUT,28217.39,C520800919,23925.0,0.0,C1554519484,581990.59,610207.98,0,0
207,PAYMENT,2719.13,C15553395,0.0,0.0,M1404889049,0.0,0.0,0,0
11,CASH_OUT,170503.14,C1537564878,0.0,0.0,C175759964,243292.53,808454.2,0,0
306,CASH_OUT,175364.95,C551577229,0.0,0.0,C1046389708,1365213.05,1540578.0,0,0
302,CASH_OUT,20634.67,C38606162,765.0,0.0,C105877000,2468930.59,2489565.27,0,0
232,PAYMENT,8070.24,C641459046,0.0,0.0,M1861428522,0.0,0.0,0,0
283,PAYMENT,18881.92,C1694285414,0.0,0.0,M750568897,0.0,0.0,0,0
331,CASH_IN,399271.57,C1506388766,20651.0,419922.57,C1704303190,1310159.58,910888.01,0,0
39,PAYMENT,12219.92,C1164464937,0.0,0.0,M1193867924,0.0,0.0,0,0
35,CASH_IN,86416.82,C414442400,8779504.83,8865921.65,C1476691127,135839.41,49422.59,0,0
347,CASH_OUT,345450.33,C860309853,0.0,0.0,C37303120,2377161.81,2722612.14,0,0
395,CASH_OUT,66883.39,C1043918982,0.0,0.0,C1002497793,2400266.7,2467150.09,0,0
278,CASH_OUT,19058.15,C1860658049,5243.0,0.0,C841028862,216351.51,235409.66,0,0
395,CASH_OUT,201959.64,C908979982,5427.0,0.0,C1689104021,269711.27,471670.91,0,0
307,PAYMENT,38397.74,C1881564153,537926.25,499528.51,M1493665752,0.0,0.0,0,0
400,CASH_OUT,89417.59,C1347236391,0.0,0.0,C2051368599,1776797.35,1866214.95,0,0
161,CASH_OUT,4568.72,C2136676773,52231.0,47662.28,C552928131,211971.69,216540.4,0,0
140,CASH_OUT,103246.71,C1262568377,9109.0,0.0,C1371198333,159653.37,262900.07,0,0
303,PAYMENT,7379.49,C52427903,89721.15,82341.66,M2056561781,0.0,0.0,0,0
230,CASH_IN,147832.97,C236886988,2168133.81,2315966.78,C1416591909,428909.68,281076.71,0,0
373,CASH_OUT,52780.47,C926759908,197863.0,145082.53,C1792853129,0.0,52780.47,0,0
401,PAYMENT,18053.72,C436567589,0.0,0.0,M148170015,0.0,0.0,0,0
325,CASH_OUT,34365.58,C218998853,0.0,0.0,C1572203410,905450.35,939815.93,0,0
38,CASH_OUT,128902.77,C538540096,0.0,0.0,C374367856,182425.62,311328.39,0,0
303,CASH_IN,219935.21,C1919378334,282.0,220217.21,C608567557,562351.27,342416.06,0,0
187,CASH_IN,24795.77,C1356226646,495547.19,520342.96,C2011630865,602411.62,577615.85,0,0
544,PAYMENT,16828.16,C877914458,40320.0,23491.84,M1428803172,0.0,0.0,0,0
207,CASH_OUT,183497.03,C1365024292,15936.0,0.0,C486321590,0.0,183497.03,0,0
302,PAYMENT,2109.62,C1234188795,0.0,0.0,M1156333254,0.0,0.0,0,0
324,CASH_OUT,582597.45,C875571547,10724.0,0.0,C1733039325,522793.01,1105390.46,0,0
253,TRANSFER,534250.55,C622831579,0.0,0.0,C2073696467,4054998.83,4589249.38,0,0
403,CASH_OUT,359113.31,C2027037621,0.0,0.0,C1332079612,475299.67,834412.97,0,0
187,PAYMENT,11720.27,C2081317189,0.0,0.0,M1018995723,0.0,0.0,0,0
227,PAYMENT,6889.9,C272232509,0.0,0.0,M207179765,0.0,0.0,0,0
325,PAYMENT,15485.09,C334809286,0.0,0.0,M1554205473,0.0,0.0,0,0
207,CASH_IN,496169.8,C456572727,53776.0,549945.8,C1955003070,672567.7,176397.9,0,0
398,PAYMENT,13920.06,C1457513015,0.0,0.0,M1238856199,0.0,0.0,0,0
356,CASH_IN,173494.16,C1553361162,562.0,174056.16,C267245615,2674388.06,2500893.9,0,0
13,CASH_OUT,290264.8,C64936213,4633.0,0.0,C12627558,883674.73,1173939.53,0,0
16,PAYMENT,29105.55,C1866659731,75410.89,46305.34,M1281759750,0.0,0.0,0,0
681,TRANSFER,1361502.54,C420014699,118.0,0.0,C341037285,538974.36,1900476.89,0,0
35,CASH_IN,266198.79,C140903644,7089.0,273287.79,C906416381,58257.83,0.0,0,0
370,CASH_IN,13038.89,C276650526,6078578.01,6091616.89,C412996348,5670207.92,5657169.03,0,0
235,CASH_OUT,237871.15,C2118328473,6706.0,0.0,C558600377,1681649.22,2219443.7,0,0
41,CASH_OUT,180944.92,C1834227938,196712.0,15767.08,C345253105,250289.56,431234.48,0,0
182,CASH_OUT,64038.4,C95695186,0.0,0.0,C1803798459,476141.88,540180.28,0,0
396,PAYMENT,5758.36,C1312370203,10726.0,4967.64,M1692510838,0.0,0.0,0,0
257,CASH_IN,140151.32,C602345058,631951.74,772103.06,C299086533,1165447.63,1025296.3,0,0
275,CASH_OUT,259612.51,C772925289,59617.0,0.0,C1854807705,185194.43,444806.94,0,0
336,PAYMENT,7880.18,C2028278893,2679.08,0.0,M1371510700,0.0,0.0,0,0
397,CASH_OUT,11147.27,C1711497196,0.0,0.0,C1222206794,135167.82,146315.09,0,0
8,CASH_OUT,14552.94,C412110706,0.0,0.0,C855085682,100699.0,115251.94,0,0
182,PAYMENT,9154.83,C1745500945,95221.91,86067.07,M1485130434,0.0,0.0,0,0
256,TRANSFER,115712.49,C1738522678,0.0,0.0,C853932876,5474037.11,5589749.6,0,0
276,TRANSFER,215693.17,C2028008795,0.0,0.0,C1062775553,1453577.65,1669270.82,0,0
129,CASH_OUT,76582.56,C110463439,0.0,0.0,C1475046705,99632.44,127494.04,0,0
158,PAYMENT,4542.97,C1333526225,19618.19,15075.23,M252466906,0.0,0.0,0,0
211,CASH_IN,158766.02,C1388545139,163982.8,322748.82,C1053160861,12791593.6,12692622.49,0,0
12,CASH_OUT,142044.93,C1019512443,0.0,0.0,C547207468,811757.81,1454139.9,0,0
374,PAYMENT,33905.95,C772838111,83970.17,50064.22,M2108260672,0.0,0.0,0,0
185,CASH_IN,191851.92,C1933826445,8474921.41,8666773.33,C1887300199,285285.46,93433.54,0,0
380,CASH_IN,299836.67,C1881762945,9930.0,309766.67,C1781572926,238684.61,0.0,0,0
36,CASH_IN,211015.03,C1521136954,20001.0,231016.03,C1279953198,0.0,0.0,0,0
300,PAYMENT,12199.77,C1197720471,654445.28,642245.52,M1987371277,0.0,0.0,0,0
22,PAYMENT,8768.85,C1799859965,19719.0,10950.15,M1599110557,0.0,0.0,0,0
372,CASH_IN,504569.28,C1029166417,13477.0,518046.28,C411305205,151638.18,0.0,0,0
381,CASH_OUT,56289.15,C877013460,255603.83,199314.68,C261535696,234441.16,290730.31,0,0
300,CASH_OUT,90660.84,C1994951777,147418.0,56757.16,C1372556334,76601.53,167262.36,0,0
207,PAYMENT,21146.38,C1148940670,0.0,0.0,M1671866213,0.0,0.0,0,0
346,TRANSFER,740145.09,C742879353,59663.0,0.0,C572087369,1664706.21,2404851.3,0,0
395,PAYMENT,9254.2,C2137329023,0.0,0.0,M237998646,0.0,0.0,0,0
355,CASH_IN,64656.47,C831100759,14922.0,79578.47,C1473363457,29832568.53,29767912.06,0,0
131,CASH_IN,288263.36,C60923711,1244051.89,1532315.25,C301024496,304774.76,16511.4,0,0
207,CASH_IN,38710.21,C1340894811,5894619.96,5933330.17,C663451135,44205.72,5495.51,0,0
45,PAYMENT,480.86,C1302255836,35111.0,34630.14,M87197504,0.0,0.0,0,0
400,CASH_OUT,520052.02,C1046909616,0.0,0.0,C1018772894,3555580.37,4075632.39,0,0
204,CASH_OUT,32689.43,C1478494252,0.0,0.0,C743364060,3812098.34,3844787.77,0,0
378,CASH_IN,224140.93,C226388240,564132.62,788273.55,C1576670740,1285232.07,1061091.15,0,0
178,TRANSFER,1177312.28,C1286936738,658500.56,0.0,C806929811,1638193.8,2815506.08,0,0
42,CASH_IN,143106.24,C2055849009,977030.33,1120136.57,C862909013,735298.19,592191.94,0,0
372,CASH_OUT,209373.82,C2069496005,143.0,0.0,C285822730,1193506.78,1402880.6,0,0
323,PAYMENT,52073.2,C1362229756,201934.12,149860.92,M1116768373,0.0,0.0,0,0
17,CASH_IN,379757.98,C1345093739,203371.0,583128.98,C2089340835,0.0,0.0,0,0
374,CASH_OUT,95288.17,C1032967723,21186.0,0.0,C1324781994,20785.17,116073.34,0,0
10,PAYMENT,12101.96,C746712561,236095.67,223993.71,M1852650969,0.0,0.0,0,0
249,CASH_IN,129097.48,C176642220,9798162.44,9927259.91,C1209992541,569556.53,440459.05,0,0
253,CASH_IN,527431.52,C243976535,127443.0,654874.52,C1202631151,1897066.79,1369635.27,0,0
349,PAYMENT,38016.38,C1170703739,145.0,0.0,M338610878,0.0,0.0,0,0
18,CASH_OUT,387736.29,C12898763,444.0,0.0,C2016507986,62067.1,548216.49,0,0
19,PAYMENT,5755.02,C1042708868,0.0,0.0,M470194958,0.0,0.0,0,0
39,CASH_OUT,5950.76,C1341049845,236.0,0.0,C1325450825,198981.28,204932.04,0,0
236,PAYMENT,3025.58,C60271613,21037.0,18011.42,M275391750,0.0,0.0,0,0
402,CASH_OUT,5233.59,C1212471495,20539.0,15305.41,C1104779021,0.0,5233.59,0,0
96,TRANSFER,1817.15,C1085116430,122.0,0.0,C1745303203,0.0,1817.15,0,0
138,CASH_IN,43616.93,C809411830,26177.0,69793.93,C312411736,0.0,0.0,0,0
19,PAYMENT,7710.96,C127452596,0.0,0.0,M1771013650,0.0,0.0,0,0
380,CASH_OUT,247550.29,C74525420,0.0,0.0,C1783252212,363535.58,611085.88,0,0
277,PAYMENT,8596.78,C1469118078,9020.0,423.22,M2034795707,0.0,0.0,0,0
332,PAYMENT,706.96,C2045980123,21737.0,21030.04,M1626521221,0.0,0.0,0,0
303,CASH_OUT,522881.49,C951444737,123629.0,0.0,C2110169496,0.0,522881.49,0,0
155,CASH_IN,201409.58,C1513356269,8571999.74,8773409.32,C640546801,1034335.82,832926.25,0,0
204,CASH_OUT,85878.65,C289248249,11544.0,0.0,C401195472,0.0,85878.65,0,0
403,PAYMENT,2321.98,C29439803,9994.0,7672.02,M83404348,0.0,0.0,0,0
404,CASH_IN,76018.44,C1419186313,280.0,76298.44,C1888364180,618282.69,542264.25,0,0
330,CASH_OUT,246009.16,C164399918,0.0,0.0,C1826019601,793949.83,1039958.99,0,0
187,CASH_OUT,54569.42,C1264887735,73410.0,18840.58,C1356988116,49854.54,104423.95,0,0
322,CASH_OUT,242525.38,C444503805,32366.0,0.0,C2088275426,68803.16,311328.55,0,0
11,CASH_OUT,292465.89,C1208456488,198330.0,0.0,C1007135217,90312.32,622885.6,0,0
346,PAYMENT,13038.06,C194970957,109375.0,96336.94,M341772627,0.0,0.0,0,0
164,CASH_OUT,49163.29,C2003591721,0.0,0.0,C1237830972,180474.65,229637.94,0,0
329,PAYMENT,25540.48,C1147365697,67907.14,42366.66,M569701863,0.0,0.0,0,0
140,CASH_OUT,64209.92,C826727862,643.0,0.0,C1294409003,988593.43,1052803.35,0,0
135,CASH_OUT,239268.64,C1618215061,91764.0,0.0,C1702844603,0.0,239268.64,0,0
188,CASH_IN,115388.87,C1536755188,17917894.46,18033283.33,C891628176,1557917.98,1442529.11,0,0
185,CASH_IN,340589.64,C974987516,102476.0,443065.64,C1711202015,244641.39,0.0,0,0
40,PAYMENT,527.99,C987519007,0.0,0.0,M443287637,0.0,0.0,0,0
235,PAYMENT,4637.98,C1984153129,0.0,0.0,M180662493,0.0,0.0,0,0
210,CASH_OUT,138387.1,C991927555,19259.0,0.0,C933411389,74650.82,213037.92,0,0
359,PAYMENT,3435.03,C449468808,130957.0,127521.97,M20574811,0.0,0.0,0,0
377,CASH_IN,82526.1,C1731501911,136672.0,219198.1,C468375024,53801.29,0.0,0,0
161,CASH_IN,67108.17,C1266532922,3174791.71,3241899.89,C1424071351,202479.61,135371.43,0,0
304,CASH_OUT,206059.64,C682552888,30567.0,0.0,C1059584393,3875097.2,4081156.83,0,0
500,CASH_OUT,339980.12,C131930955,0.0,0.0,C422157059,1120604.02,1460584.14,0,0
394,CASH_OUT,324140.58,C1330665625,11681.0,0.0,C1304782580,996.61,325137.19,0,0
297,TRANSFER,1304158.28,C1344241152,0.0,0.0,C1953696604,3729055.24,5033213.52,0,0
353,CASH_OUT,340661.14,C47658229,112925.69,0.0,C490624948,538045.45,878706.59,0,0
133,CASH_OUT,123899.13,C834987041,0.0,0.0,C1874568200,255612.69,379511.83,0,0
178,CASH_IN,297908.19,C1463484467,2555895.8,2853803.99,C179711427,737756.82,439848.63,0,0
281,CASH_OUT,14164.88,C1535944762,0.0,0.0,C1339606083,465432.76,479597.64,0,0
160,PAYMENT,7637.56,C1923128097,119004.03,111366.47,M1870435748,0.0,0.0,0,0
359,PAYMENT,3170.07,C1024826605,5017.0,1846.93,M1494066051,0.0,0.0,0,0
232,CASH_IN,236030.99,C1207750122,5987106.9,6223137.89,C863497152,6229152.36,5993121.37,0,0
284,CASH_OUT,109271.91,C1005968939,0.0,0.0,C1447706537,1166951.48,1276223.39,0,0
136,TRANSFER,596914.05,C2104381597,0.0,0.0,C1016658450,8539955.4,9284011.9,0,0
254,PAYMENT,8548.63,C716542514,31415.22,22866.6,M219020997,0.0,0.0,0,0
251,CASH_IN,1193.76,C180763328,2269462.41,2270656.17,C2134430214,619091.74,617897.98,0,0
12,PAYMENT,46531.48,C1588056008,0.0,0.0,M1952748834,0.0,0.0,0,0
403,PAYMENT,867.69,C834383676,0.0,0.0,M265865805,0.0,0.0,0,0
377,CASH_OUT,379793.78,C1879734694,144392.0,0.0,C1649505773,597432.79,977226.57,0,0
162,PAYMENT,4612.47,C1518806712,0.0,0.0,M823442208,0.0,0.0,0,0
327,CASH_IN,170378.16,C1006826881,2140509.42,2310887.58,C1775852890,520933.67,350555.51,0,0
45,CASH_OUT,89386.13,C1527161913,0.0,0.0,C438161193,386623.2,476009.33,0,0
249,PAYMENT,1978.88,C1784711359,0.0,0.0,M474358084,0.0,0.0,0,0
210,PAYMENT,11964.7,C785415302,149694.62,137729.92,M1773761894,0.0,0.0,0,0
205,CASH_OUT,20221.3,C1696465432,0.0,0.0,C509515769,344096.51,364317.81,0,0
138,PAYMENT,4540.83,C1584563966,22399.0,17858.17,M1524129779,0.0,0.0,0,0
187,TRANSFER,287384.79,C903344973,0.0,0.0,C605134231,3716009.58,4003394.38,0,0
262,PAYMENT,19954.21,C574848170,0.0,0.0,M407025955,0.0,0.0,0,0
277,CASH_OUT,62064.05,C2068606724,0.0,0.0,C440003769,923727.3,985791.36,0,0
137,CASH_OUT,130593.3,C267790559,0.0,0.0,C410875580,1274384.93,1404978.23,0,0
687,CASH_IN,368607.91,C541612150,150541.64,519149.55,C1941987830,491340.77,122732.86,0,0
353,CASH_IN,294468.57,C574286442,4624013.79,4918482.35,C186969040,643484.58,349016.02,0,0
258,CASH_OUT,267924.98,C858794296,0.0,0.0,C1339842738,2660553.79,2928478.77,0,0
302,PAYMENT,18822.88,C40987338,5622.0,0.0,M454795791,0.0,0.0,0,0
277,CASH_IN,240689.22,C534863627,456.0,241145.22,C1286645926,0.0,0.0,0,0
160,CASH_OUT,55510.79,C766522627,26957.0,0.0,C2074053528,45469.97,100980.76,0,0
45,PAYMENT,13814.29,C1549809074,6002.0,0.0,M704570518,0.0,0.0,0,0
238,CASH_OUT,184863.49,C1171389764,17504.42,0.0,C997545606,628117.33,812980.81,0,0
18,TRANSFER,1157822.66,C689421348,0.0,0.0,C520401863,2586660.76,3610269.19,0,0
226,PAYMENT,28439.71,C1562733852,30996.0,2556.29,M356637381,0.0,0.0,0,0
258,CASH_OUT,72465.01,C1223123105,0.0,0.0,C1174502789,1902515.44,1974980.44,0,0
157,CASH_IN,160857.45,C2034702281,27749142.55,27910000.0,C2095028622,295231.92,134374.48,0,0
46,CASH_IN,204949.74,C1847679900,2884049.58,3088999.31,C2137829548,337735.67,132785.93,0,0
596,PAYMENT,31556.41,C1790264120,32764.01,1207.6,M2078802961,0.0,0.0,0,0
328,PAYMENT,12708.81,C569786709,198896.97,186188.16,M1382517348,0.0,0.0,0,0
161,TRANSFER,1057162.8,C192448689,0.0,0.0,C2081443416,8813768.34,9870931.14,0,0
140,PAYMENT,11980.36,C1770564696,0.0,0.0,M1072980875,0.0,0.0,0,0
332,CASH_OUT,138146.25,C153618584,1.0,0.0,C1571342009,3797814.68,3935960.93,0,0
163,CASH_OUT,63218.45,C1264818002,120710.78,57492.33,C1371929292,3331818.97,3395037.42,0,0
188,PAYMENT,9613.46,C550770667,243111.94,233498.48,M142509869,0.0,0.0,0,0
229,CASH_OUT,162590.11,C789229574,16553.0,0.0,C2031817051,237690.73,400280.85,0,0
182,CASH_OUT,179858.62,C1361920138,55744.0,0.0,C1595786197,394469.23,574327.85,0,0
12,PAYMENT,10494.17,C1405117265,0.0,0.0,M1694024836,0.0,0.0,0,0
281,CASH_OUT,78653.83,C944596063,31482.0,0.0,C1328925131,1003629.52,1082283.35,0,0
209,CASH_IN,136159.02,C2052886269,200415.0,336574.02,C944546546,74675.92,0.0,0,0
137,PAYMENT,28057.36,C456215788,91978.79,63921.43,M290614638,0.0,0.0,0,0
351,CASH_OUT,600110.3,C1905320597,860.0,0.0,C140357275,0.0,600110.3,0,0
186,CASH_OUT,409323.92,C1564831096,0.0,0.0,C2140602741,4251359.45,4660683.38,0,0
345,CASH_OUT,279726.08,C101077673,0.0,0.0,C133608146,682858.65,962584.73,0,0
45,CASH_IN,132731.59,C148260039,2624551.91,2757283.5,C728225066,891727.71,758996.12,0,0
131,CASH_IN,115332.97,C1765660963,87284.0,202616.97,C2037262376,5262241.8,5146908.83,0,0
13,CASH_OUT,211507.35,C2058398863,30259.0,0.0,C1075564985,8008168.99,8219676.34,0,0
9,PAYMENT,18183.25,C667881318,0.0,0.0,M1315658825,0.0,0.0,0,0
154,CASH_OUT,247669.64,C119090177,49.0,0.0,C142025190,0.0,247669.64,0,0
492,CASH_IN,275005.44,C436818020,20162.0,295167.44,C1946077072,0.0,0.0,0,0
153,PAYMENT,5568.32,C1021446448,1083.0,0.0,M2135964272,0.0,0.0,0,0
589,CASH_OUT,262818.54,C796103880,0.0,0.0,C1517195284,659909.33,922727.86,0,0
212,PAYMENT,11517.94,C954910667,342757.68,331239.74,M1787426635,0.0,0.0,0,0
331,CASH_IN,73910.71,C358208570,4753136.61,4827047.33,C1050484964,1298720.05,1224809.34,0,0
380,PAYMENT,7583.49,C1546295392,28018.82,20435.32,M1040543195,0.0,0.0,0,0
158,CASH_IN,73773.31,C1478709504,1050.0,74823.31,C1311418903,519261.13,445487.82,0,0
12,PAYMENT,8346.69,C1913635732,0.0,0.0,M1877967816,0.0,0.0,0,0
164,CASH_OUT,528806.99,C1534027738,0.0,0.0,C1907829879,2380134.93,3050299.7,0,0
302,PAYMENT,80423.31,C1746542153,0.0,0.0,M23810725,0.0,0.0,0,0
397,CASH_IN,287930.57,C1548008804,79654.0,367584.57,C549055597,258077.72,0.0,0,0
370,TRANSFER,925601.81,C1168341479,0.0,0.0,C370046986,9145991.26,10071593.06,0,0
36,CASH_IN,135461.26,C95658725,340227.06,475688.32,C1588979202,1106421.15,970959.89,0,0
41,CASH_IN,208053.56,C492630280,7205190.99,7413244.55,C582606312,1221062.14,1013008.58,0,0
324,PAYMENT,31586.54,C1047953342,20172.0,0.0,M1425072982,0.0,0.0,0,0
249,CASH_OUT,124878.67,C1091348929,11669.0,0.0,C1678711247,1087127.06,1212005.73,0,0
327,CASH_OUT,200321.17,C1318585421,9003.0,0.0,C1692249598,0.0,200321.17,0,0
278,CASH_OUT,16270.85,C266252848,41356.0,25085.15,C1872347972,91683.16,107954.01,0,0
548,CASH_IN,160997.08,C509116672,384937.67,545934.75,C898154316,374506.7,213509.62,0,0
233,TRANSFER,34534.34,C465998026,0.0,0.0,C1558839762,212379.61,246913.95,0,0
43,CASH_OUT,129572.2,C1390016445,6001.0,0.0,C1523189277,21002.0,150574.2,0,0
394,CASH_IN,153163.99,C1849607375,12532.0,165695.99,C678331610,0.0,0.0,0,0
159,CASH_IN,395187.57,C208247896,4155840.26,4551027.83,C1979322075,4783130.16,4387942.58,0,0
164,PAYMENT,16200.05,C1135468560,0.0,0.0,M1598388672,0.0,0.0,0,0
300,CASH_OUT,177545.04,C469532362,237.0,0.0,C368564843,80793.93,258338.97,0,0
226,PAYMENT,8184.59,C1387222967,360721.07,352536.48,M329577035,0.0,0.0,0,0
378,CASH_IN,207673.29,C2057401256,6872173.58,7079846.87,C286610151,2522908.59,2315235.29,0,0
330,PAYMENT,11434.22,C642525172,0.0,0.0,M769290443,0.0,0.0,0,0
322,CASH_OUT,28151.91,C969546493,0.0,0.0,C1488948271,1404260.48,1432412.39,0,0
285,TRANSFER,522970.46,C1106402225,0.0,0.0,C1983959097,1116330.52,1639300.98,0,0
375,TRANSFER,446009.57,C1772611552,0.0,0.0,C1552212288,4031886.26,4477895.83,0,0
326,CASH_IN,157586.01,C1282361678,4897400.75,5054986.77,C1207621389,1249036.12,1238988.55,0,0
355,PAYMENT,17673.59,C1393459192,0.0,0.0,M918483145,0.0,0.0,0,0
236,CASH_IN,236077.0,C294724125,775660.0,1011737.0,C1697777562,64814.42,0.0,0,0
395,PAYMENT,31297.41,C312953505,816554.0,785256.59,M1993343594,0.0,0.0,0,0
540,TRANSFER,406108.4,C204205994,50680.0,0.0,C1571265824,603481.3,1009589.7,0,0
252,CASH_OUT,187388.48,C45863141,0.0,0.0,C1150439295,3610973.9,3798362.38,0,0
129,CASH_OUT,92557.86,C402687909,0.0,0.0,C2049129995,169323.94,261881.8,0,0
380,CASH_OUT,255206.72,C358114339,150.0,0.0,C115039474,69609.37,324816.09,0,0
159,TRANSFER,930675.9,C1169611127,53033.0,0.0,C1845733126,626751.7,1557427.6,0,0
356,CASH_IN,231488.8,C1558042222,2455348.26,2686837.06,C1047013960,1116192.97,884704.17,0,0
204,PAYMENT,13473.86,C1589425754,28574.0,15100.14,M1417164828,0.0,0.0,0,0
370,CASH_OUT,115494.91,C186956127,641.0,0.0,C1004038224,4639.39,120134.31,0,0
154,PAYMENT,4194.93,C2028207501,14117.14,9922.21,M538630448,0.0,0.0,0,0
400,CASH_IN,88700.97,C1298619984,6533161.86,6621862.83,C1937956160,1357492.71,1268791.74,0,0
240,PAYMENT,45835.82,C2133282612,67403.56,21567.75,M1207734511,0.0,0.0,0,0
330,CASH_OUT,293165.38,C1820333588,0.0,0.0,C1921077103,3251050.94,3544216.32,0,0
20,CASH_IN,295210.56,C1767817654,539794.77,835005.33,C1899073220,11175404.45,10880193.88,0,0
252,CASH_OUT,145182.43,C1686042357,0.0,0.0,C2121162057,2927513.66,3072696.1,0,0
20,CASH_OUT,306764.88,C831854602,74768.0,0.0,C763424047,0.0,306764.88,0,0
355,PAYMENT,14347.55,C1071011897,0.0,0.0,M980453303,0.0,0.0,0,0
378,CASH_IN,331642.45,C1421016669,7881051.55,8212694.0,C1646942207,5529520.19,5197877.73,0,0
33,CASH_OUT,432206.44,C1187670628,0.0,0.0,C849981606,1599856.01,2032062.45,0,0
403,CASH_OUT,165143.21,C28775430,0.0,0.0,C800742710,2298847.05,2463990.26,0,0
402,CASH_IN,247145.13,C1174767994,21534.0,268679.13,C378432756,471663.72,224518.59,0,0
670,PAYMENT,15057.09,C382816236,0.0,0.0,M712614904,0.0,0.0,0,0
308,PAYMENT,9463.55,C2115616921,0.0,0.0,M184144011,0.0,0.0,0,0
229,PAYMENT,11343.99,C238343682,0.0,0.0,M1125747138,0.0,0.0,0,0
719,TRANSFER,119306.06,C1183843461,119306.06,0.0,C1830685403,0.0,0.0,1,0
212,CASH_OUT,174842.54,C1230762171,12227.0,0.0,C1539996411,0.0,174842.54,0,0
204,PAYMENT,7229.3,C637331883,1302320.34,1295091.05,M262091700,0.0,0.0,0,0
239,CASH_IN,169669.94,C589092644,3360903.32,3530573.26,C1726766832,2547881.07,2378211.13,0,0
211,PAYMENT,30638.51,C2072258196,0.0,0.0,M834580325,0.0,0.0,0,0
230,CASH_IN,314630.71,C66171230,101680.0,416310.71,C1748011169,205675.13,0.0,0,0
182,TRANSFER,123615.22,C274205685,5448.0,0.0,C202084655,41398.48,165013.7,0,0
306,PAYMENT,13256.61,C180445915,0.0,0.0,M1715273107,0.0,0.0,0,0
162,CASH_IN,189554.17,C1793008176,2091371.82,2280925.99,C605457974,388433.2,198879.03,0,0
274,CASH_OUT,188660.29,C342533659,12262.0,0.0,C4948713,0.0,188660.29,0,0
141,CASH_OUT,87646.32,C1195503097,0.0,0.0,C370241456,126207.56,213853.88,0,0
235,PAYMENT,13994.78,C225103766,0.0,0.0,M858002254,0.0,0.0,0,0
355,CASH_OUT,239129.35,C179560079,0.0,0.0,C1282573126,298269.76,537399.11,0,0
20,CASH_IN,56256.9,C98513329,10677.0,66933.9,C1099317230,1181453.41,1578165.4,0,0
283,PAYMENT,16469.84,C1967008548,46775.0,30305.16,M1919584411,0.0,0.0,0,0
329,PAYMENT,32942.9,C2012863029,0.0,0.0,M1031282360,0.0,0.0,0,0
353,PAYMENT,6681.07,C559233178,0.0,0.0,M902714132,0.0,0.0,0,0
203,DEBIT,1031.65,C103880128,120.0,0.0,C814315121,629817.88,630849.53,0,0
380,CASH_OUT,327087.35,C508959335,0.0,0.0,C134436183,1358631.63,1685718.98,0,0
155,CASH_IN,231391.94,C679013672,148541.0,379932.94,C51197981,0.0,0.0,0,0
255,PAYMENT,14759.81,C827940538,69363.0,54603.19,M511440341,0.0,0.0,0,0
209,CASH_IN,220160.39,C1350571965,20953.0,241113.39,C2021271965,0.0,0.0,0,0
309,PAYMENT,13432.59,C718387296,6027.0,0.0,M923542817,0.0,0.0,0,0
215,PAYMENT,39433.04,C1056262577,18922.7,0.0,M1337927224,0.0,0.0,0,0
17,CASH_OUT,219378.33,C488068000,427997.86,208619.53,C374788578,25601.05,244979.38,0,0
258,CASH_OUT,169347.11,C1164489849,335483.89,166136.78,C1219768504,393945.92,563293.04,0,0
8,CASH_OUT,7690.63,C1358597266,0.0,0.0,C265184085,22124.0,567756.32,0,0
186,PAYMENT,1248.43,C1477955137,0.0,0.0,M134331345,0.0,0.0,0,0
379,CASH_OUT,130853.34,C2001648152,21500.0,0.0,C161164320,967815.94,1098669.28,0,0
154,CASH_IN,2130.67,C1473901074,7553.0,9683.67,C757345238,7802067.71,7799937.04,0,0
137,CASH_IN,368219.6,C116728202,5982872.22,6351091.82,C394180280,12219022.37,11850802.77,0,0
349,CASH_OUT,99081.76,C2106647870,0.0,0.0,C970829361,798031.82,897113.58,0,0
41,PAYMENT,28855.33,C58504949,0.0,0.0,M1535615335,0.0,0.0,0,0
157,TRANSFER,1066460.15,C809673014,0.0,0.0,C787033725,12992370.66,14058830.81,0,0
37,CASH_OUT,232216.68,C1141996936,0.0,0.0,C357067600,823101.63,1055318.31,0,0
379,CASH_OUT,58126.73,C833651401,99588.0,41461.27,C807215768,58604.3,116731.03,0,0
259,CASH_OUT,93145.26,C2068231267,10253.0,0.0,C871553216,1119967.24,1213112.49,0,0
306,CASH_IN,352958.9,C1978374011,270515.42,623474.32,C1168066484,464772.56,111813.65,0,0
283,CASH_OUT,63515.38,C1676774005,1144.0,0.0,C172880640,0.0,63515.38,0,0
96,CASH_IN,278764.43,C2002378149,8313935.07,8592699.5,C997177319,684089.37,405324.94,0,0
155,TRANSFER,819657.13,C1054448659,4430.0,0.0,C675827819,0.0,819657.13,0,0
33,TRANSFER,184611.96,C1817214833,7540.0,0.0,C1548833119,3094374.55,3278986.5,0,0
8,PAYMENT,29903.57,C1026423908,0.0,0.0,M884033490,0.0,0.0,0,0
378,DEBIT,4667.0,C814463944,10384.0,5717.0,C1159441152,559911.53,564578.53,0,0
397,PAYMENT,25530.54,C1425990110,0.0,0.0,M1075338672,0.0,0.0,0,0
305,PAYMENT,17460.0,C1050039409,9580.0,0.0,M642699018,0.0,0.0,0,0
408,PAYMENT,16113.75,C82863259,638310.0,622196.25,M1996632774,0.0,0.0,0,0
44,PAYMENT,1738.25,C497573881,0.0,0.0,M1734503558,0.0,0.0,0,0
188,CASH_IN,70971.91,C1259090038,3866500.75,3937472.66,C1444872943,1149631.86,1078659.96,0,0
402,CASH_OUT,97914.42,C1842065560,83934.0,0.0,C289773621,1137653.56,1235567.98,0,0
1,PAYMENT,4058.66,C1428022141,287.0,0.0,M1861754673,0.0,0.0,0,0
234,CASH_OUT,126140.79,C1439552966,310797.0,184656.21,C1755217422,0.0,126140.79,0,0
34,PAYMENT,7444.14,C1574183055,2412.75,0.0,M1315668411,0.0,0.0,0,0
379,CASH_IN,109051.14,C2072510706,69410.0,178461.14,C942253889,36130.84,0.0,0,0
17,CASH_OUT,13042.68,C196467309,81938.0,68895.32,C1765692217,440344.07,453386.75,0,0
142,TRANSFER,273220.49,C304742288,0.0,0.0,C1543400715,2271114.76,2544335.25,0,0
284,CASH_IN,40598.56,C1459824227,43101.0,83699.56,C651863091,1032995.36,992396.8,0,0
186,DEBIT,1734.0,C962798699,50876.0,49142.0,C112539826,295359.67,297093.67,0,0
374,CASH_OUT,134753.94,C575163872,0.0,0.0,C1479434875,390058.79,524812.73,0,0
19,CASH_OUT,323131.17,C441921786,16367.0,0.0,C1833358283,0.0,443356.48,0,0
303,CASH_OUT,290507.12,C1767360312,2015.0,0.0,C415286934,38751.26,329258.38,0,0
40,CASH_IN,237810.47,C1095641653,29358677.25,29596487.71,C595183007,750834.61,513024.15,0,0
204,CASH_OUT,179218.08,C182885209,0.0,0.0,C1664620372,716232.72,895450.8,0,0
211,PAYMENT,6633.64,C853783524,0.0,0.0,M1288276474,0.0,0.0,0,0
138,CASH_OUT,158062.4,C1759180877,52289.0,0.0,C272150083,0.0,158062.4,0,0
285,CASH_OUT,100940.48,C451882581,0.0,0.0,C1359044626,4368784.23,4469724.71,0,0
138,TRANSFER,904101.15,C1909557971,739958.63,0.0,C942308585,4481367.06,5243168.77,0,0
213,PAYMENT,6363.08,C1355506075,59439.0,53075.92,M480313331,0.0,0.0,0,0
33,CASH_OUT,408188.02,C1803284593,72004.0,0.0,C102777718,1387670.98,1795859.0,0,0
379,CASH_IN,5235.79,C1131400933,6198034.34,6203270.13,C673308952,1511970.75,1506734.96,0,0
329,PAYMENT,6393.55,C2124365113,0.0,0.0,M778134662,0.0,0.0,0,0
277,CASH_IN,74039.98,C1085618166,486725.53,560765.51,C200951440,9639505.57,9565465.58,0,0
36,PAYMENT,4020.63,C817918932,0.0,0.0,M73808093,0.0,0.0,0,0
405,TRANSFER,194164.4,C2033335236,17455.17,0.0,C1969073115,631281.48,825445.88,0,0
567,CASH_OUT,323456.75,C1712658164,0.0,0.0,C869191258,122788756.07,123112212.82,0,0
157,PAYMENT,11286.23,C2008849182,30337.0,19050.77,M1699808886,0.0,0.0,0,0
332,PAYMENT,23892.23,C1959071140,74470.19,50577.96,M840864087,0.0,0.0,0,0
236,CASH_IN,127532.27,C170125077,3507859.6,3635391.86,C1135227996,641649.61,514117.34,0,0
286,CASH_OUT,17493.92,C1918569356,0.0,0.0,C58571307,3563131.19,3580625.1,0,0
308,CASH_OUT,65522.98,C335287426,0.0,0.0,C347043850,171573.1,237096.08,0,0
355,CASH_IN,213836.9,C1207903538,343700.19,557537.09,C1699619943,554927.38,341090.47,0,0
298,CASH_IN,343791.26,C641185997,9791647.02,10135438.29,C943304720,740979.58,397188.32,0,0
310,TRANSFER,308329.31,C1366434716,299011.0,0.0,C1146375608,0.0,308329.31,0,0
331,CASH_OUT,135650.37,C1547238674,0.0,0.0,C1244397596,141474.85,410318.01,0,0
431,PAYMENT,3642.46,C323840914,20877.0,17234.54,M751321996,0.0,0.0,0,0
520,CASH_OUT,271121.0,C1097795355,0.0,0.0,C160854792,2856174.22,3127295.22,0,0
137,CASH_OUT,76514.04,C1617823462,23035.0,0.0,C1309331738,10182.95,86696.99,0,0
705,TRANSFER,685535.37,C2030002380,63207.0,0.0,C1694704561,0.0,685535.37,0,0
304,CASH_OUT,9348.94,C52556429,12084.0,2735.06,C1229386158,0.0,9348.94,0,0
514,PAYMENT,6254.22,C188075366,0.0,0.0,M1535154643,0.0,0.0,0,0
255,CASH_OUT,125062.47,C849332060,0.0,0.0,C976380496,1394130.68,1519193.16,0,0
349,CASH_OUT,139455.91,C155981390,49790.0,0.0,C1962387677,0.0,139455.91,0,0
35,CASH_OUT,96547.02,C1679391610,0.0,0.0,C1919622702,3111021.5,3207568.52,0,0
403,CASH_IN,73695.58,C360201532,5411066.57,5484762.15,C1063734424,159779.49,86083.91,0,0
283,PAYMENT,26413.97,C1780127314,0.0,0.0,M819435648,0.0,0.0,0,0
119,CASH_IN,321291.06,C1537296091,1682820.65,2004111.71,C2014121842,505199.46,183908.4,0,0
134,CASH_OUT,87325.19,C1854197983,0.0,0.0,C877101089,524387.97,611713.16,0,0
274,TRANSFER,166925.85,C1878231028,0.0,0.0,C940034807,213435.62,698081.84,0,0
322,TRANSFER,1328519.73,C448410135,43227.0,0.0,C163358311,36633.48,1365153.21,0,0
260,PAYMENT,5879.05,C688295393,517.0,0.0,M635973717,0.0,0.0,0,0
239,CASH_IN,112969.45,C1516804502,8832152.81,8945122.25,C925396148,1725596.67,1612627.22,0,0
355,PAYMENT,16907.31,C105859658,36818.0,19910.69,M1618200253,0.0,0.0,0,0
353,CASH_OUT,339328.71,C1982257900,390.0,0.0,C701192473,28825.68,368154.39,0,0
158,CASH_IN,50020.61,C1565079157,15988140.04,16038160.65,C472399389,6674804.61,6624784.0,0,0
155,PAYMENT,9182.76,C75095199,0.0,0.0,M1093110077,0.0,0.0,0,0
348,CASH_IN,249178.78,C155512400,3578653.23,3827832.02,C384943221,1671104.08,1421925.3,0,0
205,CASH_OUT,212689.39,C1038109649,0.0,0.0,C775920456,286160.69,498850.09,0,0
181,CASH_OUT,543038.9,C2081172847,15387.0,0.0,C807312866,12617.23,555656.13,0,0
347,CASH_IN,200211.49,C732224835,31559.0,231770.49,C1474527993,1921382.01,1721170.52,0,0
42,PAYMENT,26117.3,C1794945045,128061.93,101944.64,M895824716,0.0,0.0,0,0
96,PAYMENT,2899.23,C1464400875,2567.0,0.0,M1817635705,0.0,0.0,0,0
188,CASH_OUT,17540.18,C1937544947,0.0,0.0,C1347276046,279753.54,261726.95,0,0
136,CASH_OUT,154001.96,C1742723605,0.0,0.0,C1307605840,1240425.63,1394427.59,0,0
181,CASH_OUT,224697.68,C712935862,5029.0,0.0,C249296123,396352.97,621050.65,0,0
395,CASH_OUT,135868.96,C1511182363,0.0,0.0,C1490959875,1358340.46,1494209.43,0,0
134,PAYMENT,17300.56,C1553788021,0.0,0.0,M595008529,0.0,0.0,0,0
13,PAYMENT,962.79,C476373940,0.0,0.0,M1590754803,0.0,0.0,0,0
372,CASH_OUT,589358.69,C2027919789,55047.0,0.0,C1572187076,1658249.36,2247608.05,0,0
9,CASH_IN,188516.03,C1840970128,2194639.53,2383155.56,C1088160255,1396777.56,1386919.72,0,0
210,CASH_IN,11361.59,C128901464,5702223.76,5713585.35,C943832506,4448449.66,4437088.07,0,0
259,CASH_OUT,85226.0,C503108363,0.0,0.0,C175552099,478981.36,600835.59,0,0
258,CASH_IN,152661.91,C1876752030,328869.89,481531.79,C223863245,2955922.1,2803260.19,0,0
331,PAYMENT,9671.82,C243914881,11549.0,1877.18,M314478138,0.0,0.0,0,0
400,CASH_IN,42959.75,C1405508814,8484779.9,8527739.65,C2097861133,285574.39,242614.64,0,0
304,CASH_OUT,103695.61,C397294943,361169.0,257473.39,C653422477,0.0,103695.61,0,0
298,CASH_IN,494154.98,C197522097,1809641.35,2303796.33,C121569473,5324259.82,4830104.84,0,0
160,TRANSFER,985097.01,C1123117986,0.0,0.0,C1512627801,2762143.86,3747240.87,0,0
540,CASH_OUT,144339.38,C791966764,129908.0,0.0,C881701298,0.0,144339.38,0,0
377,CASH_IN,112286.86,C240321044,843.0,113129.86,C786205527,0.0,0.0,0,0
277,PAYMENT,10784.68,C547152496,9059.0,0.0,M1647848125,0.0,0.0,0,0
38,CASH_IN,553056.83,C1259199255,3573244.03,4126300.86,C1000909769,2368935.55,1815878.72,0,0
139,CASH_OUT,181585.39,C2133260733,1042.0,0.0,C128660045,0.0,181585.39,0,0
376,CASH_IN,367296.28,C966389229,16861309.11,17228605.39,C67949510,1014031.64,646735.36,0,0
20,CASH_OUT,353794.79,C1829953176,0.0,0.0,C1107146140,3107584.44,3553245.86,0,0
402,CASH_OUT,55608.22,C1066272973,0.0,0.0,C1377460644,1300987.94,1356596.16,0,0
207,PAYMENT,9684.52,C1618437499,62604.0,52919.48,M1237646075,0.0,0.0,0,0
256,CASH_OUT,453678.27,C405760134,0.0,0.0,C785893568,5179930.53,5633608.8,0,0
285,CASH_IN,99851.2,C804883819,11805.0,111656.2,C862205074,691468.68,591617.48,0,0
139,TRANSFER,600914.6,C313955018,0.0,0.0,C1824834108,1413427.06,2014341.66,0,0
208,PAYMENT,6078.6,C951616639,105.0,0.0,M86566935,0.0,0.0,0,0
259,PAYMENT,3663.07,C350234075,88104.6,84441.53,M1562858356,0.0,0.0,0,0
661,PAYMENT,10152.07,C1778237875,29503.14,19351.07,M1734675822,0.0,0.0,0,0
132,CASH_OUT,112386.23,C1857329881,13584.0,0.0,C695552161,2124931.49,2237317.72,0,0
163,CASH_IN,106470.73,C1201531432,30929.0,137399.73,C124837092,889687.16,783216.43,0,0
404,PAYMENT,17957.35,C1906422511,0.0,0.0,M85110105,0.0,0.0,0,0
353,CASH_OUT,78849.45,C311755544,0.0,0.0,C1863483125,230533.7,309383.15,0,0
163,PAYMENT,201.63,C1092332345,246863.0,246661.37,M2025678553,0.0,0.0,0,0
395,CASH_IN,15605.02,C2096735527,1174588.21,1190193.23,C1599803040,658624.68,643019.66,0,0
283,PAYMENT,8007.13,C80997341,28251.0,20243.87,M1158163389,0.0,0.0,0,0
235,DEBIT,9885.0,C1072632664,35121.0,25236.0,C444884055,1178267.26,1188152.26,0,0
345,PAYMENT,7712.66,C53296877,0.0,0.0,M89219544,0.0,0.0,0,0
232,CASH_OUT,189119.06,C127377247,1374.0,0.0,C774496999,468801.04,657920.09,0,0
158,PAYMENT,8222.78,C2073023540,0.0,0.0,M1023635640,0.0,0.0,0,0
285,CASH_OUT,190958.39,C1049381189,0.0,0.0,C2131975258,1601368.23,1792326.61,0,0
383,CASH_OUT,324994.04,C961817724,0.0,0.0,C1827282161,594358.79,919352.83,0,0
189,CASH_IN,118514.46,C1934449111,31299.0,149813.46,C1905990569,0.0,0.0,0,0
378,PAYMENT,31539.25,C729199657,0.0,0.0,M543208038,0.0,0.0,0,0
403,PAYMENT,3119.79,C308018272,32341.0,29221.21,M553419764,0.0,0.0,0,0
371,PAYMENT,14997.33,C67338975,0.0,0.0,M1559272692,0.0,0.0,0,0
160,TRANSFER,831533.6,C1451119937,196680.13,0.0,C2096918216,1426485.02,2258018.62,0,0
691,CASH_OUT,163876.33,C623876937,730.0,0.0,C1993199596,79100.68,242977.01,0,0
19,CASH_OUT,134896.56,C820466689,48338.0,0.0,C1508071192,119838.47,254735.03,0,0
14,TRANSFER,323482.68,C202674119,0.0,0.0,C916221467,3753442.41,4076925.09,0,0
329,CASH_IN,139032.16,C1157594594,8942.0,147974.16,C346245398,622615.25,483583.1,0,0
358,PAYMENT,7722.9,C751876440,43908.4,36185.5,M769087111,0.0,0.0,0,0
180,PAYMENT,73632.94,C1051157837,5188.2,0.0,M1974059694,0.0,0.0,0,0
44,PAYMENT,589.49,C1601603320,0.0,0.0,M1446703475,0.0,0.0,0,0
227,PAYMENT,15528.6,C665545216,47642.79,32114.18,M539350027,0.0,0.0,0,0
329,CASH_OUT,180236.61,C1294600942,1155.0,0.0,C540469666,0.0,180236.61,0,0
225,CASH_OUT,292447.38,C1163384565,31328.0,0.0,C269062357,0.0,292447.38,0,0
157,PAYMENT,16427.68,C582303611,29463.0,13035.32,M638679758,0.0,0.0,0,0
276,CASH_IN,176171.96,C223831028,5884297.07,6060469.03,C1451704857,590847.37,414675.41,0,0
205,PAYMENT,7298.48,C1696197402,351937.32,344638.84,M460835332,0.0,0.0,0,0
396,CASH_IN,53409.72,C1859159413,628746.93,682156.64,C1990153979,227301.8,173892.08,0,0
646,TRANSFER,10000000.0,C590657619,50399045.08,40399045.08,C1971187430,0.0,0.0,1,0
252,CASH_OUT,263748.38,C1699794005,0.0,0.0,C1269981909,430778.17,597271.01,0,0
43,CASH_IN,185877.37,C153579238,645283.55,831160.92,C1759823341,3847077.71,3661200.35,0,0
162,CASH_OUT,25049.3,C1977846419,404595.0,379545.7,C116073869,252778.63,277827.93,0,0
323,CASH_OUT,95674.71,C992057643,1975.0,0.0,C109355485,54169.28,149843.98,0,0
400,CASH_OUT,625410.96,C2100038581,17418.0,0.0,C307776495,410418.76,1035829.72,0,0
238,CASH_OUT,182919.33,C1625682340,0.0,0.0,C1494255170,408521.79,591441.12,0,0
252,PAYMENT,4672.26,C1764337644,21763.21,17090.96,M1867712687,0.0,0.0,0,0
644,CASH_IN,195019.19,C777980681,1084477.13,1279496.32,C802661549,270215.12,75195.93,0,0
349,CASH_OUT,81416.19,C696805287,0.0,0.0,C1585675198,306471.94,387888.13,0,0
232,CASH_OUT,103824.77,C465798786,0.0,0.0,C2010233377,2544997.21,2648821.99,0,0
251,CASH_IN,240836.53,C278460590,2281918.41,2522754.94,C72375576,798659.91,557823.38,0,0
332,CASH_OUT,305698.91,C38746247,0.0,0.0,C1640070729,814593.8,1120292.7,0,0
322,PAYMENT,60088.65,C783096529,106265.0,46176.35,M999274943,0.0,0.0,0,0
694,CASH_IN,129376.84,C1598796398,7605127.47,7734504.32,C1151458934,3655497.65,3526120.8,0,0
298,CASH_OUT,362446.07,C1270074046,50751.0,0.0,C662836803,0.0,362446.07,0,0
40,CASH_IN,53093.71,C1383281448,10658.0,63751.71,C181911504,1072997.59,1019903.88,0,0
369,CASH_OUT,58171.45,C553831129,199863.0,141691.55,C232281494,1142692.69,1200864.14,0,0
252,PAYMENT,10062.49,C27533861,1152.0,0.0,M601475835,0.0,0.0,0,0
280,PAYMENT,13343.78,C1751296052,120453.22,107109.44,M314042553,0.0,0.0,0,0
285,CASH_OUT,104082.68,C480176227,0.0,0.0,C170759009,155259.42,259342.1,0,0
356,TRANSFER,229326.56,C1837722454,0.0,0.0,C320094480,3910697.99,4140024.54,0,0
406,PAYMENT,4500.01,C718295563,22326.0,17825.99,M142697466,0.0,0.0,0,0
345,CASH_IN,144858.13,C748396642,9418306.82,9563164.95,C758653144,25371914.4,25227056.26,0,0
252,PAYMENT,11057.48,C1571139237,358303.86,347246.38,M869157287,0.0,0.0,0,0
299,CASH_OUT,346623.96,C2082519400,51715.0,0.0,C752963325,414509.1,761133.06,0,0
11,CASH_OUT,228200.39,C170635678,50322.0,0.0,C1347324294,0.0,345111.15,0,0
399,CASH_IN,102476.93,C655002249,997174.39,1099651.33,C1562558337,14197492.58,14095015.65,0,0
686,PAYMENT,7527.09,C398670104,179268.23,171741.14,M619724250,0.0,0.0,0,0
18,CASH_OUT,170911.76,C1286597587,10620.0,0.0,C568419755,128971.0,5634028.7,0,0
131,CASH_IN,220669.74,C1306729750,7653513.79,7874183.53,C1545104995,1848097.23,1627427.49,0,0
34,CASH_OUT,105946.29,C2076478399,0.0,0.0,C1509004695,218979.8,324926.09,0,0
379,CASH_OUT,44884.59,C1264698582,10937.0,0.0,C1224350584,0.0,44884.59,0,0
369,CASH_OUT,289513.72,C465856199,0.0,0.0,C1384241375,21564681.7,21854195.42,0,0
140,CASH_IN,35326.18,C2024744626,4669537.0,4704863.18,C688666509,651911.28,616585.09,0,0
134,CASH_OUT,376018.21,C1087117774,86336.0,0.0,C894334204,51903.67,427921.87,0,0
395,PAYMENT,1406.23,C1366356125,10881.0,9474.77,M1334219100,0.0,0.0,0,0
349,CASH_IN,230643.29,C1371222037,2049.0,232692.29,C1268125811,1080704.68,850061.38,0,0
249,PAYMENT,11326.76,C2082030246,151141.68,139814.92,M255787890,0.0,0.0,0,0
16,TRANSFER,76963.78,C1195711023,6018.0,0.0,C126351739,213539.89,290503.66,0,0
332,CASH_OUT,62077.05,C1967786730,0.0,0.0,C1678878956,762997.59,825074.64,0,0
286,CASH_OUT,19929.13,C215212776,150907.0,130977.87,C781509214,0.0,19929.13,0,0
396,CASH_OUT,35912.19,C2108990907,136944.0,101031.81,C1506662757,819385.54,855297.72,0,0
260,TRANSFER,288923.51,C934652118,21333.0,0.0,C838604873,2325062.09,2613985.6,0,0
322,PAYMENT,22161.93,C1560531217,0.0,0.0,M899788738,0.0,0.0,0,0
328,PAYMENT,23003.34,C324899008,0.0,0.0,M241101404,0.0,0.0,0,0
330,CASH_OUT,147505.94,C72163924,0.0,0.0,C1848277787,4964426.83,5111932.76,0,0
212,CASH_OUT,83146.55,C1418247209,0.0,0.0,C570770016,1204149.96,1287296.51,0,0
130,CASH_IN,38826.35,C2054245515,160.0,38986.35,C1568348584,1127146.73,1088320.38,0,0
15,PAYMENT,6947.39,C968505496,86443.73,79496.33,M829188182,0.0,0.0,0,0
208,PAYMENT,119.26,C290960818,0.0,0.0,M2084696234,0.0,0.0,0,0
45,PAYMENT,2754.31,C515781242,51655.0,48900.69,M675088093,0.0,0.0,0,0
402,CASH_IN,156919.09,C399158381,0.0,156919.09,C506708945,587041.68,430122.59,0,0
544,CASH_IN,114058.0,C2023050595,62605.0,176663.0,C1668364112,550104.77,436046.78,0,0
185,CASH_IN,327652.36,C1547333701,21971.0,349623.36,C680707946,0.0,0.0,0,0
275,CASH_IN,25636.73,C616499346,5118.0,30754.73,C2135798594,805397.07,779760.34,0,0
18,CASH_OUT,130978.18,C1240878404,10586.0,0.0,C907833742,1383881.7,1514859.88,0,0
14,CASH_OUT,354099.67,C1610630306,0.0,0.0,C2675890,2119503.48,2473603.15,0,0
522,TRANSFER,3635328.11,C743822679,10436.0,0.0,C1534408959,273252.13,3908580.24,0,0
257,PAYMENT,13671.37,C1212079786,261042.0,247370.62,M1164258006,0.0,0.0,0,0
211,CASH_OUT,19876.21,C375687064,204133.0,184256.79,C204835186,174182.66,194058.87,0,0
225,CASH_OUT,423880.71,C167257210,0.0,0.0,C902525622,1009752.84,1433633.55,0,0
178,TRANSFER,4261191.99,C457927460,476647.0,0.0,C2006372337,446268.95,4834205.78,0,0
164,CASH_IN,88430.08,C1827988260,10754.0,99184.08,C371678085,8863.01,0.0,0,0
302,CASH_OUT,99754.42,C172582105,50575.0,0.0,C378203205,0.0,99754.42,0,0
307,CASH_IN,203545.53,C395959779,179.0,203724.53,C1241676878,0.0,0.0,0,0
540,CASH_IN,62853.24,C330894988,592624.07,655477.32,C1294879489,1755202.6,1692349.36,0,0
275,CASH_OUT,403183.22,C1074278208,0.0,0.0,C1536229134,11658612.13,12061795.35,0,0
371,CASH_IN,258075.2,C463418510,5050.0,263125.2,C306702821,1945985.87,1687910.67,0,0
135,TRANSFER,374978.53,C407271963,14528.0,0.0,C1813922009,4347870.69,4722849.22,0,0
401,PAYMENT,35421.89,C152662742,0.0,0.0,M2114605548,0.0,0.0,0,0
349,CASH_OUT,19824.24,C929440132,0.0,0.0,C1732742320,159579.46,179403.71,0,0
374,PAYMENT,4987.76,C1393586112,2261.0,0.0,M1596222014,0.0,0.0,0,0
185,CASH_OUT,65265.0,C1089076060,0.0,0.0,C2075609809,1140017.83,1205282.83,0,0
19,PAYMENT,4032.88,C376286246,0.0,0.0,M1855792872,0.0,0.0,0,0
356,TRANSFER,1599109.16,C1782131595,0.0,0.0,C1399590865,10866586.39,12465695.55,0,0
130,PAYMENT,19195.35,C1929879442,625607.92,606412.57,M741425123,0.0,0.0,0,0
396,CASH_IN,131595.78,C30141729,29703.0,161298.78,C2144306917,16468.39,0.0,0,0
226,CASH_IN,226451.52,C1375514484,7424895.72,7651347.24,C1258910665,488664.17,262212.64,0,0
228,CASH_IN,134638.77,C1086509881,70139.0,204777.77,C418363643,334342.87,199704.1,0,0
349,CASH_OUT,51337.17,C1997494121,0.0,0.0,C1954967909,238324.88,289662.05,0,0
18,PAYMENT,10469.19,C2140964050,0.0,0.0,M1951262173,0.0,0.0,0,0
133,CASH_IN,212663.92,C2118238063,4577.16,217241.08,C1484725608,2223179.14,2010515.22,0,0
305,TRANSFER,10000000.0,C799270384,8636.0,0.0,C886358010,38973.1,18975487.27,0,0
403,PAYMENT,8051.07,C562426221,170282.0,162230.93,M433115001,0.0,0.0,0,0
210,CASH_IN,272339.2,C1207357796,8328307.3,8600646.5,C839611037,560367.24,288028.04,0,0
352,TRANSFER,1797978.35,C1646197378,5740.0,0.0,C962797064,239560.84,2037539.19,0,0
232,CASH_IN,51267.07,C1037880071,31390.0,82657.07,C671296081,0.0,0.0,0,0
274,CASH_OUT,299668.94,C2033178251,101999.0,0.0,C1377190541,0.0,299668.94,0,0
48,CASH_IN,94226.59,C1750933411,8981667.7,9075894.3,C993344025,2253197.01,2158970.42,0,0
279,CASH_OUT,51750.53,C1605586885,106712.0,54961.47,C1024918695,2088.86,53839.39,0,0
404,CASH_OUT,26493.13,C735015306,11595.0,0.0,C938851345,0.0,26493.13,0,0
394,PAYMENT,5114.24,C627915881,0.0,0.0,M813312190,0.0,0.0,0,0
13,TRANSFER,1629546.94,C1559333907,0.0,0.0,C21062569,3099529.54,4729076.48,0,0
250,CASH_OUT,62724.73,C496344470,0.0,0.0,C1153625723,104193.21,166917.95,0,0
135,PAYMENT,12891.37,C2023775117,0.0,0.0,M1951955830,0.0,0.0,0,0
353,PAYMENT,14296.19,C534526841,816.47,0.0,M261088956,0.0,0.0,0,0
228,CASH_OUT,218580.82,C448995415,99728.0,0.0,C2035525206,3362174.16,3580754.97,0,0
17,PAYMENT,5608.38,C1904470419,100661.0,95052.62,M799176844,0.0,0.0,0,0
212,PAYMENT,1878.52,C1821537512,66484.5,64605.98,M1841775810,0.0,0.0,0,0
321,PAYMENT,6650.55,C1793484132,0.0,0.0,M1147598937,0.0,0.0,0,0
331,CASH_OUT,59187.2,C526476646,34984.52,0.0,C1249855176,771085.34,830272.54,0,0
333,PAYMENT,13523.08,C533843811,26674.0,13150.92,M1133929922,0.0,0.0,0,0
140,CASH_OUT,160617.68,C1442613551,0.0,0.0,C261336651,1617381.22,1834616.0,0,0
8,CASH_OUT,300953.76,C1835874324,0.0,0.0,C732470450,788047.91,1563966.08,0,0
301,CASH_IN,159300.16,C361911518,5048500.27,5207800.43,C1016188351,464693.19,305393.03,0,0
214,PAYMENT,29309.83,C727293542,0.0,0.0,M381069643,0.0,0.0,0,0
567,CASH_IN,69951.35,C121154844,3072038.66,3141990.01,C1733271749,745804.48,675853.13,0,0
11,CASH_OUT,376252.98,C1389744765,128994.55,0.0,C698185039,0.0,376252.98,0,0
307,CASH_IN,28570.23,C2067210087,5504.0,34074.23,C1771190979,3811616.65,3783046.42,0,0
38,PAYMENT,3625.43,C17158967,52015.0,48389.57,M1955955044,0.0,0.0,0,0
373,CASH_IN,256613.52,C71922500,150547.0,407160.52,C1843553958,0.0,0.0,0,0
133,CASH_OUT,107669.02,C1282533875,31431.0,0.0,C452750178,321673.63,552938.06,0,0
130,PAYMENT,4013.71,C2043138370,11563.0,7549.29,M1219220370,0.0,0.0,0,0
139,CASH_IN,190827.77,C450303593,22059.0,212886.77,C1154620103,967451.34,776623.56,0,0
588,CASH_OUT,24097.16,C2014358304,260741.0,236643.84,C794223688,0.0,24097.16,0,0
20,CASH_OUT,51439.4,C1704660546,83085.3,31645.9,C1798000184,23668.31,75107.71,0,0
187,CASH_IN,72901.49,C355469986,9698164.64,9771066.12,C1982515038,164692.85,91791.37,0,0
155,CASH_IN,320362.99,C919385093,9003692.23,9324055.22,C1198036475,2952683.74,2880695.36,0,0
258,TRANSFER,758502.11,C372202430,1005.0,0.0,C1758957391,105001.27,863503.38,0,0
132,PAYMENT,207.86,C1794099431,0.0,0.0,M1129176637,0.0,0.0,0,0
375,CASH_OUT,154838.74,C1143625358,215044.0,60205.26,C1148180697,62163.89,217002.63,0,0
163,CASH_IN,237200.31,C421168440,8121995.09,8359195.4,C1291925334,2159802.18,1982450.63,0,0
162,PAYMENT,13774.77,C1012504252,20772.0,6997.23,M1885650605,0.0,0.0,0,0
258,CASH_OUT,220020.02,C863253338,14943.0,0.0,C2095150069,0.0,220020.02,0,0
44,PAYMENT,8996.01,C1892152255,0.0,0.0,M828205129,0.0,0.0,0,0
135,PAYMENT,14433.65,C1008955506,252.0,0.0,M692928483,0.0,0.0,0,0
276,CASH_IN,113619.51,C591663889,4290336.17,4403955.68,C1954118455,287273.95,173654.44,0,0
9,CASH_IN,111232.4,C611300201,31396.0,142628.4,C1001582807,0.0,0.0,0,0
93,CASH_IN,134890.93,C1926572880,2973705.98,3108596.91,C842984696,7171550.36,7036659.43,0,0
17,CASH_OUT,143808.21,C810409378,9679.0,0.0,C958191492,221213.76,365021.98,0,0
379,CASH_OUT,93453.03,C1704081129,0.0,0.0,C1911222122,7970800.89,8064253.92,0,0
306,CASH_OUT,50943.68,C1636534624,21165.0,0.0,C1510047377,72725.57,123669.25,0,0
40,PAYMENT,31953.59,C2116803886,0.0,0.0,M855063442,0.0,0.0,0,0
183,PAYMENT,19200.96,C1004616411,0.0,0.0,M804608424,0.0,0.0,0,0
534,PAYMENT,7008.46,C1230253160,0.0,0.0,M1254385413,0.0,0.0,0,0
136,CASH_OUT,141522.39,C1845381990,50089.0,0.0,C866828678,14448.52,155970.91,0,0
183,PAYMENT,5996.96,C2025777155,0.0,0.0,M1713066215,0.0,0.0,0,0
15,PAYMENT,12867.89,C1320263341,1570.34,0.0,M433555412,0.0,0.0,0,0
332,CASH_OUT,20522.75,C1366639452,11677.0,0.0,C7042470,94360.21,114882.96,0,0
399,CASH_IN,99977.19,C1793852259,3058233.84,3158211.02,C2108171676,9711557.78,9611580.6,0,0
522,CASH_IN,302997.92,C2115092484,178.0,303175.92,C755667329,359724.49,56726.56,0,0
227,PAYMENT,30459.79,C1324913657,74715.0,44255.21,M1803175193,0.0,0.0,0,0
138,CASH_OUT,8581.16,C898028389,9922.0,1340.84,C919532767,939546.37,948127.52,0,0
550,CASH_OUT,158257.86,C947708566,0.0,0.0,C1239368929,459559.99,617817.85,0,0
226,PAYMENT,7624.92,C1954661441,753.0,0.0,M863452032,0.0,0.0,0,0
308,CASH_IN,208330.98,C1715577044,7151118.13,7359449.12,C1772589713,979500.2,771169.22,0,0
135,TRANSFER,165223.67,C164183718,41304.0,0.0,C368965731,128998.29,294221.96,0,0
401,PAYMENT,9516.45,C412470237,0.0,0.0,M512833960,0.0,0.0,0,0
137,TRANSFER,871921.96,C2029589203,9286.0,0.0,C48108862,545701.68,1417623.64,0,0
207,CASH_IN,153580.02,C367853123,4752590.7,4906170.72,C1498111038,1835499.06,1681919.04,0,0
254,CASH_IN,15099.58,C303705527,675146.46,690246.04,C1565781533,156672.02,141572.44,0,0
250,CASH_OUT,328917.05,C771466232,14628.0,0.0,C524768741,0.0,328917.05,0,0
161,CASH_IN,190534.99,C1755290509,4261075.55,4451610.54,C1250461309,1279825.94,1239572.71,0,0
381,PAYMENT,1023.02,C1280046569,39172.0,38148.98,M683913594,0.0,0.0,0,0
309,CASH_IN,15066.88,C73307081,50349.0,65415.88,C576371103,2038769.64,2023702.75,0,0
260,CASH_OUT,173760.99,C2003591076,10284.0,0.0,C1981755233,56696.22,230457.21,0,0
140,CASH_OUT,144812.08,C2054177661,0.0,0.0,C2098475020,498662.09,643474.17,0,0
283,CASH_IN,30992.79,C785967410,68617.0,99609.79,C486021886,7337.49,0.0,0,0
281,CASH_IN,136883.77,C1953950371,7441.0,144324.77,C752050072,191333.92,54450.15,0,0
374,CASH_OUT,18715.89,C1692477925,0.0,0.0,C50284383,230227.5,248943.39,0,0
614,PAYMENT,7257.13,C1762532623,8731.56,1474.42,M1611396556,0.0,0.0,0,0
19,PAYMENT,6676.99,C583139939,49134.0,42457.01,M1749867605,0.0,0.0,0,0
349,CASH_IN,78580.84,C38022674,20153.0,98733.84,C2024088449,9718105.54,9639524.7,0,0
18,PAYMENT,5031.34,C1801235405,203108.56,198077.22,M1111799310,0.0,0.0,0,0
397,PAYMENT,5248.09,C79048684,0.0,0.0,M1475706987,0.0,0.0,0,0
13,PAYMENT,9081.19,C849982581,0.0,0.0,M673157543,0.0,0.0,0,0
405,TRANSFER,322448.23,C1993494921,19422.38,0.0,C1379119775,1580332.38,1902780.61,0,0
474,CASH_IN,187415.34,C558458064,7600160.0,7787575.34,C1427162713,470939.5,283524.16,0,0
179,PAYMENT,7357.23,C1208853041,0.0,0.0,M557966566,0.0,0.0,0,0
17,PAYMENT,161.07,C235831867,0.0,0.0,M600189165,0.0,0.0,0,0
397,TRANSFER,1036107.12,C503444263,0.0,0.0,C1272804321,1240890.9,2276998.03,0,0
330,CASH_OUT,145058.09,C431403083,260413.0,115354.91,C1924891893,38746.56,183804.65,0,0
589,CASH_OUT,73015.95,C2100201387,0.0,0.0,C1640045503,353631.07,426647.02,0,0
22,TRANSFER,648538.63,C528505907,0.0,0.0,C1435322011,683159.23,1331697.86,0,0
401,CASH_IN,69645.69,C1357097922,10799971.98,10869617.67,C2047415200,180811.77,111166.08,0,0
402,CASH_OUT,149888.08,C1136346675,25041.0,0.0,C174141823,1831212.38,1981100.46,0,0
134,CASH_OUT,99404.92,C1113392164,29246.0,0.0,C1309388509,9595788.83,9695193.75,0,0
33,CASH_OUT,261655.99,C583356616,0.0,0.0,C1382670516,1452206.63,3165561.1,0,0
20,CASH_IN,312702.65,C2060440059,33912.0,346614.65,C630500840,918237.86,605535.21,0,0
308,PAYMENT,4727.81,C1492827099,35143.0,30415.19,M1996151412,0.0,0.0,0,0
346,TRANSFER,219793.99,C177772380,0.0,0.0,C921415643,292952.48,512746.48,0,0
376,CASH_OUT,76299.64,C1199499489,557525.0,481225.36,C899002516,237612.05,313911.69,0,0
347,PAYMENT,22461.92,C1504303619,654.0,0.0,M1608764443,0.0,0.0,0,0
18,CASH_OUT,138530.32,C1911265134,0.0,0.0,C453125272,463010.04,648328.88,0,0
131,CASH_OUT,41258.44,C541739961,10258.0,0.0,C347282516,0.0,41258.44,0,0
179,CASH_IN,360060.8,C1857521484,13727535.05,14087595.86,C1193816683,1800384.77,1440323.97,0,0
283,CASH_IN,58573.0,C1497046321,727.0,59300.0,C933211465,87955.08,29382.08,0,0
20,CASH_OUT,42084.47,C584934509,0.0,0.0,C618786461,3061146.63,3103231.11,0,0
131,CASH_OUT,456035.79,C14113702,0.0,0.0,C276448939,1380169.18,1836204.96,0,0
397,PAYMENT,8966.02,C1129898662,0.0,0.0,M1442248707,0.0,0.0,0,0
376,TRANSFER,6024045.86,C760667181,51260.0,0.0,C370190822,0.0,6024045.86,0,0
420,CASH_OUT,47516.92,C97300251,301785.0,254268.08,C347777839,3037973.56,3085490.48,0,0
186,CASH_IN,206114.22,C254904831,29761.0,235875.22,C708514605,2386277.01,2180162.79,0,0
38,CASH_IN,457627.91,C247484304,505742.0,963369.91,C481199409,465073.63,7445.72,0,0
191,CASH_IN,380061.09,C505832365,15189116.96,15569178.05,C1174545131,2578723.95,2198662.86,0,0
131,CASH_OUT,182015.78,C933001728,29796.0,0.0,C1742072342,250705.63,432721.42,0,0
251,CASH_OUT,124294.16,C2099823680,0.0,0.0,C319971701,1509248.82,1633542.98,0,0
400,CASH_IN,147594.09,C732291426,5465248.62,5612842.7,C1740025227,592210.77,444616.69,0,0
303,CASH_IN,41088.99,C573637279,9863197.57,9904286.56,C962742583,1373483.74,1332394.75,0,0
130,CASH_IN,65904.26,C958663017,2204310.87,2270215.13,C2072618534,101077.29,35173.03,0,0
159,CASH_OUT,125016.62,C1013325455,51250.0,0.0,C621833263,121864.0,246880.62,0,0
327,PAYMENT,24919.04,C1308925776,0.0,0.0,M892735353,0.0,0.0,0,0
402,CASH_OUT,18585.72,C420086386,8681.0,0.0,C1147338662,0.0,18585.72,0,0
284,CASH_OUT,131990.94,C1799196295,41973.0,0.0,C808896031,201054.94,333045.88,0,0
310,PAYMENT,26998.0,C1966443559,6561.89,0.0,M540410883,0.0,0.0,0,0
203,CASH_OUT,184542.38,C1008028130,0.0,0.0,C2093608590,516524.37,701066.75,0,0
162,CASH_OUT,155502.94,C1282632315,0.0,0.0,C919382089,657953.67,813456.6,0,0
180,CASH_OUT,446696.05,C67114028,0.0,0.0,C1268745115,4962467.09,5409163.14,0,0
354,CASH_OUT,38430.86,C2096093235,5004.0,0.0,C1513569609,969258.37,1007689.24,0,0
33,CASH_OUT,141116.06,C824614128,0.0,0.0,C1474411656,3557910.02,3699026.07,0,0
226,CASH_OUT,298246.58,C256531599,0.0,0.0,C1430950943,1283507.79,1581754.37,0,0
251,CASH_OUT,86961.06,C566308760,506405.0,419443.94,C1451019763,73709.9,160670.96,0,0
381,CASH_OUT,136301.9,C1014566620,240416.85,104114.94,C722270827,534847.73,671149.64,0,0
38,PAYMENT,6269.41,C2090666731,1364.0,0.0,M105608788,0.0,0.0,0,0
261,TRANSFER,237259.8,C1829900629,0.0,0.0,C209425075,470832.72,708092.52,0,0
299,CASH_OUT,66429.79,C639256735,0.0,0.0,C168681798,298886.32,365316.11,0,0
33,PAYMENT,27316.3,C317258570,0.0,0.0,M528189434,0.0,0.0,0,0
234,CASH_OUT,105883.4,C659519221,94749.0,0.0,C106173952,116506.39,222389.79,0,0
406,CASH_OUT,42559.89,C1260311049,0.0,0.0,C1040798333,91562.64,134122.54,0,0
9,CASH_IN,6168.28,C1261471133,16212.0,22380.28,C632283006,304726.46,412976.61,0,0
393,PAYMENT,24909.61,C2129353834,0.0,0.0,M1092823802,0.0,0.0,0,0
34,CASH_OUT,109976.33,C42722061,12859.0,0.0,C270981381,1568375.92,1614119.02,0,0
206,CASH_OUT,58586.23,C1179365886,0.0,0.0,C1756830572,2518815.27,2577401.5,0,0
21,DEBIT,5970.93,C471642638,36220.55,30249.62,C1606021520,750275.35,756246.28,0,0
94,CASH_IN,208760.52,C1322756735,1675692.08,1884452.6,C2096497148,1320480.75,1111720.23,0,0
352,TRANSFER,56431.57,C1786088592,0.0,0.0,C739584040,1025402.11,1081833.68,0,0
141,CASH_OUT,152147.83,C21652309,0.0,0.0,C489712935,7498255.95,7650403.77,0,0
308,CASH_OUT,78489.41,C1459559539,17379.0,0.0,C1031166308,0.0,78489.41,0,0
154,CASH_OUT,120480.86,C1752360461,0.0,0.0,C388527639,5707284.58,5827765.45,0,0
397,CASH_OUT,318074.58,C1795938665,105228.0,0.0,C1513256583,3110782.26,3428856.85,0,0
384,CASH_OUT,750834.82,C361007253,0.0,0.0,C237818469,824145.06,1574979.88,0,0
404,CASH_OUT,147191.51,C129939300,0.0,0.0,C65235075,752306.67,899498.18,0,0
325,CASH_IN,608797.65,C1165003038,5172456.83,5781254.48,C299683763,648481.51,39683.86,0,0
131,PAYMENT,18287.33,C135735934,79419.0,61131.67,M560116195,0.0,0.0,0,0
161,PAYMENT,4961.11,C841374002,11383.0,6421.89,M1944157321,0.0,0.0,0,0
159,TRANSFER,505816.32,C1675412111,0.0,0.0,C211479016,14892003.54,15397819.85,0,0
180,CASH_OUT,101939.19,C105252446,0.0,0.0,C1364081750,145958.11,247897.3,0,0
599,TRANSFER,447153.74,C1871843237,0.0,0.0,C873145314,2061287.8,2508441.54,0,0
379,CASH_OUT,260938.02,C447892330,0.0,0.0,C2012634616,3778439.32,4039377.34,0,0
185,TRANSFER,313671.43,C672407637,0.0,0.0,C1300685932,394784.25,708455.68,0,0
227,TRANSFER,1109127.25,C1892355121,0.0,0.0,C722665576,1373175.17,2482302.42,0,0
395,CASH_OUT,334431.99,C275735723,0.0,0.0,C1304631893,1080619.27,1415051.26,0,0
396,CASH_IN,74747.46,C1580222095,17472.0,92219.46,C696835640,345618.78,270871.32,0,0
346,CASH_OUT,177432.15,C1090405321,32435.0,0.0,C1618500889,0.0,177432.15,0,0
15,PAYMENT,685.79,C850186603,31506.0,30820.21,M1767350333,0.0,0.0,0,0
327,PAYMENT,18702.79,C423679532,10910.0,0.0,M1704985085,0.0,0.0,0,0
281,CASH_OUT,144388.16,C1845449550,7672.0,0.0,C1917276936,0.0,144388.16,0,0
44,CASH_OUT,189660.83,C1250607065,1339.0,0.0,C216006764,105442.09,295102.92,0,0
323,CASH_OUT,385880.34,C1256828931,34226.0,0.0,C2043812538,0.0,385880.34,0,0
12,CASH_OUT,155580.76,C323707733,146.0,0.0,C1518900791,0.0,281816.53,0,0
45,CASH_OUT,29278.74,C12749674,101466.0,72187.26,C23336974,40987.0,0.0,0,0
257,PAYMENT,5958.28,C1449795570,220177.93,214219.65,M865236916,0.0,0.0,0,0
402,TRANSFER,1430941.6,C123934444,0.0,0.0,C1681240662,4554891.39,5985832.99,0,0
18,CASH_OUT,114814.07,C944436684,0.0,0.0,C1775250291,328228.98,397480.75,0,0
476,CASH_IN,301298.88,C857506182,4039298.67,4340597.55,C775406200,677234.69,375935.81,0,0
203,PAYMENT,343.92,C204684060,319406.23,319062.31,M629002589,0.0,0.0,0,0
236,CASH_OUT,11603.79,C30354939,0.0,0.0,C1838590235,293293.89,304897.68,0,0
161,CASH_OUT,352154.5,C844645680,72.0,0.0,C415218706,235416.96,587571.45,0,0
236,CASH_IN,95725.33,C388100114,6698302.36,6794027.68,C981824867,946569.33,850844.01,0,0
253,PAYMENT,16419.67,C1476492637,0.0,0.0,M1116750480,0.0,0.0,0,0
36,CASH_IN,38198.44,C2109127249,9603336.54,9641534.98,C711258854,322577.7,284379.25,0,0
186,TRANSFER,142940.04,C818816354,0.0,0.0,C982845623,505130.22,648070.27,0,0
42,PAYMENT,5689.08,C1518199693,100422.27,94733.19,M1996548683,0.0,0.0,0,0
237,PAYMENT,1313.63,C972045390,428546.84,427233.21,M1148585728,0.0,0.0,0,0
19,CASH_OUT,9588.73,C1047682550,0.0,0.0,C1192350818,1968307.63,1977896.36,0,0
399,PAYMENT,16721.87,C516479752,244652.65,227930.77,M530033798,0.0,0.0,0,0
351,TRANSFER,609970.3,C1600816202,0.0,0.0,C1715875758,2344065.7,2954036.0,0,0
16,PAYMENT,29604.32,C1108303288,156598.0,126993.68,M211146872,0.0,0.0,0,0
183,CASH_IN,50868.38,C1204463922,1775474.97,1826343.35,C1518531239,2077756.84,2026888.46,0,0
356,CASH_IN,23352.73,C1277845367,10773.0,34125.73,C1182884430,161531.6,138178.87,0,0
236,CASH_IN,115055.82,C1881964127,12559012.31,12674068.13,C33643851,3393093.86,3278038.04,0,0
325,CASH_OUT,98416.52,C1789314548,103901.0,5484.48,C1251247993,0.0,98416.52,0,0
15,CASH_OUT,476453.17,C1002874892,31973.0,0.0,C1055016558,1120118.99,2012529.26,0,0
379,CASH_OUT,95537.95,C892899198,29707.0,0.0,C806501073,0.0,95537.95,0,0
331,TRANSFER,814177.77,C873472894,224196.8,0.0,C2119388837,4854292.51,5668470.28,0,0
130,CASH_OUT,48183.44,C1974395629,19727.0,0.0,C1260814290,3967.89,52151.33,0,0
14,PAYMENT,6355.19,C1471404294,29559.0,23203.81,M2133152444,0.0,0.0,0,0
9,PAYMENT,24668.53,C1644739902,764452.0,739783.47,M853289131,0.0,0.0,0,0
208,CASH_OUT,44971.88,C485274031,21350.0,0.0,C1483579138,216907.49,261879.37,0,0
19,PAYMENT,28130.74,C1007206076,30201.0,2070.26,M98823103,0.0,0.0,0,0
375,CASH_OUT,181949.17,C105087838,0.0,0.0,C1251948843,938198.4,1120147.57,0,0
306,CASH_OUT,100739.99,C619370756,24.29,0.0,C859033604,273270.8,374010.78,0,0
351,CASH_OUT,177496.48,C2084224763,0.0,0.0,C1516690340,562451.98,739948.46,0,0
160,PAYMENT,1598.63,C1782689538,0.0,0.0,M1016199883,0.0,0.0,0,0
397,CASH_OUT,126492.34,C597268253,694935.0,568442.66,C80596480,965128.68,1091621.03,0,0
38,PAYMENT,698.14,C602871048,0.0,0.0,M1963127542,0.0,0.0,0,0
138,CASH_IN,278424.73,C2015055188,214537.0,492961.73,C1262414993,159920.42,0.0,0,0
278,CASH_IN,10727.52,C776894525,4243841.26,4254568.79,C47057213,15597.19,4869.66,0,0
170,PAYMENT,2687.12,C871674344,101523.0,98835.88,M1985932510,0.0,0.0,0,0
356,CASH_IN,38371.08,C242199809,9920.0,48291.08,C1872952545,2700725.71,2662354.63,0,0
375,CASH_IN,227850.46,C1584662427,70271.0,298121.46,C1244170298,4402092.36,4174241.91,0,0
181,PAYMENT,271.89,C1993606899,0.0,0.0,M2102817154,0.0,0.0,0,0
203,PAYMENT,3943.55,C1861808351,0.0,0.0,M1645058620,0.0,0.0,0,0
233,PAYMENT,5933.79,C922180890,12033.0,6099.21,M1593884782,0.0,0.0,0,0
403,PAYMENT,3787.23,C438840690,131515.0,127727.77,M63369502,0.0,0.0,0,0
351,TRANSFER,2097303.02,C506872428,21403.0,0.0,C1771842535,7163264.56,9260567.57,0,0
278,CASH_OUT,553072.86,C848392333,0.0,0.0,C1034892282,1446105.09,1999177.95,0,0
234,CASH_OUT,95976.0,C1476427702,0.0,0.0,C542751816,3131468.25,3227444.25,0,0
188,CASH_OUT,81838.26,C950283240,0.0,0.0,C1041359496,1472104.33,1553942.59,0,0
137,CASH_OUT,230300.46,C1393626241,6072.0,0.0,C1498391408,3204223.82,3434524.28,0,0
351,CASH_OUT,177318.03,C1911865149,0.0,0.0,C624091328,427609.54,604927.57,0,0
231,CASH_OUT,155397.11,C324356699,105778.0,0.0,C1511217786,1427048.99,1582446.1,0,0
177,CASH_OUT,536179.21,C953970521,0.0,0.0,C946805111,788835.15,1325014.35,0,0
283,PAYMENT,5174.15,C257230475,41.0,0.0,M1170901852,0.0,0.0,0,0
278,PAYMENT,9630.13,C1718860317,202683.0,193052.87,M33542870,0.0,0.0,0,0
275,PAYMENT,21840.61,C842925205,0.0,0.0,M321844,0.0,0.0,0,0
133,CASH_IN,133490.35,C878869212,495913.0,629403.35,C464475162,0.0,0.0,0,0
166,CASH_OUT,95069.55,C637342968,10967.0,0.0,C106836607,10458632.62,10553702.17,0,0
22,PAYMENT,8067.35,C39800784,200410.0,192342.65,M1269905569,0.0,0.0,0,0
34,TRANSFER,286244.33,C30436866,29645.0,0.0,C1811353338,0.0,85893.73,0,0
328,CASH_OUT,319718.12,C556387157,13415.0,0.0,C1130796436,225912.48,545630.6,0,0
138,PAYMENT,31685.0,C882981262,75136.0,43451.0,M851596661,0.0,0.0,0,0
204,TRANSFER,354024.75,C1252062935,4104.0,0.0,C579187727,458250.78,693282.99,0,0
346,PAYMENT,17008.73,C1721294860,4615.0,0.0,M104442681,0.0,0.0,0,0
309,CASH_OUT,129945.0,C333906263,0.0,0.0,C1351204162,166206.7,296151.7,0,0
182,PAYMENT,1156.62,C693450552,382955.85,381799.23,M117079572,0.0,0.0,0,0
33,PAYMENT,6080.6,C997397584,103862.0,97781.4,M492198206,0.0,0.0,0,0
179,PAYMENT,6545.46,C522395656,0.0,0.0,M1761401238,0.0,0.0,0,0
9,PAYMENT,9969.93,C1543659930,0.0,0.0,M17368157,0.0,0.0,0,0
322,CASH_IN,88337.62,C1529677001,4044877.06,4133214.69,C1214534057,844351.59,756013.97,0,0
17,CASH_IN,143982.18,C2071316110,3876205.89,4020188.07,C505672509,8394849.51,8250867.32,0,0
17,CASH_IN,79996.95,C1552121248,17565201.52,17645198.47,C1919754720,199820.0,119823.05,0,0
154,CASH_IN,174365.47,C1729751643,1640296.61,1814662.07,C275925618,1032106.05,857740.58,0,0
10,CASH_OUT,253683.6,C478814447,21423.0,0.0,C1134701218,5893916.67,6083997.09,0,0
333,CASH_IN,228055.23,C1975767041,8288881.84,8516937.07,C392559566,1506622.68,1278567.45,0,0
181,PAYMENT,25748.98,C447094932,42269.0,16520.02,M767629657,0.0,0.0,0,0
44,PAYMENT,4782.05,C1737916294,210816.0,206033.95,M139796903,0.0,0.0,0,0
544,TRANSFER,934113.65,C2043223738,50202.0,0.0,C888959026,20018.9,954132.55,0,0
158,PAYMENT,1918.61,C1031599206,33699.0,31780.39,M305647365,0.0,0.0,0,0
259,PAYMENT,1040.5,C1846567367,0.0,0.0,M1577836738,0.0,0.0,0,0
378,CASH_IN,235928.07,C1611476385,2829281.05,3065209.12,C279226518,478435.62,242507.54,0,0
574,CASH_IN,236520.37,C2055434509,1772113.82,2008634.19,C1974821766,696934.37,460414.0,0,0
41,TRANSFER,717379.26,C1536098850,0.0,0.0,C1911271565,2159084.75,2876464.01,0,0
136,PAYMENT,21617.79,C947540102,53175.0,31557.21,M1391250692,0.0,0.0,0,0
137,CASH_OUT,420662.67,C2123061508,0.0,0.0,C1738383463,836924.99,1257587.67,0,0
208,TRANSFER,4815187.09,C2041567241,4815187.09,0.0,C2093303821,0.0,0.0,1,0
257,CASH_OUT,157304.08,C82638574,0.0,0.0,C219361713,186783.46,344087.54,0,0
188,PAYMENT,10998.53,C1879588199,213479.04,202480.51,M1458992477,0.0,0.0,0,0
178,PAYMENT,6208.52,C276047493,14921.0,8712.48,M1001873898,0.0,0.0,0,0
255,CASH_IN,25410.6,C1584376948,48484.0,73894.6,C1274277668,265920.44,240509.84,0,0
252,CASH_OUT,302279.08,C315137519,102959.0,0.0,C683681734,0.0,302279.08,0,0
154,TRANSFER,504446.84,C821168503,135999.68,0.0,C1839663796,633914.15,1138360.99,0,0
42,PAYMENT,16434.56,C119956158,4456.0,0.0,M1408602856,0.0,0.0,0,0
610,CASH_OUT,53202.53,C1417302447,15214.22,0.0,C1934020475,1604917.13,1658119.65,0,0
254,PAYMENT,4723.42,C894051662,428.0,0.0,M1817301099,0.0,0.0,0,0
202,PAYMENT,15723.1,C2080637072,0.0,0.0,M2081398627,0.0,0.0,0,0
304,PAYMENT,30151.06,C1313541929,38848.0,8696.94,M317214394,0.0,0.0,0,0
10,PAYMENT,1269.11,C1936270754,63908.33,62639.22,M765209732,0.0,0.0,0,0
552,CASH_IN,308317.67,C1414172484,9674629.59,9982947.26,C455905883,1085908.11,777590.43,0,0
208,PAYMENT,2822.62,C1627594857,3057.01,234.39,M1547749772,0.0,0.0,0,0
255,TRANSFER,81903.76,C1883013538,3038.0,0.0,C1558445774,72325.75,154229.51,0,0
403,CASH_OUT,19921.68,C441275104,517.0,0.0,C720594311,0.0,19921.68,0,0
210,PAYMENT,2001.06,C1632865691,300.0,0.0,M946401925,0.0,0.0,0,0
261,PAYMENT,4291.01,C1817334508,14596.0,10304.99,M922113143,0.0,0.0,0,0
44,CASH_IN,406766.45,C23971922,6631602.33,7038368.78,C1069131391,4690341.65,4283575.2,0,0
17,PAYMENT,1799.06,C2090157797,104359.0,102559.94,M702562885,0.0,0.0,0,0
132,PAYMENT,5727.13,C1969607385,29771.0,24043.87,M429813316,0.0,0.0,0,0
155,PAYMENT,14689.46,C747444389,0.0,0.0,M1144641814,0.0,0.0,0,0
345,CASH_OUT,2654.17,C866813440,5107.0,2452.83,C1037647046,397840.1,400494.27,0,0
305,CASH_IN,84511.02,C3517981,5816233.49,5900744.5,C670072420,614403.53,529892.51,0,0
353,CASH_OUT,22784.03,C2089754925,2947.0,0.0,C1712912941,3360886.61,3383670.64,0,0
261,PAYMENT,1257.86,C407968133,31127.0,29869.14,M1504573852,0.0,0.0,0,0
406,CASH_OUT,106596.14,C1914252459,106596.14,0.0,C107263754,0.0,106596.14,1,0
276,CASH_IN,38112.33,C559408636,2367889.95,2406002.28,C501366854,129093.71,90981.38,0,0
356,TRANSFER,68307.81,C880819134,26727.0,0.0,C1926042387,0.0,68307.81,0,0
188,CASH_OUT,18785.37,C353844580,16225.0,0.0,C1741115613,0.0,18785.37,0,0
403,CASH_IN,17737.13,C146898040,5695882.06,5713619.19,C173252764,1500075.94,1482338.81,0,0
38,PAYMENT,14000.98,C1995025602,98392.0,84391.02,M473137972,0.0,0.0,0,0
184,CASH_IN,57715.23,C1320718411,10467005.4,10524720.63,C700732977,72941.48,15226.25,0,0
299,PAYMENT,9710.48,C1037794989,35312.0,25601.52,M463170398,0.0,0.0,0,0
18,CASH_OUT,2193.86,C1886160829,0.0,0.0,C2099394704,93848.46,96042.32,0,0
374,CASH_OUT,53691.45,C823854785,16078.0,0.0,C1439006466,356865.14,410556.58,0,0
405,CASH_OUT,114480.31,C297705155,161538.0,47057.69,C1988317333,77749.47,192229.78,0,0
334,CASH_OUT,181026.15,C1291170217,100193.0,0.0,C1339926074,1199526.59,1380552.74,0,0
282,PAYMENT,10054.33,C1227394802,0.0,0.0,M2114184555,0.0,0.0,0,0
232,PAYMENT,9912.55,C724284525,20139.0,10226.45,M688414625,0.0,0.0,0,0
213,PAYMENT,40176.51,C1368724042,10047.07,0.0,M1343343117,0.0,0.0,0,0
156,TRANSFER,771429.68,C818727431,21984.0,0.0,C1022132100,0.0,771429.68,0,0
14,PAYMENT,19784.06,C1305546317,369050.58,349266.52,M2078118718,0.0,0.0,0,0
163,CASH_OUT,115397.96,C277912789,370.0,0.0,C891166514,0.0,115397.96,0,0
297,PAYMENT,50024.42,C2144073157,21102.0,0.0,M1206861234,0.0,0.0,0,0
42,PAYMENT,3293.22,C1865328922,768639.0,765345.78,M1513057316,0.0,0.0,0,0
132,CASH_IN,335487.38,C1826068600,21395.0,356882.38,C1406026215,638716.26,303228.87,0,0
278,CASH_OUT,155760.84,C483384145,0.0,0.0,C496820462,1042981.62,1198742.46,0,0
139,CASH_OUT,7259.26,C763857919,61777.0,54517.74,C678630760,0.0,7259.26,0,0
401,PAYMENT,10063.13,C831040752,288807.77,278744.63,M1053574800,0.0,0.0,0,0
184,TRANSFER,269001.1,C1282136325,0.0,0.0,C1400212805,9606600.05,9875601.15,0,0
40,CASH_OUT,174200.06,C1605613533,20410.0,0.0,C894415898,74808.1,249008.16,0,0
156,PAYMENT,25511.16,C1265650858,0.0,0.0,M151467201,0.0,0.0,0,0
129,PAYMENT,25293.25,C414235101,148157.79,122864.54,M787220545,0.0,0.0,0,0
328,CASH_OUT,303459.15,C379449625,0.0,0.0,C1332677010,892339.1,1195798.25,0,0
181,CASH_OUT,130071.07,C1944149420,0.0,0.0,C1026756725,738260.63,868331.7,0,0
331,CASH_IN,64920.6,C922304533,5050564.68,5115485.29,C1440597710,271462.86,206542.25,0,0
134,CASH_IN,347790.99,C293306822,11640.0,359430.99,C500317479,0.0,0.0,0,0
134,CASH_IN,161171.89,C1994339632,16145248.8,16306420.69,C1233791594,2409731.27,2248559.38,0,0
208,CASH_OUT,340564.96,C1036353199,80948.0,0.0,C1552335994,661019.85,1001584.81,0,0
238,PAYMENT,2102.84,C612588455,0.0,0.0,M529068358,0.0,0.0,0,0
236,CASH_OUT,42676.55,C1870050913,20662.0,0.0,C1357758567,104029.24,146705.79,0,0
384,CASH_OUT,253147.76,C203349353,0.0,0.0,C567067876,1032049.24,1285197.0,0,0
524,CASH_IN,74839.85,C1539565308,5081515.25,5156355.1,C231041113,1000769.45,925929.59,0,0
330,PAYMENT,8071.33,C272364119,11761.0,3689.67,M974402248,0.0,0.0,0,0
40,CASH_OUT,302309.09,C1440207837,0.0,0.0,C1769264284,3411706.88,3714015.97,0,0
130,PAYMENT,19199.69,C1848969248,0.0,0.0,M911063010,0.0,0.0,0,0
355,CASH_OUT,21310.14,C674546235,0.0,0.0,C862309549,1342528.42,1529155.18,0,0
253,PAYMENT,18255.54,C1798767148,40851.0,22595.46,M1717739279,0.0,0.0,0,0
331,PAYMENT,9387.69,C1481178434,129496.05,120108.36,M1477108975,0.0,0.0,0,0
493,CASH_OUT,148296.68,C1673029916,8000.0,0.0,C1570157035,1093158.64,1241455.33,0,0
490,DEBIT,389762.68,C2015343449,118.0,0.0,C88179336,1890046.41,2279809.08,0,0
38,PAYMENT,2111.82,C636057164,0.0,0.0,M1205098619,0.0,0.0,0,0
405,PAYMENT,26794.33,C2117585279,0.0,0.0,M1658098456,0.0,0.0,0,0
187,TRANSFER,1708422.87,C1905475265,288166.0,0.0,C2087389422,0.0,1708422.87,0,0
138,CASH_IN,210350.66,C1302825628,86244.0,296594.66,C1079749701,135075.68,0.0,0,0
187,CASH_OUT,256340.71,C2023745844,0.0,0.0,C110556224,777994.31,1034335.01,0,0
138,CASH_OUT,123793.19,C2067046733,618.0,0.0,C472613505,1243442.01,1367235.2,0,0
132,CASH_OUT,70579.9,C1927532491,0.0,0.0,C776403397,563407.58,633987.48,0,0
132,TRANSFER,121044.76,C1006617350,0.0,0.0,C236174218,6807440.04,6928484.81,0,0
398,CASH_IN,135393.85,C1856835987,4585352.48,4720746.32,C692671354,718790.12,583396.27,0,0
161,TRANSFER,544566.8,C3173800,11283.0,0.0,C1088543339,813.0,0.0,0,0
35,CASH_IN,236660.02,C1549320529,5959220.93,6195880.96,C2077938999,2279338.74,2042678.72,0,0
186,CASH_IN,18454.17,C348008441,5327492.93,5345947.1,C1047108779,2512011.19,2493557.02,0,0
158,PAYMENT,28593.2,C60549977,0.0,0.0,M2025576530,0.0,0.0,0,0
405,PAYMENT,10183.6,C1176470688,20022.0,9838.4,M289867389,0.0,0.0,0,0
308,CASH_IN,71217.9,C2129180714,5164226.13,5235444.04,C1610931956,373177.48,301959.58,0,0
135,TRANSFER,288037.39,C1825852697,0.0,0.0,C196953268,1151106.65,1439144.04,0,0
354,PAYMENT,11053.24,C1227917319,11331.0,277.76,M1456179313,0.0,0.0,0,0
227,CASH_OUT,146166.08,C1692416451,64310.0,0.0,C732741484,131509.85,277675.92,0,0
371,CASH_OUT,122260.37,C2001194418,0.0,0.0,C1821602373,616861.08,739121.45,0,0
346,PAYMENT,42947.95,C598433766,0.0,0.0,M1320632460,0.0,0.0,0,0
13,CASH_OUT,328650.74,C47864924,151676.0,0.0,C1013511446,2006826.39,2335477.13,0,0
162,CASH_OUT,36825.77,C1983454846,0.0,0.0,C1794177380,184331.33,221157.09,0,0
253,CASH_OUT,108036.36,C799112544,0.0,0.0,C814564301,2219215.98,2327252.34,0,0
228,PAYMENT,3823.06,C1166198959,264427.57,260604.51,M831619190,0.0,0.0,0,0
323,CASH_OUT,168604.87,C412377920,0.0,0.0,C1234069312,3061947.19,3230552.06,0,0
213,CASH_OUT,175273.76,C256617141,0.0,0.0,C637091706,482439.53,657713.29,0,0
300,PAYMENT,5257.45,C1113952657,0.0,0.0,M1433081490,0.0,0.0,0,0
212,PAYMENT,659.37,C1565069862,217694.63,217035.26,M60865673,0.0,0.0,0,0
355,CASH_IN,93045.41,C1013941630,1161.0,94206.41,C1829538037,0.0,0.0,0,0
284,CASH_OUT,35664.27,C1131168661,91248.0,55583.73,C1527213535,6114528.57,6150192.84,0,0
136,CASH_OUT,525456.95,C1415981520,0.0,0.0,C277309387,2011200.64,2536657.59,0,0
251,CASH_OUT,22626.26,C1193952406,0.0,0.0,C1439741185,4691776.04,4714402.3,0,0
377,TRANSFER,159204.17,C1920227077,49724.0,0.0,C2131817494,177172.12,336376.29,0,0
182,CASH_IN,51080.12,C910233366,82293.0,133373.12,C1961132513,0.0,0.0,0,0
130,CASH_OUT,327750.21,C95408706,0.0,0.0,C152674374,494046.96,821797.17,0,0
211,PAYMENT,12565.44,C1287358825,49529.0,36963.56,M751291530,0.0,0.0,0,0
184,PAYMENT,8498.71,C358309519,202061.48,193562.78,M157684847,0.0,0.0,0,0
37,TRANSFER,1362097.27,C534158717,0.0,0.0,C1872504619,2165314.62,3527411.9,0,0
163,PAYMENT,25432.15,C1721155430,92569.0,67136.85,M123758473,0.0,0.0,0,0
11,CASH_OUT,138912.11,C1409691541,0.0,0.0,C720221848,1217071.76,1355983.87,0,0
348,CASH_OUT,33610.02,C1011506130,0.0,0.0,C1157310588,49584.0,83194.02,0,0
405,CASH_IN,64536.14,C1193231797,105803.0,170339.14,C403957195,14853.81,0.0,0,0
328,CASH_IN,87101.65,C769271455,22857243.85,22944345.5,C2030050919,1455455.87,1368354.22,0,0
259,CASH_OUT,129794.03,C552929737,0.0,0.0,C393195068,289368.98,419163.01,0,0
158,CASH_IN,366587.27,C1310004226,16876.0,383463.27,C1978236021,375699.89,9112.62,0,0
372,CASH_OUT,198278.92,C831100334,162990.16,0.0,C626671247,762125.21,960404.12,0,0
47,PAYMENT,2026.21,C1032269239,48555.0,46528.79,M1347157275,0.0,0.0,0,0
134,CASH_OUT,97792.79,C1604948282,61891.0,0.0,C1734993570,21178.0,16503.86,0,0
184,CASH_OUT,172421.44,C1811647263,0.0,0.0,C1719835582,861212.82,1033634.26,0,0
38,PAYMENT,21897.86,C684323864,755.0,0.0,M1211046611,0.0,0.0,0,0
306,CASH_OUT,250556.67,C653948506,1109299.74,858743.07,C322169678,1652037.89,1902594.56,0,0
9,CASH_OUT,282127.67,C248152690,450317.33,168189.66,C1688923359,427720.18,709847.85,0,0
45,PAYMENT,3958.47,C642504075,281330.0,277371.53,M1999343720,0.0,0.0,0,0
259,PAYMENT,21902.46,C788661976,212853.0,190950.54,M1522455471,0.0,0.0,0,0
204,PAYMENT,5247.72,C1083008463,147170.09,141922.37,M1134987566,0.0,0.0,0,0
399,CASH_OUT,332102.16,C1092883707,0.0,0.0,C1365650915,3042730.56,3374832.72,0,0
330,CASH_OUT,224351.05,C1399414371,0.0,0.0,C565033107,1503045.16,1727396.21,0,0
299,CASH_OUT,262130.08,C306659404,418.0,0.0,C1745451098,60920.84,323050.92,0,0
237,CASH_OUT,68344.62,C1458505752,0.0,0.0,C1752572752,424735.21,493079.84,0,0
42,CASH_OUT,34368.18,C847296291,48730.0,14361.82,C1108017916,1071297.6,1105665.78,0,0
345,PAYMENT,10732.18,C344375831,24627.0,13894.82,M1698026875,0.0,0.0,0,0
335,PAYMENT,4196.84,C1029584415,42132.0,37935.16,M254143370,0.0,0.0,0,0
16,PAYMENT,1106.23,C401252218,322929.0,321822.77,M536294776,0.0,0.0,0,0
304,PAYMENT,6385.18,C1392412416,82003.0,75617.82,M311031303,0.0,0.0,0,0
331,CASH_OUT,139500.54,C1429812383,32185.0,0.0,C1250487297,1045632.58,1185133.12,0,0
204,CASH_IN,79361.43,C1453614472,3020911.08,3100272.51,C1383883020,448212.18,368850.75,0,0
226,PAYMENT,16091.82,C1815163863,123.0,0.0,M1655014699,0.0,0.0,0,0
279,CASH_OUT,169075.77,C340664525,194.0,0.0,C1825160289,13185.56,121160.64,0,0
329,CASH_OUT,67413.13,C1149586853,0.0,0.0,C1925389492,198427.63,265840.76,0,0
345,PAYMENT,4944.82,C2143325889,432.0,0.0,M887000554,0.0,0.0,0,0
37,PAYMENT,92247.25,C1079000233,639.0,0.0,M274449809,0.0,0.0,0,0
9,PAYMENT,25141.03,C1489827731,37439.83,12298.81,M508096889,0.0,0.0,0,0
347,CASH_IN,173570.72,C1365602216,6637924.86,6811495.57,C1754233982,290042.08,116471.36,0,0
136,CASH_OUT,281394.5,C1166676450,30187.67,0.0,C1030823123,670106.66,951501.16,0,0
20,CASH_OUT,140527.8,C1578600476,53962.0,0.0,C1203711061,3040070.05,3180597.84,0,0
403,CASH_OUT,119394.9,C1376985510,0.0,0.0,C250618286,206859.86,326254.76,0,0
163,CASH_OUT,132365.62,C1325737449,10715.0,0.0,C1198876765,588239.49,720605.11,0,0
311,CASH_OUT,162268.16,C851440349,49175.0,0.0,C664771018,16508823.57,16671091.72,0,0
36,PAYMENT,12441.85,C1739505302,103438.0,90996.15,M1320944898,0.0,0.0,0,0
40,PAYMENT,3985.67,C113360948,0.0,0.0,M1782415737,0.0,0.0,0,0
305,CASH_IN,200888.43,C82131250,3830258.76,4031147.19,C620223392,236559.62,35671.2,0,0
24,PAYMENT,11456.14,C1715796720,9036.0,0.0,M474841837,0.0,0.0,0,0
189,PAYMENT,294.44,C691607199,52242.0,51947.56,M526247961,0.0,0.0,0,0
310,TRANSFER,231125.3,C460903969,59404.0,0.0,C1774045531,3226190.88,3457316.18,0,0
38,CASH_OUT,8263.32,C1443551446,0.0,0.0,C904672772,6383088.7,6391352.02,0,0
184,PAYMENT,6742.17,C1482494887,0.0,0.0,M1896642494,0.0,0.0,0,0
350,CASH_OUT,14070.67,C422629844,0.0,0.0,C2066130336,367899.17,381969.84,0,0
619,PAYMENT,27149.68,C55790447,0.0,0.0,M972267819,0.0,0.0,0,0
299,CASH_OUT,146318.79,C577124741,39629.0,0.0,C2054112245,1795392.93,1941711.72,0,0
206,CASH_OUT,120075.09,C771831248,0.0,0.0,C39401869,7101825.03,7221900.12,0,0
451,PAYMENT,7172.92,C1190875629,25143.0,17970.08,M1504379992,0.0,0.0,0,0
333,CASH_OUT,155804.64,C1321935448,33834.0,0.0,C1790756743,124340.59,280145.23,0,0
10,PAYMENT,25951.9,C1348780374,1357149.01,1331197.11,M1980783044,0.0,0.0,0,0
202,CASH_OUT,97576.78,C1409823445,18538.0,0.0,C965922232,3334689.88,3432266.65,0,0
262,CASH_OUT,30434.18,C2003969255,0.0,0.0,C1884292617,2067478.14,2097912.31,0,0
565,CASH_OUT,157762.95,C761561368,0.0,0.0,C209535293,314226.8,471989.75,0,0
266,PAYMENT,1798.97,C396615811,199680.0,197881.03,M1230596691,0.0,0.0,0,0
186,CASH_OUT,172893.07,C1513960741,0.0,0.0,C1214351317,2348139.18,2521032.25,0,0
374,CASH_OUT,308808.62,C969718171,0.0,0.0,C1845698571,1825315.65,2134124.27,0,0
204,PAYMENT,7602.08,C2133690862,11385.0,3782.92,M1857813885,0.0,0.0,0,0
229,PAYMENT,13458.28,C1725755240,71046.04,57587.77,M898788345,0.0,0.0,0,0
157,CASH_OUT,353390.25,C1936356703,0.0,0.0,C90310446,3220780.85,3884120.5,0,0
588,PAYMENT,24379.88,C135457858,0.0,0.0,M1397987919,0.0,0.0,0,0
9,PAYMENT,3877.95,C592606959,0.0,0.0,M697638372,0.0,0.0,0,0
338,PAYMENT,34829.36,C1238272696,541386.05,506556.68,M745239617,0.0,0.0,0,0
188,TRANSFER,514665.04,C855039972,0.0,0.0,C1976314551,2184700.82,2891417.2,0,0
350,CASH_OUT,126318.41,C1720471601,0.0,0.0,C699092914,2236503.71,2362822.12,0,0
321,CASH_OUT,90142.51,C686079305,328423.02,238280.51,C1441071194,2028305.32,2118447.83,0,0
131,TRANSFER,350373.78,C345869392,1207.0,0.0,C1014533306,0.0,350373.78,0,0
225,PAYMENT,21122.7,C14473514,0.0,0.0,M1239513886,0.0,0.0,0,0
376,CASH_OUT,39661.66,C1972849177,0.0,0.0,C886176340,59422.15,99083.81,0,0
332,CASH_OUT,261644.52,C440795397,48396.27,0.0,C1520110948,445461.59,707106.11,0,0
131,TRANSFER,2979692.05,C1761899424,0.0,0.0,C1161494433,5881208.7,8860900.75,0,0
331,CASH_IN,52173.28,C44095772,4567687.63,4619860.9,C479355398,82945.27,30771.99,0,0
527,PAYMENT,1566.96,C1723089248,21129.0,19562.04,M773821029,0.0,0.0,0,0
11,CASH_OUT,169015.8,C1314076726,1371468.99,1202453.19,C1214687061,487289.86,1486494.35,0,0
397,CASH_OUT,109312.19,C777534880,2750.0,0.0,C1124375402,6312.85,115625.04,0,0
182,CASH_OUT,145495.0,C221829033,20756.0,0.0,C1079654765,1305338.45,1450833.45,0,0
333,PAYMENT,7337.94,C952418205,61148.0,53810.06,M730740358,0.0,0.0,0,0
321,CASH_OUT,23062.17,C1658034144,20929.0,0.0,C1117497294,0.0,23062.17,0,0
167,PAYMENT,3475.73,C1075655238,100563.94,97088.21,M1035002527,0.0,0.0,0,0
183,CASH_IN,248242.88,C1063286398,4345061.31,4593304.19,C986195898,907304.32,659061.44,0,0
40,TRANSFER,259837.26,C1091461248,0.0,0.0,C543690176,639889.76,899727.03,0,0
185,CASH_OUT,151006.0,C569993962,0.0,0.0,C2092107377,623382.73,774388.74,0,0
227,TRANSFER,248840.75,C395138590,0.0,0.0,C202064972,4647336.42,4896177.17,0,0
327,PAYMENT,6973.73,C1829685972,0.0,0.0,M2102846770,0.0,0.0,0,0
407,PAYMENT,7171.32,C188520879,40086.0,32914.68,M283416188,0.0,0.0,0,0
325,PAYMENT,11536.69,C241652183,0.0,0.0,M1187552146,0.0,0.0,0,0
369,CASH_IN,250321.56,C1875926575,6864748.12,7115069.68,C1618006915,2422267.58,2171946.02,0,0
36,PAYMENT,37427.39,C609315687,0.0,0.0,M1675623788,0.0,0.0,0,0
250,CASH_OUT,273922.71,C225151085,0.0,0.0,C195546630,338638.52,612561.22,0,0
273,CASH_IN,256973.96,C92331494,52180.0,309153.96,C700502285,12307.87,0.0,0,0
324,PAYMENT,40496.57,C1971643968,14968.0,0.0,M219437613,0.0,0.0,0,0
259,CASH_OUT,25699.89,C476511772,197.0,0.0,C2131626699,2653993.3,2679693.18,0,0
373,CASH_IN,230171.39,C1291749300,204318.0,434489.39,C197529969,0.0,0.0,0,0
130,TRANSFER,520517.84,C1504000090,0.0,0.0,C1261310464,866813.4,1387331.24,0,0
34,CASH_IN,14576.46,C168413936,105590.0,120166.46,C1674125985,0.0,0.0,0,0
393,CASH_OUT,68222.73,C1589053023,220002.0,151779.27,C959733462,0.0,68222.73,0,0
534,PAYMENT,176.57,C1398871434,10249.0,10072.43,M2044372062,0.0,0.0,0,0
130,CASH_OUT,463533.18,C887145853,127.0,0.0,C2013168297,965871.52,1429404.7,0,0
202,PAYMENT,4486.9,C156921768,0.0,0.0,M1030397263,0.0,0.0,0,0
370,CASH_IN,334492.38,C737007406,8983657.42,9318149.8,C1640887362,1022092.59,687600.21,0,0
33,CASH_IN,33603.12,C1289061870,946355.56,979958.67,C784823432,548547.02,514943.9,0,0
183,CASH_IN,226018.81,C1866710970,3313755.17,3539773.97,C916888476,1772464.92,1546446.11,0,0
259,TRANSFER,719304.5,C542466459,2048.0,0.0,C44108010,3655784.33,4375088.83,0,0
7,PAYMENT,411.33,C1374887853,0.0,0.0,M2037830530,0.0,0.0,0,0
12,CASH_OUT,355532.45,C178299111,223735.0,0.0,C751826703,0.0,102059.46,0,0
10,PAYMENT,9247.81,C552900802,3922369.03,3913121.22,M651424719,0.0,0.0,0,0
208,CASH_IN,78547.4,C1974401643,14889.0,93436.4,C355537543,77154.02,0.0,0,0
164,CASH_OUT,177115.81,C1377977051,0.0,0.0,C1333600445,1560055.73,1737171.54,0,0
206,TRANSFER,579715.36,C1780360356,0.0,0.0,C1891926046,774153.79,1353869.15,0,0
140,CASH_OUT,130828.54,C60484646,107292.0,0.0,C857640335,0.0,130828.54,0,0
395,PAYMENT,15202.93,C1978565978,0.0,0.0,M1252570111,0.0,0.0,0,0
138,CASH_IN,17467.93,C915517784,3508.0,20975.93,C854011568,1320008.23,1302540.3,0,0
44,PAYMENT,3133.75,C766335933,33134.0,30000.25,M1693061653,0.0,0.0,0,0
285,CASH_OUT,151477.35,C1926086757,0.0,0.0,C1259871173,1423816.49,1575293.85,0,0
217,CASH_OUT,192910.5,C802195009,0.0,0.0,C1641742114,8670430.41,8863340.91,0,0
303,CASH_OUT,48172.5,C1930665886,0.0,0.0,C1411197040,742951.99,791124.49,0,0
380,CASH_IN,148504.6,C1864398021,112928.0,261432.6,C1520214328,0.0,0.0,0,0
358,PAYMENT,10072.45,C2021931223,11507.0,1434.55,M1402486664,0.0,0.0,0,0
20,PAYMENT,1077.0,C1061539637,0.0,0.0,M503379276,0.0,0.0,0,0
373,PAYMENT,11581.02,C1268138271,0.0,0.0,M1960220294,0.0,0.0,0,0
154,CASH_IN,237418.48,C1080044499,4136.0,241554.48,C1335415453,268326.71,30908.23,0,0
260,CASH_OUT,21250.04,C1383841415,142836.0,121585.96,C1728706195,4689516.02,4710766.06,0,0
24,CASH_IN,590626.85,C960558041,23336.0,613962.85,C975650387,74045.92,0.0,0,0
130,CASH_IN,335253.57,C217508686,1112422.85,1447676.42,C463731556,2232997.8,1897744.23,0,0
328,PAYMENT,18406.83,C4574347,9968.0,0.0,M673393506,0.0,0.0,0,0
131,CASH_IN,49511.58,C1109879897,11636177.78,11685689.37,C2042828608,768159.36,718647.78,0,0
138,CASH_OUT,6316.74,C826028109,0.0,0.0,C625104946,5948683.91,5955000.65,0,0
284,TRANSFER,378733.23,C1690190511,349793.0,0.0,C1690780304,338625.41,717358.64,0,0
448,CASH_OUT,143703.5,C1257914878,62798.1,0.0,C1136329065,992373.87,1136077.38,0,0
36,CASH_OUT,214697.99,C2095952503,11629.0,0.0,C1891031939,30850.04,245548.04,0,0
139,CASH_OUT,188418.72,C27987230,0.0,0.0,C2040915900,3107929.05,3296347.78,0,0
281,CASH_OUT,56260.63,C1003668733,0.0,0.0,C1847271671,67826.53,124087.15,0,0
355,PAYMENT,28815.77,C1868805480,6511.0,0.0,M1968002285,0.0,0.0,0,0
331,CASH_OUT,28876.7,C417232205,792705.0,763828.3,C111772680,246342.46,275219.16,0,0
155,PAYMENT,47711.42,C1567776536,20973.0,0.0,M1584896063,0.0,0.0,0,0
273,CASH_OUT,78902.58,C54701785,3360.0,0.0,C1874737288,216494.29,295396.87,0,0
382,PAYMENT,3080.27,C1695274876,2968.0,0.0,M491048831,0.0,0.0,0,0
402,CASH_IN,85334.34,C2030630361,3769837.41,3855171.75,C448319922,1858030.12,1772695.78,0,0
282,PAYMENT,10123.73,C363393044,180785.0,170661.27,M1545167981,0.0,0.0,0,0
231,PAYMENT,20084.08,C601555745,0.0,0.0,M908629937,0.0,0.0,0,0
404,CASH_IN,137502.46,C486131843,2220720.5,2358222.96,C1785003505,911372.67,773870.21,0,0
182,CASH_OUT,100276.17,C289854336,0.0,0.0,C657007081,678576.97,778853.14,0,0
132,CASH_OUT,91769.31,C183520962,68308.0,0.0,C1163202511,242835.21,334604.52,0,0
161,CASH_IN,93777.71,C1449189872,50805.0,144582.71,C1313163801,0.0,0.0,0,0
19,CASH_IN,352816.21,C477997489,1149257.97,1502074.18,C1593812215,665740.35,654401.33,0,0
131,CASH_OUT,395078.99,C438880200,0.0,0.0,C1647809929,847862.91,1242941.9,0,0
408,PAYMENT,14361.32,C840437569,0.0,0.0,M1264436027,0.0,0.0,0,0
687,CASH_OUT,234585.76,C1107827946,30356.0,0.0,C1421037738,10952.19,245537.95,0,0
119,CASH_OUT,78058.43,C2006515171,0.0,0.0,C1210058295,276294.27,354352.69,0,0
11,PAYMENT,6561.78,C1283264508,32960.42,26398.64,M598527534,0.0,0.0,0,0
189,CASH_IN,55967.79,C2093480042,21466.0,77433.79,C1781121063,225228.67,169260.88,0,0
571,PAYMENT,539.47,C327191755,37558.0,37018.53,M730525684,0.0,0.0,0,0
326,PAYMENT,64731.58,C1146221575,0.0,0.0,M454901973,0.0,0.0,0,0
226,CASH_OUT,574514.51,C1930162919,52310.0,0.0,C209769297,70263.69,644778.21,0,0
205,PAYMENT,1118.72,C1463217952,0.0,0.0,M108223213,0.0,0.0,0,0
120,CASH_IN,171359.59,C1725585122,10384299.41,10555659.0,C120669728,767655.75,596296.16,0,0
185,CASH_IN,141764.33,C1405054820,15324048.32,15465812.66,C1297204973,895320.1,753555.77,0,0
120,CASH_IN,224066.1,C270149753,4457702.31,4681768.41,C189866844,10702735.42,10478669.32,0,0
323,CASH_OUT,287354.69,C934018574,0.0,0.0,C566176309,391410.88,678765.57,0,0
428,CASH_IN,503198.77,C42451717,2620276.36,3123475.14,C1326813057,6116020.48,5612821.7,0,0
14,CASH_OUT,54411.65,C737317489,320406.5,265994.85,C1999812935,211349.37,15719.8,0,0
230,TRANSFER,3704629.76,C985125133,0.0,0.0,C74497130,9962666.18,13667295.94,0,0
402,CASH_IN,359073.36,C1002320517,49591.0,408664.36,C16134429,142540.22,0.0,0,0
372,CASH_IN,70620.93,C1339315560,1458761.5,1529382.42,C30393043,228520.24,157899.31,0,0
36,CASH_OUT,339681.35,C224900363,10031.0,0.0,C1640187122,765053.79,1104735.14,0,0
208,PAYMENT,4342.74,C1964948871,0.0,0.0,M1261899090,0.0,0.0,0,0
353,CASH_OUT,43806.09,C163075288,0.0,0.0,C1529138250,6050870.75,6094676.84,0,0
162,CASH_IN,68138.02,C1978632552,18883015.71,18951153.74,C464911391,188703.15,120565.13,0,0
229,PAYMENT,9555.02,C1503029966,20472.0,10916.98,M1475044130,0.0,0.0,0,0
14,CASH_IN,216824.03,C149942225,2059484.57,2276308.6,C2134054685,3277893.36,3199769.35,0,0
431,PAYMENT,7042.3,C798342492,290.0,0.0,M438008336,0.0,0.0,0,0
395,PAYMENT,6878.86,C827764207,0.0,0.0,M778079296,0.0,0.0,0,0
212,PAYMENT,6894.0,C81847527,0.0,0.0,M1965840992,0.0,0.0,0,0
249,PAYMENT,3837.55,C1160934716,76006.0,72168.45,M1779594053,0.0,0.0,0,0
376,PAYMENT,9518.71,C1650107895,0.0,0.0,M282749171,0.0,0.0,0,0
351,PAYMENT,5609.22,C2086614010,21922.0,16312.78,M1414396816,0.0,0.0,0,0
160,CASH_OUT,173868.18,C274181824,287587.25,113719.07,C842037255,5419838.81,5754825.42,0,0
9,PAYMENT,1587.0,C1760561791,0.0,0.0,M2054082535,0.0,0.0,0,0
209,PAYMENT,687.9,C1696253417,49562.0,48874.1,M58841368,0.0,0.0,0,0
381,CASH_IN,19467.65,C729236289,2950011.87,2969479.52,C1609300247,4258832.15,4239364.5,0,0
10,CASH_OUT,86362.89,C2125477157,0.0,0.0,C290567466,2776660.95,2863023.84,0,0
273,CASH_OUT,165248.35,C987912130,12460.0,0.0,C1990022137,895851.96,1061100.31,0,0
46,PAYMENT,5429.46,C90998213,0.0,0.0,M516154422,0.0,0.0,0,0
370,CASH_OUT,233275.86,C791116062,0.0,0.0,C1463169005,562064.83,795340.69,0,0
139,PAYMENT,16924.24,C1044457821,61790.93,44866.68,M1432134475,0.0,0.0,0,0
208,PAYMENT,20869.86,C1728688456,976.0,0.0,M528808350,0.0,0.0,0,0
260,TRANSFER,492129.54,C1763852287,0.0,0.0,C2017114427,1278297.25,1770426.78,0,0
301,PAYMENT,6807.45,C395598974,0.0,0.0,M236158889,0.0,0.0,0,0
225,TRANSFER,7698.01,C934386129,0.0,0.0,C173644939,1323287.16,1330985.17,0,0
207,CASH_IN,95242.36,C1964549393,10839308.2,10934550.56,C569888221,1458491.23,1363248.87,0,0
284,TRANSFER,393753.4,C77996173,91302.55,0.0,C301013957,1130778.77,1524532.17,0,0
379,CASH_IN,130356.67,C1677429630,7789622.02,7919978.69,C1451703958,2856206.97,2725850.3,0,0
306,CASH_OUT,47239.2,C1931833084,10436.0,0.0,C855253841,0.0,47239.2,0,0
393,PAYMENT,27623.6,C108459515,263087.7,235464.1,M1619572178,0.0,0.0,0,0
160,TRANSFER,1169675.97,C1144223905,12250.0,0.0,C1963748325,1369263.34,2538939.31,0,0
212,CASH_OUT,120311.18,C171030614,104646.0,0.0,C1516475312,0.0,120311.18,0,0
209,CASH_OUT,159320.99,C116448216,0.0,0.0,C1803509572,210008.4,369329.38,0,0
310,CASH_OUT,290215.17,C1421482699,0.0,0.0,C1966104101,571143.5,861358.67,0,0
140,CASH_IN,155097.22,C884916205,164.0,155261.22,C1253905991,1448792.88,1293695.66,0,0
283,CASH_OUT,45825.56,C1815333419,0.0,0.0,C2074177788,3408453.04,3454278.6,0,0
184,CASH_OUT,119208.71,C85003419,105415.0,0.0,C1278025954,21172.51,140381.22,0,0
184,CASH_OUT,222920.01,C492952991,4742.0,0.0,C1160118891,38588.0,261508.01,0,0
284,PAYMENT,8516.89,C1782900370,6004.0,0.0,M251482594,0.0,0.0,0,0
15,CASH_IN,13766.27,C1104327241,5955364.13,5969130.4,C1781090157,7347538.71,7333772.44,0,0
408,PAYMENT,5819.65,C398999451,372.0,0.0,M1460482873,0.0,0.0,0,0
323,PAYMENT,984.41,C2091194275,0.0,0.0,M995994322,0.0,0.0,0,0
401,CASH_IN,215097.74,C1969780268,8740976.0,8956073.74,C1065644864,10812437.23,10597339.48,0,0
159,CASH_OUT,76643.5,C964835789,0.0,0.0,C1071293699,228821.86,305465.36,0,0
284,CASH_OUT,187851.79,C1625754411,0.0,0.0,C1461415519,2033210.67,2221062.46,0,0
132,CASH_IN,103579.34,C1631440431,1861130.88,1964710.22,C505363735,104819.52,1240.19,0,0
137,CASH_OUT,72593.96,C1738283325,0.0,0.0,C320666770,1962964.84,2035558.8,0,0
331,CASH_IN,219803.74,C1124927459,4415340.97,4635144.71,C1507352267,9114178.04,8894374.3,0,0
263,PAYMENT,4153.22,C1236615827,26382.0,22228.78,M1136389198,0.0,0.0,0,0
212,CASH_IN,124908.94,C607107381,1951816.37,2076725.32,C76097914,342898.8,217989.86,0,0
213,PAYMENT,8103.28,C1619981020,0.0,0.0,M339816879,0.0,0.0,0,0
400,CASH_IN,211666.3,C1768655760,1057.0,212723.3,C914424556,0.0,0.0,0,0
11,CASH_IN,93818.91,C624832009,5255672.74,5349491.65,C1527151753,1040849.88,1228845.27,0,0
375,CASH_OUT,84941.95,C1290922470,255513.0,170571.05,C1630046497,36174.48,121116.43,0,0
275,CASH_OUT,153416.54,C934935954,0.0,0.0,C1636262611,1193075.45,1346491.99,0,0
659,CASH_IN,23669.93,C1319118052,2195731.52,2219401.45,C1417251452,89975.38,66305.45,0,0
203,CASH_OUT,490208.57,C1527589684,0.0,0.0,C947401142,3482746.59,3972955.16,0,0
15,PAYMENT,20255.69,C345221875,12969.63,0.0,M360592227,0.0,0.0,0,0
139,CASH_OUT,17825.7,C1797616165,427654.51,409828.81,C1637934646,0.0,17825.7,0,0
297,CASH_OUT,246174.17,C501851830,10330.0,0.0,C2137142218,0.0,246174.17,0,0
335,PAYMENT,4124.65,C518759638,1742.0,0.0,M707710812,0.0,0.0,0,0
573,CASH_OUT,79997.23,C366254594,0.0,0.0,C1346356182,611344.67,691341.9,0,0
138,CASH_OUT,74845.05,C825506070,10328.0,0.0,C767814558,0.0,74845.05,0,0
301,CASH_OUT,179032.96,C324553280,31493.0,0.0,C1672598038,20770.64,199803.59,0,0
379,CASH_OUT,286831.32,C1517173916,242565.0,0.0,C1406962836,45499.06,332330.37,0,0
137,PAYMENT,24804.56,C1859124759,42379.31,17574.74,M335893747,0.0,0.0,0,0
307,CASH_IN,98873.45,C1155292122,39960.0,138833.45,C1469116538,368355.55,269482.1,0,0
379,CASH_IN,17590.42,C1066980437,12872.0,30462.42,C485070390,0.0,0.0,0,0
228,PAYMENT,24864.9,C382785694,0.0,0.0,M991166243,0.0,0.0,0,0
402,PAYMENT,25349.17,C1866079916,0.0,0.0,M813370811,0.0,0.0,0,0
42,CASH_IN,287326.76,C1229215503,5653553.05,5940879.81,C1948642759,371398.62,84071.86,0,0
204,CASH_IN,349620.33,C369951642,6674455.8,7024076.13,C309065968,4138446.98,3753795.3,0,0
326,CASH_IN,253064.23,C1830746348,1451435.38,1704499.61,C939736219,463564.16,210499.93,0,0
255,CASH_IN,24826.25,C412141013,20345.0,45171.25,C531638758,0.0,0.0,0,0
330,CASH_OUT,166927.74,C512829917,31111.0,0.0,C1377826015,531905.13,698832.87,0,0
284,PAYMENT,15891.01,C1919765535,197.0,0.0,M402292035,0.0,0.0,0,0
253,PAYMENT,852.15,C1285321669,0.0,0.0,M955852334,0.0,0.0,0,0
159,CASH_OUT,342940.04,C81089239,31619.0,0.0,C1459218566,0.0,342940.04,0,0
695,CASH_OUT,301270.48,C80774200,0.0,0.0,C506803601,1914975.28,2216245.76,0,0
330,PAYMENT,2100.34,C1741535877,40354.0,38253.66,M181739013,0.0,0.0,0,0
211,CASH_OUT,65500.43,C1943224065,2861.0,0.0,C1512325954,792618.9,858119.33,0,0
14,CASH_OUT,156694.03,C983590,0.0,0.0,C66315714,771915.18,928609.21,0,0
355,CASH_OUT,349325.69,C725216404,28825.87,0.0,C254607175,1431614.37,1780940.06,0,0
236,CASH_OUT,16550.98,C152747462,0.0,0.0,C84694896,57251.31,73802.29,0,0
137,CASH_OUT,57267.83,C474148450,0.0,0.0,C1125232103,257931.22,315199.05,0,0
329,PAYMENT,9512.38,C210701592,22654.57,13142.19,M1547782190,0.0,0.0,0,0
228,PAYMENT,15270.67,C1863797424,25784.0,10513.33,M1491145899,0.0,0.0,0,0
304,TRANSFER,190958.16,C1745986436,0.0,0.0,C1811852841,2065357.46,2256315.62,0,0
297,TRANSFER,222875.06,C986047551,31444.0,0.0,C340014799,826021.81,1048896.87,0,0
252,CASH_OUT,438718.44,C493498211,0.0,0.0,C995315551,1247571.39,1686289.83,0,0
326,CASH_OUT,100244.53,C261064137,0.0,0.0,C863531851,161595.46,261839.99,0,0
202,CASH_IN,146209.06,C1985246787,7281.0,153490.06,C22531998,0.0,0.0,0,0
140,CASH_OUT,98934.41,C514611674,160.0,0.0,C2125033311,0.0,98934.41,0,0
478,PAYMENT,3374.86,C1424340866,37352.0,33977.14,M788214804,0.0,0.0,0,0
161,CASH_OUT,161145.73,C290800306,79.0,0.0,C858707425,148966.47,310112.21,0,0
133,CASH_OUT,75892.8,C180856877,600408.33,524515.53,C1942526129,0.0,75892.8,0,0
331,CASH_OUT,316959.04,C1278585232,10916.0,0.0,C918839810,298939.36,615898.4,0,0
164,CASH_OUT,91661.64,C295781498,11579.0,0.0,C758645028,0.0,91661.64,0,0
405,TRANSFER,154970.97,C61060425,0.0,0.0,C109294647,328770.13,483741.09,0,0
357,TRANSFER,121352.0,C982043583,0.0,0.0,C1136690420,238542.65,359894.65,0,0
21,CASH_IN,116000.21,C583124022,2695303.63,2811303.84,C239803276,1830070.41,1714070.2,0,0
139,TRANSFER,292376.76,C202435746,141386.45,0.0,C615611865,469865.23,762241.99,0,0
163,TRANSFER,401388.31,C444868409,31974.0,0.0,C1561042412,407055.28,808443.59,0,0
226,CASH_IN,302298.96,C1504084139,10057867.49,10360166.45,C2091930298,393613.44,91314.49,0,0
42,CASH_IN,105246.25,C1929831492,18511820.45,18617066.7,C38550412,630997.8,525751.56,0,0
383,PAYMENT,3146.58,C1134874834,20256.0,17109.42,M286528576,0.0,0.0,0,0
691,PAYMENT,220.7,C440178234,0.0,0.0,M1590674763,0.0,0.0,0,0
297,PAYMENT,19800.47,C1225601551,22653.0,2852.53,M2074926632,0.0,0.0,0,0
12,CASH_OUT,520903.78,C1198028411,21852.0,0.0,C785812458,0.0,520903.78,0,0
8,CASH_OUT,230813.19,C267350028,82678.0,0.0,C1725025770,78227.0,0.0,0,0
356,CASH_IN,121629.83,C1710044980,5792073.71,5913703.54,C1953517237,881489.58,759859.75,0,0
35,PAYMENT,1412.39,C378149364,23591.0,22178.61,M1513076525,0.0,0.0,0,0
210,CASH_OUT,297024.69,C1943532743,298.0,0.0,C1949097464,9126862.63,9423887.32,0,0
18,PAYMENT,15367.2,C183119321,5047.0,0.0,M1533074685,0.0,0.0,0,0
298,CASH_IN,77501.01,C3998106,514145.62,591646.62,C1558975862,5310468.11,5232967.11,0,0
179,CASH_OUT,160255.0,C629359100,0.0,0.0,C553505924,4737673.2,4897928.2,0,0
403,CASH_OUT,509663.24,C1742936216,0.0,0.0,C1959071379,6349971.84,6859635.08,0,0
129,PAYMENT,16133.74,C923373102,0.0,0.0,M1750190157,0.0,0.0,0,0
594,CASH_OUT,35941.89,C815354739,0.0,0.0,C1283989422,496711.39,532653.28,0,0
136,PAYMENT,16597.94,C2010460097,4142.0,0.0,M1954173333,0.0,0.0,0,0
201,CASH_OUT,554263.02,C772456169,100856.0,0.0,C592029896,0.0,554263.02,0,0
189,CASH_IN,205960.28,C1808422227,3717684.02,3923644.31,C2033411178,248702.93,42742.65,0,0
227,PAYMENT,12951.88,C884664022,0.0,0.0,M1676120903,0.0,0.0,0,0
373,TRANSFER,407747.22,C1109344107,0.0,0.0,C684216886,4898832.75,5306579.97,0,0
42,CASH_OUT,200187.3,C1871060704,285811.97,85624.67,C352976788,1194850.1,1639873.68,0,0
38,PAYMENT,19296.54,C184720731,442208.43,422911.89,M838690332,0.0,0.0,0,0
256,CASH_IN,93499.11,C141338852,21699196.92,21792696.03,C438147387,2384271.44,2290772.33,0,0
207,CASH_OUT,77100.15,C2046466411,0.0,0.0,C1793217550,579772.48,656872.62,0,0
137,PAYMENT,10201.83,C1289093486,0.0,0.0,M429543082,0.0,0.0,0,0
302,PAYMENT,17382.74,C1176995688,0.0,0.0,M629194938,0.0,0.0,0,0
140,PAYMENT,7883.42,C1125093362,0.0,0.0,M794559158,0.0,0.0,0,0
7,PAYMENT,21191.67,C228732988,43840.85,22649.18,M1924533224,0.0,0.0,0,0
162,CASH_IN,68218.36,C754890959,11032.0,79250.36,C185262238,0.0,0.0,0,0
155,CASH_OUT,323263.2,C427440959,0.0,0.0,C2068974602,1944116.81,2267380.01,0,0
183,CASH_IN,107693.37,C1908995483,206134.0,313827.37,C2145000046,234389.79,126696.42,0,0
300,CASH_IN,279553.98,C2087594993,291187.0,570740.98,C1636394330,786149.77,506595.79,0,0
207,PAYMENT,3785.76,C372855657,43695.77,39910.01,M1858548668,0.0,0.0,0,0
352,CASH_OUT,15141.34,C2124681454,0.0,0.0,C618202534,35659.78,50801.11,0,0
374,CASH_OUT,16938.99,C1492811039,27207.0,10268.01,C460205988,1058019.94,1074958.92,0,0
40,TRANSFER,441405.64,C807865831,0.0,0.0,C1103422066,479398.34,920803.98,0,0
369,CASH_IN,181423.27,C579231297,308886.0,490309.27,C709802017,68085.89,0.0,0,0
284,CASH_OUT,36890.5,C385021430,0.0,0.0,C902225434,5755740.16,5723833.54,0,0
7,CASH_OUT,237745.89,C996871156,24533.45,0.0,C413177525,607223.72,3489392.77,0,0
238,CASH_OUT,362477.05,C281399376,0.0,0.0,C355172230,656789.46,1019266.5,0,0
256,CASH_OUT,164053.58,C364108346,0.0,0.0,C24757012,8083056.93,8247110.51,0,0
16,CASH_OUT,379292.68,C696536808,80904.71,0.0,C1548218207,5163276.76,5822883.07,0,0
397,CASH_OUT,62329.9,C164099698,7377.0,0.0,C660042490,14014410.38,14076740.29,0,0
490,CASH_OUT,107627.24,C1764674266,20611.0,0.0,C1654491143,9631480.14,9739107.37,0,0
163,CASH_IN,188887.8,C641505556,201385.99,390273.79,C1429941570,3128458.46,2835082.52,0,0
331,PAYMENT,3192.61,C1568461073,817296.0,814103.39,M986305283,0.0,0.0,0,0
370,CASH_OUT,162224.24,C1585578415,0.0,0.0,C624323607,279503.13,441727.37,0,0
234,CASH_OUT,262605.23,C1582994436,31053.0,0.0,C1302316956,585167.48,847772.71,0,0
352,TRANSFER,5415560.86,C2146689402,0.0,0.0,C1318352975,5458375.96,10873936.82,0,0
261,PAYMENT,12521.68,C220069518,105193.0,92671.32,M1525433335,0.0,0.0,0,0
306,CASH_OUT,14144.27,C631352841,50064.0,35919.73,C506094354,70076.61,84220.88,0,0
42,PAYMENT,19751.8,C1714820600,113071.86,93320.06,M130913159,0.0,0.0,0,0
202,PAYMENT,5769.26,C1924068038,142936.62,137167.36,M291108158,0.0,0.0,0,0
540,TRANSFER,730765.43,C126232495,300857.0,0.0,C1748118841,376823.96,1107589.39,0,0
303,CASH_IN,466219.75,C777836177,20438.0,486657.75,C2034248739,723280.0,257060.24,0,0
37,CASH_OUT,205719.2,C2049740986,20782.0,0.0,C708006106,301528.43,507247.64,0,0
300,CASH_IN,163125.51,C1370730392,52359.0,215484.51,C690772878,75331.95,0.0,0,0
179,TRANSFER,232634.13,C1208349904,0.0,0.0,C1826925447,1843243.47,2075877.6,0,0
36,CASH_OUT,466304.13,C1556723017,0.0,0.0,C1775342209,3478836.05,3945140.18,0,0
43,PAYMENT,1686.54,C238530482,0.0,0.0,M303997335,0.0,0.0,0,0
401,CASH_OUT,280221.18,C2078469162,0.0,0.0,C1734527783,379705.41,659926.6,0,0
401,CASH_OUT,211478.42,C2116939645,9143.56,0.0,C569745978,457022.04,668500.46,0,0
285,CASH_IN,148366.95,C379332283,2837594.85,2985961.79,C480918900,187158.45,38791.5,0,0
34,PAYMENT,1753.65,C513974332,0.0,0.0,M426177078,0.0,0.0,0,0
211,CASH_OUT,134326.3,C2106887548,15348.0,0.0,C878236409,0.0,134326.3,0,0
253,PAYMENT,15250.71,C2127347421,0.0,0.0,M1484161113,0.0,0.0,0,0
375,TRANSFER,7981019.48,C1197375452,11944.25,0.0,C514185964,9998670.42,17979689.9,0,0
321,TRANSFER,1530386.84,C2117782943,554.0,0.0,C1473858342,4997878.47,6528265.31,0,0
20,CASH_IN,267902.61,C89284811,6338.0,274240.61,C2134081829,433807.35,165904.74,0,0
354,CASH_IN,166556.35,C1915122871,30062.0,196618.35,C224478586,93970.63,0.0,0,0
403,PAYMENT,6482.07,C110968817,0.0,0.0,M455677113,0.0,0.0,0,0
331,PAYMENT,27394.32,C413185279,47686.11,20291.79,M1515524563,0.0,0.0,0,0
204,CASH_OUT,195850.78,C1417014567,0.0,0.0,C1200507495,624261.21,820112.0,0,0
44,PAYMENT,4791.28,C60358322,0.0,0.0,M1306155599,0.0,0.0,0,0
20,PAYMENT,15213.59,C1284122620,522541.47,507327.89,M1669334268,0.0,0.0,0,0
42,CASH_OUT,213229.16,C1675908919,20579.0,0.0,C694033784,5419116.35,5632345.51,0,0
330,CASH_OUT,165870.4,C597872407,49505.0,0.0,C1795633236,0.0,165870.4,0,0
323,CASH_IN,294040.93,C2132131194,2601.0,296641.93,C520370735,9695.91,0.0,0,0
397,PAYMENT,26386.44,C511765666,205248.0,178861.56,M1612195478,0.0,0.0,0,0
325,CASH_OUT,178261.65,C1302166856,29782.0,0.0,C1341696204,61454.07,239715.72,0,0
17,PAYMENT,13167.35,C1990343257,0.0,0.0,M1844483664,0.0,0.0,0,0
43,CASH_IN,114743.09,C364011247,11465099.2,11579842.3,C1153649975,3767127.29,3652384.19,0,0
238,CASH_OUT,188301.06,C426676785,127.0,0.0,C961086978,0.0,188301.06,0,0
252,CASH_OUT,32714.58,C930103667,0.0,0.0,C1255489310,943211.61,975926.18,0,0
251,CASH_IN,236074.42,C729060045,11220.0,247294.42,C529896187,157419.93,0.0,0,0
378,DEBIT,3017.83,C1096760759,82876.0,79858.17,C1082919473,6912971.16,6915988.99,0,0
321,CASH_IN,353903.43,C1004180006,6302503.6,6656407.03,C934936334,5613000.7,5259097.28,0,0
133,CASH_OUT,231050.97,C1748011992,864.0,0.0,C244100250,0.0,231050.97,0,0
41,PAYMENT,19336.04,C2006046754,0.0,0.0,M446748606,0.0,0.0,0,0
370,CASH_OUT,168422.81,C926824786,244209.86,75787.05,C62419842,240594.4,409017.21,0,0
135,CASH_OUT,63077.84,C2028483913,0.0,0.0,C1683666309,297198.92,360276.76,0,0
132,PAYMENT,1695.75,C1607794077,486171.33,484475.58,M2011864917,0.0,0.0,0,0
160,CASH_IN,99815.33,C1804502024,4590655.77,4690471.11,C1164342288,413272.55,313457.22,0,0
333,PAYMENT,11529.23,C1745553307,981.0,0.0,M1375473219,0.0,0.0,0,0
596,CASH_OUT,120912.53,C586758225,401.0,0.0,C962686155,862122.11,983034.64,0,0
186,PAYMENT,20888.4,C128709021,39236.0,18347.6,M1134022251,0.0,0.0,0,0
177,CASH_IN,229681.3,C772805206,5581261.07,5810942.37,C367610321,651158.88,421477.57,0,0
353,PAYMENT,15815.38,C1392117177,134031.2,118215.82,M1571936934,0.0,0.0,0,0
279,PAYMENT,5526.4,C1910527239,146402.51,140876.1,M1028663501,0.0,0.0,0,0
253,PAYMENT,22682.71,C2035958774,0.0,0.0,M529010285,0.0,0.0,0,0
710,PAYMENT,15615.43,C1211345290,6878.0,0.0,M724242612,0.0,0.0,0,0
299,PAYMENT,16424.37,C2046276315,0.0,0.0,M948892002,0.0,0.0,0,0
312,CASH_IN,120674.07,C2002580053,217710.0,338384.07,C1619337067,827627.62,706953.55,0,0
211,PAYMENT,2633.07,C1291880267,71959.0,69325.93,M1828982062,0.0,0.0,0,0
136,TRANSFER,1445515.23,C1569686779,0.0,0.0,C1286084959,19779482.24,21224997.47,0,0
156,CASH_OUT,153474.27,C892537109,0.0,0.0,C1248032388,1931984.84,2307598.81,0,0
139,CASH_OUT,82294.47,C1324694604,0.0,0.0,C427179054,1755250.69,1837545.16,0,0
407,CASH_OUT,86947.04,C531077585,0.0,0.0,C776626114,7050674.48,7137621.52,0,0
302,PAYMENT,1393.72,C1451420292,212455.0,211061.28,M110664510,0.0,0.0,0,0
283,CASH_OUT,82379.39,C11456121,0.0,0.0,C1647424861,3195372.95,3277752.35,0,0
350,PAYMENT,33639.64,C1708899606,0.0,0.0,M293680600,0.0,0.0,0,0
371,CASH_OUT,35714.22,C1082794573,6876.0,0.0,C1681607006,0.0,35714.22,0,0
255,CASH_OUT,295464.53,C1106393781,7101.0,0.0,C186878042,204695.48,500160.01,0,0
383,PAYMENT,6427.51,C1674314118,0.0,0.0,M323377476,0.0,0.0,0,0
253,TRANSFER,617086.44,C122635862,661.0,0.0,C314971194,0.0,617086.44,0,0
209,PAYMENT,7199.76,C423079910,295223.2,288023.44,M1669185493,0.0,0.0,0,0
14,CASH_IN,120583.17,C374844121,477672.75,598255.91,C455932982,236349.61,27236.14,0,0
228,PAYMENT,5724.21,C1194175316,241301.25,235577.04,M232630838,0.0,0.0,0,0
396,PAYMENT,17626.0,C219894210,0.0,0.0,M798013644,0.0,0.0,0,0
130,CASH_IN,66583.1,C1811517693,1138716.78,1205299.88,C1443194167,888627.33,822044.23,0,0
167,CASH_OUT,238065.06,C1240423600,0.0,0.0,C136442659,796475.34,1034540.4,0,0
185,CASH_OUT,99758.28,C1548553120,28.0,0.0,C402674752,12003323.71,12319145.44,0,0
136,CASH_IN,80179.05,C1431295329,26673.0,106852.05,C1556176913,1180.86,0.0,0,0
399,PAYMENT,3083.03,C2073985241,0.0,0.0,M305862070,0.0,0.0,0,0
18,PAYMENT,6277.66,C770096630,504883.0,498605.34,M1769282745,0.0,0.0,0,0
406,PAYMENT,13846.7,C1908983519,20350.0,6503.3,M1458375908,0.0,0.0,0,0
281,PAYMENT,19934.12,C1347611572,565554.65,545620.53,M2017014270,0.0,0.0,0,0
250,TRANSFER,116630.62,C1131072535,0.0,0.0,C27348048,475749.5,592380.12,0,0
153,CASH_OUT,336895.49,C371871290,0.0,0.0,C2064372710,3471823.16,3808718.64,0,0
183,PAYMENT,2112.71,C1926188105,171540.35,169427.64,M656457386,0.0,0.0,0,0
141,CASH_IN,46391.65,C1611528683,177.0,46568.65,C31688563,0.0,0.0,0,0
17,CASH_IN,356992.06,C1330818610,2318167.54,2675159.61,C281682361,684002.23,420173.2,0,0
326,PAYMENT,12812.39,C1135938129,12210.72,0.0,M965751456,0.0,0.0,0,0
381,PAYMENT,1033.16,C2040196908,52459.0,51425.84,M948339338,0.0,0.0,0,0
347,CASH_IN,260281.34,C1522464678,23341.0,283622.34,C157522800,1664875.65,1404594.31,0,0
234,CASH_OUT,150917.24,C1825807490,0.0,0.0,C17592960,2329973.27,2480890.51,0,0
297,PAYMENT,5386.32,C103948044,0.0,0.0,M569684378,0.0,0.0,0,0
156,CASH_OUT,382448.77,C1078110397,46052.0,0.0,C526301141,0.0,382448.77,0,0
332,PAYMENT,15513.32,C289360571,0.0,0.0,M717644639,0.0,0.0,0,0
37,CASH_IN,66996.7,C1466174959,11014.0,78010.7,C440837173,3230122.89,3445821.77,0,0
322,CASH_IN,157701.0,C73368378,14789730.96,14947431.96,C1924883762,666239.35,508538.35,0,0
403,PAYMENT,26745.05,C752388694,10624.0,0.0,M334747273,0.0,0.0,0,0
159,CASH_IN,79395.16,C2140243411,6063212.38,6142607.54,C1242551659,1632904.63,1553509.47,0,0
346,CASH_OUT,298430.67,C1494959452,2237.0,0.0,C1793232773,3804487.17,4102917.83,0,0
184,PAYMENT,24997.06,C1810109324,0.0,0.0,M1738890975,0.0,0.0,0,0
354,CASH_OUT,69480.91,C2482181,0.0,0.0,C282979751,701321.01,770801.92,0,0
282,CASH_OUT,6158.93,C635583807,5197.0,0.0,C422100087,562769.3,568928.23,0,0
129,PAYMENT,16575.76,C1177418105,0.0,0.0,M29700566,0.0,0.0,0,0
324,CASH_IN,360025.18,C1086971014,13130415.81,13490441.0,C1664920909,2338147.85,1978122.67,0,0
132,PAYMENT,13945.73,C1764018715,10154.54,0.0,M570712472,0.0,0.0,0,0
232,CASH_OUT,245630.93,C1600827798,145873.0,0.0,C73672622,131966.43,377597.36,0,0
567,PAYMENT,14327.9,C1494541554,10376.0,0.0,M1940046695,0.0,0.0,0,0
138,CASH_IN,57051.57,C896101588,17040334.13,17097385.69,C393469173,3793885.86,3736834.3,0,0
14,CASH_IN,89937.27,C1552835383,4032687.52,4122624.79,C1186679466,3521643.67,3311409.83,0,0
370,PAYMENT,22090.7,C2010042658,0.0,0.0,M265366224,0.0,0.0,0,0
205,TRANSFER,247434.54,C1128448615,0.0,0.0,C176197575,538346.36,785780.9,0,0
563,CASH_IN,117381.63,C1130740723,9255766.71,9373148.34,C870291601,422465.16,305083.53,0,0
20,PAYMENT,6369.34,C1620946697,15034.0,8664.66,M35163982,0.0,0.0,0,0
351,CASH_OUT,1072.91,C94344492,0.0,0.0,C1391718831,4109406.68,4110479.59,0,0
394,CASH_IN,18816.33,C1910921772,4234508.45,4253324.78,C993809627,103854.7,85038.37,0,0
279,PAYMENT,1209.12,C593852488,28130.0,26920.88,M1467587037,0.0,0.0,0,0
400,CASH_IN,100243.94,C141187761,37457.0,137700.94,C1553365866,757618.25,657374.31,0,0
300,CASH_OUT,71452.76,C117263572,51056.0,0.0,C1230327909,1894240.34,1965693.1,0,0
356,CASH_OUT,192817.7,C952989048,141.0,0.0,C1103526445,0.0,192817.7,0,0
401,CASH_OUT,239214.33,C1043441123,76641.0,0.0,C811597806,479744.33,718958.66,0,0
190,PAYMENT,3533.65,C2328294,0.0,0.0,M290510348,0.0,0.0,0,0
403,CASH_IN,276406.57,C231271796,145517.0,421923.57,C1862349596,185915.15,0.0,0,0
185,CASH_IN,250141.56,C745385112,71228.0,321369.56,C1970087686,1838855.75,1588714.18,0,0
598,PAYMENT,898.22,C445499048,8.0,0.0,M508735057,0.0,0.0,0,0
278,CASH_OUT,99993.56,C509178542,33265.69,0.0,C1860139360,3287660.68,3387654.24,0,0
214,PAYMENT,10640.13,C1734013347,22172.0,11531.87,M2144746490,0.0,0.0,0,0
278,PAYMENT,9071.81,C1529799191,0.0,0.0,M1703247381,0.0,0.0,0,0
300,CASH_OUT,197022.97,C1770993934,34371.0,0.0,C703889558,0.0,197022.97,0,0
18,CASH_OUT,327142.75,C2094043918,38402.0,0.0,C612479451,648377.11,975519.86,0,0
131,CASH_IN,79219.46,C41173352,1823929.27,1903148.72,C1227651409,163209.34,83989.88,0,0
402,CASH_OUT,82518.23,C1570413799,0.0,0.0,C937154110,190108.26,272626.5,0,0
375,PAYMENT,7634.7,C767284463,105685.0,98050.3,M223806198,0.0,0.0,0,0
33,CASH_IN,99153.05,C534809276,6244498.53,6343651.58,C1457323284,617632.6,518479.55,0,0
590,CASH_IN,546.07,C1676898253,125247.0,125793.07,C1968292738,1627229.92,1626683.85,0,0
190,PAYMENT,7205.84,C2045681576,0.0,0.0,M537667747,0.0,0.0,0,0
13,CASH_OUT,214618.9,C1521428628,202021.0,0.0,C50267672,10483.0,0.0,0,0
375,CASH_IN,177089.96,C1523375127,4209196.26,4386286.21,C1272091306,334764.76,157674.81,0,0
380,TRANSFER,1894464.54,C950134047,0.0,0.0,C815121481,19993883.7,21888348.24,0,0
688,CASH_OUT,80547.63,C856460515,0.0,0.0,C1460381692,45942211.37,46022759.0,0,0
158,PAYMENT,6454.69,C1208216390,187.0,0.0,M481618826,0.0,0.0,0,0
405,CASH_OUT,9606.79,C1837530595,275248.61,265641.82,C1311700133,910163.6,919770.39,0,0
402,CASH_OUT,40573.8,C948580545,15127.0,0.0,C1413611526,0.0,40573.8,0,0
374,CASH_OUT,245560.38,C142362474,144131.81,0.0,C824762540,17072661.06,17318221.44,0,0
277,PAYMENT,7774.25,C8888182,86693.0,78918.75,M606377949,0.0,0.0,0,0
585,CASH_OUT,168906.34,C1151898679,50472.12,0.0,C20695355,946803.41,1115709.75,0,0
404,CASH_IN,166091.86,C1017967164,7553.0,173644.86,C795297022,78975.98,0.0,0,0
16,TRANSFER,77368.73,C265167199,0.0,0.0,C1670445471,81178.18,158546.91,0,0
684,CASH_OUT,41912.27,C165491399,58398.0,16485.73,C1558484159,455614.72,497526.99,0,0
236,TRANSFER,216994.99,C656133867,0.0,0.0,C1580341519,5957895.03,6174890.02,0,0
400,CASH_OUT,59418.26,C1845463804,0.0,0.0,C1982012655,1095133.41,1154551.66,0,0
181,PAYMENT,13119.79,C130135231,0.0,0.0,M604614909,0.0,0.0,0,0
328,CASH_IN,284177.41,C291160519,5682310.74,5966488.15,C935219165,805901.94,521724.53,0,0
235,PAYMENT,4784.9,C473769404,0.0,0.0,M569717930,0.0,0.0,0,0
349,CASH_OUT,100746.44,C725179137,0.0,0.0,C1178499364,690403.98,791150.42,0,0
18,CASH_IN,150382.43,C1677441409,57761.0,208143.43,C1129670968,8524184.07,8266095.16,0,0
203,PAYMENT,12309.45,C1146526143,0.0,0.0,M376351335,0.0,0.0,0,0
210,PAYMENT,1542.98,C531419373,59514.0,57971.02,M707423367,0.0,0.0,0,0
94,PAYMENT,12219.6,C451190781,10848.0,0.0,M910570165,0.0,0.0,0,0
184,PAYMENT,4739.93,C1721549524,307310.0,302570.07,M1072699157,0.0,0.0,0,0
687,CASH_OUT,118963.17,C887912229,0.0,0.0,C156150928,181775.02,300738.19,0,0
25,PAYMENT,8874.94,C503087607,63688.0,54813.06,M1145108987,0.0,0.0,0,0
355,CASH_OUT,97715.17,C762186684,49523.0,0.0,C1684480511,716827.26,814542.43,0,0
205,CASH_OUT,68485.58,C150608333,0.0,0.0,C829247274,485494.78,553980.36,0,0
297,CASH_IN,212513.89,C317492706,31235.0,243748.89,C1189782468,64266.29,0.0,0,0
350,CASH_OUT,158231.91,C1363376796,0.0,0.0,C1826315581,5610934.76,5769166.67,0,0
185,CASH_IN,69942.55,C993516921,19953992.99,20023935.54,C1195097390,108459.61,38517.06,0,0
13,CASH_OUT,395133.49,C225956006,102.0,0.0,C1516254897,4785152.83,5180286.31,0,0
131,PAYMENT,12616.66,C1024786651,0.0,0.0,M1144433152,0.0,0.0,0,0
227,PAYMENT,8417.89,C1219226782,521135.77,512717.87,M575700549,0.0,0.0,0,0
209,CASH_IN,190248.96,C2064911917,8271732.52,8461981.48,C848056552,1117094.83,926845.88,0,0
237,CASH_OUT,143701.32,C1204045349,0.0,0.0,C808298057,156377.11,300078.44,0,0
404,PAYMENT,21948.36,C1962201443,162205.0,140256.64,M2026107523,0.0,0.0,0,0
259,PAYMENT,2947.43,C1558107810,28617.01,25669.57,M1835573850,0.0,0.0,0,0
372,CASH_IN,341804.21,C723007554,4706.0,346510.21,C1686405435,237164.71,0.0,0,0
180,PAYMENT,2917.98,C728931590,50456.1,47538.12,M1238872732,0.0,0.0,0,0
161,CASH_OUT,238514.54,C184558766,0.0,0.0,C1182425566,829316.08,1067830.62,0,0
395,CASH_IN,244776.66,C853610057,17530473.81,17775250.47,C2044587585,796856.91,634094.7,0,0
34,CASH_IN,545192.64,C2068530781,14973268.06,15518460.7,C436750280,570817.0,325406.43,0,0
11,CASH_OUT,182520.18,C301401737,349168.8,166648.61,C1225439033,802695.53,985215.71,0,0
376,CASH_OUT,80800.0,C473749936,0.0,0.0,C309990659,260676.87,341476.87,0,0
186,TRANSFER,315867.33,C2017206589,21275.0,0.0,C1337897304,0.0,315867.33,0,0
297,CASH_IN,33062.64,C1026406310,17735140.02,17768202.66,C1516973244,2574020.79,2540958.15,0,0
259,CASH_OUT,270080.69,C461231819,67430.0,0.0,C1037665495,0.0,270080.69,0,0
20,CASH_OUT,92960.28,C1769500628,0.0,0.0,C586176303,14811603.65,14904563.93,0,0
306,CASH_OUT,70308.41,C1719391445,4441.0,0.0,C1572707369,0.0,70308.41,0,0
404,CASH_OUT,90285.72,C1193709770,35610.0,0.0,C1745165080,0.0,90285.72,0,0
588,CASH_OUT,330432.85,C1580584203,7019.0,0.0,C811884575,14171991.59,14502424.44,0,0
163,CASH_IN,34873.25,C4411997,3855823.66,3890696.92,C1964134718,47102.37,12229.12,0,0
401,CASH_OUT,228151.83,C1736914004,0.0,0.0,C655899798,573230.65,801382.48,0,0
158,TRANSFER,410271.01,C1213939138,21871.0,0.0,C1116705851,0.0,410271.01,0,0
379,CASH_IN,56400.29,C2018539721,6761811.58,6818211.87,C1537990765,1397115.97,1340715.68,0,0
18,PAYMENT,162.47,C669105491,0.0,0.0,M347293431,0.0,0.0,0,0
403,CASH_OUT,163766.7,C898951247,22563.0,0.0,C1967925676,251332.25,415098.95,0,0
180,CASH_IN,161141.07,C1769522991,51132.0,212273.07,C1607839433,565331.75,404190.68,0,0
227,CASH_IN,231711.94,C1052885645,10130045.25,10361757.19,C1449815741,970113.43,738401.5,0,0
337,CASH_IN,49201.38,C620146144,2617557.74,2666759.13,C734014162,542430.53,493229.14,0,0
594,CASH_OUT,128706.98,C572882618,108992.0,0.0,C619309107,5233863.57,5362570.55,0,0
250,PAYMENT,25754.59,C1726383865,175395.0,149640.41,M642391576,0.0,0.0,0,0
374,CASH_OUT,287334.05,C1025600285,0.0,0.0,C94978319,1513690.16,1801024.21,0,0
260,PAYMENT,3182.2,C1181750131,11682.37,8500.17,M824610484,0.0,0.0,0,0
121,CASH_IN,159218.83,C584549635,8936130.86,9095349.69,C761139387,541705.43,382486.61,0,0
230,PAYMENT,23916.55,C1198556428,486517.42,462600.87,M946945195,0.0,0.0,0,0
212,PAYMENT,5545.04,C1874127223,50135.0,44589.96,M1627434936,0.0,0.0,0,0
191,CASH_OUT,26480.26,C1796669620,0.0,0.0,C316568730,802069.48,828549.73,0,0
403,CASH_OUT,48126.73,C1980588064,0.0,0.0,C16485504,12419430.72,12467557.44,0,0
302,PAYMENT,21269.38,C1921300863,0.0,0.0,M1351551952,0.0,0.0,0,0
479,PAYMENT,1117.85,C2089832231,50687.0,49569.15,M1558901778,0.0,0.0,0,0
40,CASH_IN,59986.67,C1494795766,3522513.37,3582500.04,C470400092,465917.57,405930.9,0,0
352,TRANSFER,358758.31,C42011805,50096.0,0.0,C22436005,0.0,358758.31,0,0
46,CASH_OUT,115407.15,C1461522831,109369.78,0.0,C1454129142,152720.37,268127.53,0,0
321,CASH_OUT,11387.98,C1773358337,0.0,0.0,C1197121354,41888.64,53276.62,0,0
357,CASH_OUT,174993.93,C1393523726,0.0,0.0,C1475642174,601989.17,776983.1,0,0
404,PAYMENT,12365.88,C599519016,21914.0,9548.12,M2128087305,0.0,0.0,0,0
179,CASH_IN,201567.2,C2126982556,19922.0,221489.2,C1989890694,236424.9,34857.7,0,0
120,TRANSFER,205352.9,C62270944,5505.0,0.0,C703568637,101592.39,306945.29,0,0
380,TRANSFER,527121.36,C2102411308,0.0,0.0,C1259454228,6174900.43,6702021.79,0,0
303,CASH_IN,60766.07,C1445040870,21184.0,81950.07,C912405348,1979814.33,1919048.27,0,0
202,PAYMENT,5309.04,C1428211696,88170.63,82861.59,M1668207665,0.0,0.0,0,0
40,PAYMENT,914.35,C596473413,0.0,0.0,M2074385336,0.0,0.0,0,0
212,CASH_OUT,56363.88,C903709147,0.0,0.0,C505956877,586918.29,643282.17,0,0
548,PAYMENT,4749.54,C1164056404,0.0,0.0,M1845976735,0.0,0.0,0,0
334,PAYMENT,4008.74,C545513965,68446.0,64437.26,M2109739089,0.0,0.0,0,0
188,PAYMENT,1012.7,C970784777,0.0,0.0,M319596350,0.0,0.0,0,0
687,CASH_OUT,19819.49,C412284004,4067.0,0.0,C40203682,0.0,19819.49,0,0
207,CASH_OUT,58218.45,C1184551418,21193.0,0.0,C682775581,1703805.11,1854665.29,0,0
203,PAYMENT,15925.09,C2060077184,0.0,0.0,M715089477,0.0,0.0,0,0
184,PAYMENT,14644.25,C500212929,240829.45,226185.19,M1995397005,0.0,0.0,0,0
399,CASH_OUT,522832.94,C235487960,314305.0,0.0,C983589089,77201.04,600033.99,0,0
163,CASH_OUT,37084.27,C306131861,0.0,0.0,C1634557520,1971993.89,2009078.17,0,0
210,TRANSFER,398804.95,C375847867,0.0,0.0,C1017788245,1244895.56,1643700.5,0,0
405,CASH_OUT,40606.73,C1443766132,3555.0,0.0,C1027875116,115283.08,155889.81,0,0
374,PAYMENT,2381.85,C1805871600,0.0,0.0,M1499486194,0.0,0.0,0,0
349,PAYMENT,16323.53,C1754286769,0.0,0.0,M1729994244,0.0,0.0,0,0
348,CASH_OUT,146415.33,C1679194774,0.0,0.0,C971856077,1615153.36,1761568.69,0,0
249,CASH_IN,85425.81,C1234426928,4016644.94,4102070.74,C105936896,185771.77,100345.96,0,0
188,CASH_OUT,35036.04,C138542375,99880.0,64843.96,C1020643798,177362.6,212398.64,0,0
38,CASH_OUT,2183.36,C869139409,4543.0,2359.64,C1267914415,596921.29,599104.65,0,0
18,CASH_OUT,413649.81,C1701778759,65079.0,0.0,C368045526,0.0,226963.81,0,0
17,CASH_IN,127124.19,C226016465,4796823.95,4923948.15,C481030367,728941.46,859186.39,0,0
299,CASH_OUT,160623.27,C667611438,10114.0,0.0,C2116967997,826548.91,987172.18,0,0
156,CASH_IN,17500.24,C207504136,1229443.24,1246943.48,C728021450,35071.5,17571.26,0,0
395,CASH_IN,257246.93,C1745655113,14650.0,271896.93,C416023239,0.0,0.0,0,0
186,PAYMENT,4701.17,C1986041197,0.0,0.0,M244864775,0.0,0.0,0,0
254,CASH_IN,230609.46,C1884384586,18830468.22,19061077.68,C126137972,434254.28,203644.82,0,0
328,TRANSFER,275808.47,C630181887,0.0,0.0,C1288380642,1531173.29,1974573.78,0,0
526,TRANSFER,1268859.19,C1203976859,0.0,0.0,C830132247,2290621.28,3559480.47,0,0
225,CASH_OUT,101644.61,C1153728964,0.0,0.0,C1704244747,4373690.89,4475335.5,0,0
204,CASH_IN,290175.44,C1395731321,3831367.34,4121542.77,C1551471676,512131.99,221956.56,0,0
282,CASH_OUT,54665.37,C316005598,100677.0,46011.63,C1642590389,0.0,54665.37,0,0
259,CASH_OUT,179352.74,C1882470881,1415.0,0.0,C244237237,0.0,179352.74,0,0
226,CASH_OUT,129728.03,C1200724491,30009.0,0.0,C298041372,1730118.82,1859846.86,0,0
252,CASH_OUT,48858.65,C67302854,0.0,0.0,C1839423588,310324.03,359182.68,0,0
327,CASH_IN,72767.09,C813193045,20906.0,93673.09,C1854657074,0.0,0.0,0,0
93,PAYMENT,8014.49,C865846627,152.0,0.0,M2141896263,0.0,0.0,0,0
188,CASH_OUT,209669.08,C1023472231,0.0,0.0,C1812440365,10663224.17,10872893.24,0,0
275,CASH_IN,157751.46,C308097337,28840.95,186592.41,C1981719927,504570.4,346818.94,0,0
322,CASH_OUT,16994.65,C302523804,11169.0,0.0,C99454717,216401.38,233396.02,0,0
229,PAYMENT,33117.52,C1579722513,14435.0,0.0,M1059697330,0.0,0.0,0,0
185,CASH_OUT,155411.97,C1133263734,19699.0,0.0,C1935726114,200996.61,356408.58,0,0
236,PAYMENT,13352.71,C760137592,24650.0,11297.29,M1805470926,0.0,0.0,0,0
213,CASH_OUT,292793.09,C949031830,0.0,0.0,C1583397,443739.55,736532.64,0,0
330,CASH_IN,396449.93,C1104806659,6751804.62,7148254.55,C277383361,1587967.46,1191517.53,0,0
284,CASH_OUT,206952.55,C1679092611,0.0,0.0,C1840247806,2383400.77,2590353.32,0,0
304,PAYMENT,77063.3,C2124138337,0.0,0.0,M465532086,0.0,0.0,0,0
236,CASH_OUT,126444.1,C1561888225,0.0,0.0,C2037653061,514083.05,640527.15,0,0
208,PAYMENT,9716.99,C827627845,124552.22,114835.23,M1853702807,0.0,0.0,0,0
350,CASH_OUT,317143.88,C170498969,0.0,0.0,C89488546,739353.56,1056497.44,0,0
137,DEBIT,1299.11,C1835310891,133.0,0.0,C423907983,67696.25,68995.36,0,0
299,CASH_OUT,101980.02,C116853143,5411.0,0.0,C911629685,247172.36,349152.38,0,0
282,CASH_OUT,12904.02,C1941861082,9988.0,0.0,C193205976,0.0,12904.02,0,0
182,CASH_IN,220130.77,C1613507023,753508.7,973639.47,C716745856,1670641.81,1450511.04,0,0
135,CASH_IN,188426.96,C757702812,228.0,188654.96,C142537287,1443667.83,1255240.86,0,0
44,CASH_OUT,142662.0,C905349413,7043.0,0.0,C1040856084,24835.07,167497.07,0,0
19,PAYMENT,6483.55,C163095071,56193.11,49709.57,M2092759359,0.0,0.0,0,0
330,CASH_IN,293679.25,C1105846845,4319656.09,4613335.34,C696781189,342218.54,48539.29,0,0
469,CASH_OUT,105928.98,C1820030382,0.0,0.0,C1356211881,147680.68,253609.67,0,0
155,CASH_IN,4432.95,C422722006,2997202.75,3001635.7,C1212922449,297886.11,152610.27,0,0
403,CASH_OUT,200646.22,C486634620,0.0,0.0,C1376364381,10261293.42,10461939.64,0,0
353,CASH_IN,13050.95,C697106393,103.0,13153.95,C1093394649,563617.02,550566.06,0,0
394,PAYMENT,5215.72,C1222080442,15217.0,10001.28,M426711540,0.0,0.0,0,0
251,CASH_OUT,131097.27,C1296089208,0.0,0.0,C21259261,577107.13,708204.4,0,0
331,CASH_OUT,3511.42,C1251695237,279663.0,276151.58,C440057969,55803.21,59314.63,0,0
331,TRANSFER,1048379.65,C950754605,0.0,0.0,C205300866,1102861.62,1813734.55,0,0
353,CASH_IN,382414.51,C1385524894,2102801.63,2485216.14,C321717015,5857099.3,5474684.79,0,0
298,CASH_OUT,285049.75,C907787679,0.0,0.0,C259668624,1288428.26,1573478.02,0,0
140,PAYMENT,7484.06,C1662079433,210603.18,203119.13,M1433248466,0.0,0.0,0,0
9,CASH_OUT,198208.25,C545159247,34035.0,0.0,C911334012,8006.0,206214.25,0,0
259,TRANSFER,452668.85,C56076467,9995.0,0.0,C435957655,3607399.49,4060068.34,0,0
356,PAYMENT,27127.71,C1985736158,792769.21,765641.5,M1296210852,0.0,0.0,0,0
210,CASH_IN,23633.23,C720802155,6438679.2,6462312.44,C670588416,1984155.14,1960521.91,0,0
181,CASH_IN,287784.3,C1349085780,51833.0,339617.3,C822705596,2303438.16,2015653.85,0,0
184,CASH_OUT,267049.92,C619886947,157.0,0.0,C1801322667,0.0,531664.84,0,0
380,CASH_OUT,223682.32,C1433292141,67293.57,0.0,C2107074572,290188.82,513871.14,0,0
163,CASH_OUT,101772.46,C1600113350,0.0,0.0,C2013336145,6005873.25,6107645.71,0,0
163,TRANSFER,134133.59,C1054869830,22553.0,0.0,C1008486098,4947795.98,5081929.57,0,0
306,CASH_OUT,184839.7,C87547218,200046.0,15206.3,C1417851264,33553.53,218393.22,0,0
397,PAYMENT,7600.42,C1130696328,0.0,0.0,M1885776607,0.0,0.0,0,0
299,PAYMENT,21270.61,C348095628,0.0,0.0,M1869287273,0.0,0.0,0,0
162,CASH_OUT,275146.82,C1750104130,0.0,0.0,C160585452,11092664.44,11367811.26,0,0
416,PAYMENT,1718.22,C712499578,62489.0,60770.78,M1731082549,0.0,0.0,0,0
324,CASH_IN,25875.39,C1286183655,9220146.6,9246021.99,C2048898727,508203.13,482327.74,0,0
347,CASH_OUT,421386.8,C692211369,31456.29,0.0,C2007486879,3616801.34,4038188.14,0,0
393,CASH_IN,219007.69,C2141825646,674166.13,893173.82,C1053972393,1090123.29,871115.6,0,0
527,PAYMENT,3405.19,C397570857,5722.0,2316.81,M846419746,0.0,0.0,0,0
345,CASH_OUT,219517.88,C58443887,11960.0,0.0,C831869073,0.0,219517.88,0,0
164,PAYMENT,6484.28,C141321305,0.0,0.0,M1249338661,0.0,0.0,0,0
15,CASH_OUT,294703.8,C119687074,0.0,0.0,C562792191,3095224.23,3389928.04,0,0
311,PAYMENT,55589.32,C933723669,0.0,0.0,M2098086277,0.0,0.0,0,0
35,CASH_OUT,308791.94,C1204768967,0.0,0.0,C298859270,608601.01,1288166.04,0,0
277,PAYMENT,5656.06,C1769761910,107195.8,101539.74,M1018552951,0.0,0.0,0,0
403,PAYMENT,19353.05,C1527705728,0.0,0.0,M487689220,0.0,0.0,0,0
251,CASH_OUT,311687.65,C256844169,6057.0,0.0,C1373646133,491663.02,803350.67,0,0
157,CASH_OUT,83469.97,C1480990539,0.0,0.0,C27988525,228190.72,311660.69,0,0
330,CASH_IN,68915.58,C1661629847,27024347.01,27093262.6,C685673425,168783.06,107717.81,0,0
346,CASH_OUT,164653.7,C1087119968,0.0,0.0,C1164083160,316353.64,481007.33,0,0
303,CASH_OUT,53058.9,C250452514,0.0,0.0,C2028028938,98347.8,151406.71,0,0
254,CASH_IN,174826.3,C993790294,645.0,175471.3,C1657950736,7647.97,0.0,0,0
158,CASH_OUT,189027.29,C14678924,2021.0,0.0,C775043389,2097709.81,2286737.1,0,0
379,PAYMENT,19213.14,C750772367,198.0,0.0,M1579223248,0.0,0.0,0,0
17,CASH_OUT,210816.82,C1879345756,0.0,0.0,C167175733,463488.28,662203.68,0,0
201,PAYMENT,13676.3,C358587945,159606.92,145930.63,M1319167875,0.0,0.0,0,0
34,CASH_IN,164114.2,C652217554,11225.0,175339.2,C152500175,16989.79,0.0,0,0
253,CASH_OUT,68255.33,C1590199173,11588.0,0.0,C2122649762,1566531.7,1634787.03,0,0
181,CASH_IN,51123.7,C1898882733,3971526.13,4022649.83,C358109405,419498.17,368374.47,0,0
691,PAYMENT,4533.53,C141426917,64774.71,60241.18,M651532695,0.0,0.0,0,0
304,CASH_OUT,97137.68,C379736852,0.0,0.0,C814104058,2443228.58,2540366.26,0,0
540,PAYMENT,78053.8,C624278362,0.0,0.0,M1051616589,0.0,0.0,0,0
303,CASH_OUT,338412.33,C522133675,0.0,0.0,C159111205,7925634.84,8264047.18,0,0
403,CASH_IN,80183.59,C68294228,13001078.69,13081262.28,C423821798,6474894.75,6394711.16,0,0
275,PAYMENT,6156.79,C1848470423,414017.86,407861.08,M1409675842,0.0,0.0,0,0
357,PAYMENT,19807.01,C917517529,20467.0,659.99,M461584065,0.0,0.0,0,0
307,PAYMENT,10486.48,C300096137,0.0,0.0,M582615267,0.0,0.0,0,0
564,TRANSFER,1148981.66,C867453106,15016.0,0.0,C59037451,0.0,1148981.66,0,0
227,TRANSFER,623231.55,C717279764,19976.0,0.0,C1970134978,6738507.47,7361739.02,0,0
306,PAYMENT,22657.08,C495405889,20528.0,0.0,M1061200428,0.0,0.0,0,0
17,CASH_IN,101434.06,C1158266007,633655.45,735089.52,C825806210,607146.51,505712.44,0,0
186,CASH_IN,220394.7,C602691247,10049.0,230443.7,C1316106938,104306.2,0.0,0,0
161,CASH_OUT,134160.48,C100056004,330162.0,196001.52,C229095077,250485.63,384646.12,0,0
157,CASH_IN,38167.78,C111451295,8687924.07,8726091.85,C1458066039,51367.69,13199.91,0,0
178,PAYMENT,13181.45,C1494805425,19007.0,5825.55,M1159827236,0.0,0.0,0,0
44,PAYMENT,9410.73,C751753737,11104.0,1693.27,M1467752325,0.0,0.0,0,0
162,PAYMENT,12519.28,C288411356,0.0,0.0,M981422222,0.0,0.0,0,0
187,CASH_OUT,323385.08,C946928258,182731.0,0.0,C280254276,590561.48,913946.56,0,0
396,CASH_IN,13380.33,C918164814,31177.0,44557.33,C493106880,601159.13,587778.8,0,0
303,PAYMENT,2997.56,C894655933,3765.0,767.44,M2007764537,0.0,0.0,0,0
133,TRANSFER,43300.13,C1888780302,0.0,0.0,C349021642,1160292.84,1048789.57,0,0
351,PAYMENT,4288.06,C202960300,594133.05,589844.99,M1027655882,0.0,0.0,0,0
178,TRANSFER,1072446.28,C418923802,14315.0,0.0,C1472886553,0.0,1072446.28,0,0
466,CASH_IN,83332.67,C524539567,909601.42,992934.09,C1538962828,445082.02,361749.34,0,0
135,CASH_IN,360555.85,C1161071578,15121740.58,15482296.44,C2090959722,403179.73,42623.88,0,0
225,PAYMENT,31149.16,C589096156,169.0,0.0,M35580137,0.0,0.0,0,0
258,CASH_OUT,34861.05,C519780636,16143.0,0.0,C2127964516,1005691.86,1040552.92,0,0
306,CASH_IN,50504.51,C1165774940,22074461.17,22124965.68,C119388065,4732990.02,4682485.5,0,0
379,CASH_OUT,106351.11,C1168559565,51674.0,0.0,C1100811638,0.0,106351.11,0,0
132,CASH_IN,36962.74,C1730954828,1358759.11,1395721.84,C454643731,227491.32,278194.84,0,0
235,CASH_OUT,228298.75,C1673516638,0.0,0.0,C150278342,692612.72,920911.47,0,0
299,PAYMENT,13997.9,C2047591290,274419.66,260421.76,M1468046119,0.0,0.0,0,0
188,PAYMENT,6871.45,C1677259307,52119.0,45247.55,M1479435501,0.0,0.0,0,0
234,PAYMENT,23272.07,C758012167,0.0,0.0,M481214971,0.0,0.0,0,0
41,CASH_IN,134444.06,C595672746,182311.74,316755.8,C677754789,761236.75,426125.82,0,0
33,PAYMENT,19861.71,C813324223,31232.11,11370.41,M19511612,0.0,0.0,0,0
185,PAYMENT,5302.09,C1168073359,58854.0,53551.91,M1956828783,0.0,0.0,0,0
692,CASH_IN,61030.94,C1353905377,15289.0,76319.94,C828057627,170356.66,109325.72,0,0
155,CASH_OUT,148842.9,C830857868,0.0,0.0,C9916816,630484.71,779327.61,0,0
373,CASH_OUT,74376.47,C661383029,5688.0,0.0,C224183476,0.0,74376.47,0,0
44,TRANSFER,28188.03,C281933041,0.0,0.0,C685443643,1185170.79,1213358.82,0,0
12,PAYMENT,1812.26,C84781504,0.0,0.0,M32658802,0.0,0.0,0,0
300,CASH_OUT,283545.83,C632222793,14904.0,0.0,C398370844,432959.54,716505.37,0,0
263,PAYMENT,2416.5,C1138288702,18868.6,16452.1,M1173354438,0.0,0.0,0,0
278,CASH_IN,407042.31,C789454732,20931.0,427973.31,C1735530870,222751.45,0.0,0,0
370,CASH_OUT,22913.89,C2052269293,0.0,0.0,C911684358,2628711.2,2651625.08,0,0
328,PAYMENT,20214.48,C68543235,479487.0,459272.52,M1151755303,0.0,0.0,0,0
379,CASH_IN,69033.3,C547245189,6477936.06,6546969.36,C1656081951,317360.12,248326.82,0,0
398,CASH_OUT,372672.84,C552682632,0.0,0.0,C475508257,522216.96,894889.8,0,0
371,CASH_OUT,214040.62,C1812865101,144222.0,0.0,C1216408407,634061.21,848101.83,0,0
187,CASH_IN,21547.76,C1512876004,4545680.89,4567228.65,C470133672,385554.37,364006.61,0,0
130,CASH_OUT,140809.57,C1454467600,0.0,0.0,C438709393,202910.03,343719.6,0,0
39,CASH_IN,232704.73,C1124774258,156.0,232860.73,C4442455,2291259.04,2058554.32,0,0
44,CASH_OUT,130571.39,C111690512,218.0,0.0,C1970959125,22652.16,153223.55,0,0
202,PAYMENT,13764.91,C1005798664,20257.0,6492.09,M203278984,0.0,0.0,0,0
40,CASH_OUT,201096.66,C1220998696,0.0,0.0,C1079108275,23459.32,224555.99,0,0
260,PAYMENT,9066.43,C1746203813,37271.81,28205.38,M201136979,0.0,0.0,0,0
19,CASH_OUT,41239.38,C1971865841,0.0,0.0,C1381846905,2654862.04,2696101.42,0,0
19,CASH_IN,42157.21,C1104907745,532.0,42689.21,C1153624917,176413.85,134256.64,0,0
229,CASH_IN,172602.02,C1716089195,4911454.01,5084056.03,C1618307593,748414.6,1023828.09,0,0
235,PAYMENT,12280.93,C1151945538,16649.0,4368.07,M246178265,0.0,0.0,0,0
251,CASH_IN,194200.33,C568438800,15941.0,210141.33,C1240715312,0.0,0.0,0,0
130,CASH_OUT,258568.98,C1906287126,0.0,0.0,C1166451718,485240.1,743809.08,0,0
352,CASH_IN,276536.08,C709445332,152.0,276688.08,C1748659495,0.0,0.0,0,0
24,TRANSFER,169928.7,C1232267921,0.0,0.0,C1573799930,2271853.01,2441781.71,0,0
201,CASH_OUT,181884.4,C955444221,0.0,0.0,C2100620742,308019.85,489904.24,0,0
162,CASH_OUT,179590.91,C231814802,20293.0,0.0,C1799153610,0.0,179590.91,0,0
281,CASH_OUT,212018.21,C1232605054,39984.0,0.0,C298283340,676442.84,888461.05,0,0
18,CASH_OUT,228493.5,C5480517,0.0,0.0,C1785526750,369125.42,597618.92,0,0
273,CASH_OUT,96140.4,C1585612108,0.0,0.0,C443044974,3155932.4,3252072.8,0,0
17,PAYMENT,6154.3,C151230374,99848.0,93693.7,M1616351954,0.0,0.0,0,0
542,PAYMENT,17926.3,C1515582300,0.0,0.0,M2126617200,0.0,0.0,0,0
203,CASH_OUT,326537.4,C390263160,0.0,0.0,C2006476360,881217.6,1207754.99,0,0
377,CASH_OUT,161209.0,C1017681238,1167.0,0.0,C177419291,16158.05,177367.06,0,0
259,CASH_OUT,44431.17,C790551705,51736.0,7304.83,C571553711,206858.53,251289.7,0,0
47,CASH_IN,32013.41,C433840190,4316729.61,4348743.01,C1848557244,47148.23,15134.82,0,0
360,TRANSFER,1367175.89,C485641353,0.0,0.0,C66474285,2250786.81,3617962.7,0,0
212,CASH_OUT,90495.77,C1096507966,0.0,0.0,C940123988,9334968.09,9425463.86,0,0
283,CASH_IN,225022.83,C238344076,420462.65,645485.48,C25737080,709590.49,484567.65,0,0
19,CASH_OUT,100869.36,C1373347185,0.0,0.0,C1406522878,1188934.04,2594429.81,0,0
380,CASH_IN,17133.14,C2065766731,503.0,17636.14,C1502274162,5349893.53,5332760.39,0,0
278,PAYMENT,4215.63,C398799062,110908.59,106692.96,M1919357160,0.0,0.0,0,0
9,CASH_OUT,146231.73,C1695549891,11576.0,0.0,C1616444076,0.0,0.0,0,0
202,TRANSFER,46382.23,C2059713800,0.0,0.0,C1559653204,171039.72,217421.95,0,0
356,TRANSFER,1641820.85,C1121746374,0.0,0.0,C183660831,4646591.79,6288412.64,0,0
162,PAYMENT,11751.02,C156430938,0.0,0.0,M565218410,0.0,0.0,0,0
378,PAYMENT,18382.65,C877458036,305637.0,287254.35,M144197290,0.0,0.0,0,0
322,CASH_IN,113413.05,C2086087498,53693.0,167106.05,C2073194453,2088204.07,1974791.02,0,0
330,CASH_IN,55184.67,C1567177649,7439839.76,7495024.43,C1317185802,77210.03,22025.36,0,0
42,CASH_IN,256474.4,C1715084332,69345.0,325819.4,C1990348608,779771.16,523296.77,0,0
260,CASH_IN,379489.3,C1998843897,2829574.67,3209063.97,C1693561644,1374045.25,994555.94,0,0
302,PAYMENT,2740.32,C1791041476,83570.0,80829.68,M1141067823,0.0,0.0,0,0
204,PAYMENT,12632.62,C732340183,99096.0,86463.38,M915139310,0.0,0.0,0,0
346,CASH_IN,238330.55,C1963691281,21429780.31,21668110.86,C2061011390,15395951.31,15157620.77,0,0
184,PAYMENT,18515.05,C1560034162,10194.0,0.0,M1998060485,0.0,0.0,0,0
250,CASH_IN,85727.71,C921992999,2295213.09,2380940.8,C106649786,4580437.27,4494709.56,0,0
328,PAYMENT,36597.21,C269371702,53101.94,16504.74,M1671482948,0.0,0.0,0,0
263,CASH_IN,83628.65,C546190479,1368411.6,1452040.25,C928119480,4629582.57,4545953.91,0,0
178,PAYMENT,660.2,C1972232705,149331.69,148671.48,M430728156,0.0,0.0,0,0
325,CASH_IN,216557.71,C1682401393,7717053.05,7933610.76,C397519138,274458.63,57900.92,0,0
187,CASH_OUT,217421.52,C1905954691,1555.0,0.0,C1448569925,1118147.84,1335569.36,0,0
474,PAYMENT,18056.22,C124215505,25133.45,7077.24,M866395320,0.0,0.0,0,0
255,CASH_IN,54951.22,C1497890181,295285.0,350236.22,C13396748,0.0,0.0,0,0
12,TRANSFER,17430.51,C790280137,0.0,0.0,C306477372,374898.16,392328.67,0,0
355,CASH_IN,44361.3,C1667627347,65825.17,110186.47,C1764723931,4546979.25,4502617.95,0,0
332,CASH_OUT,254848.91,C338703943,0.0,0.0,C2109641245,2700434.0,2955282.91,0,0
301,CASH_IN,120318.41,C2117263811,765.0,121083.41,C672916147,0.0,0.0,0,0
264,CASH_OUT,10262.14,C771106322,0.0,0.0,C110931808,10693.2,20955.34,0,0
33,CASH_OUT,142752.1,C2079384881,144938.0,2185.9,C1743677413,976319.73,1119071.84,0,0
35,CASH_OUT,155608.06,C1092675699,0.0,0.0,C501169975,271347.04,426955.1,0,0
17,TRANSFER,1296192.15,C1983688360,859036.4,0.0,C1822964818,0.0,1296192.15,0,0
377,PAYMENT,4633.66,C1754054279,60808.0,56174.34,M1763527956,0.0,0.0,0,0
134,PAYMENT,29208.68,C1186577320,0.0,0.0,M1557009367,0.0,0.0,0,0
188,TRANSFER,56226.2,C1461036028,287512.82,231286.62,C1862063962,569675.7,625901.9,0,0
351,TRANSFER,322919.01,C2124761932,0.0,0.0,C1461100901,2844288.99,3167208.0,0,0
163,PAYMENT,2349.18,C895122909,459044.02,456694.85,M836676470,0.0,0.0,0,0
136,TRANSFER,644889.1,C1108204186,184287.84,0.0,C2087915501,4126086.09,4770975.18,0,0
282,CASH_OUT,54187.32,C745543066,2415.98,0.0,C89480022,6747621.68,6801809.0,0,0
164,TRANSFER,814656.17,C1113778725,12267.0,0.0,C143580560,6522628.34,7337284.51,0,0
307,PAYMENT,21940.86,C1213398289,36744.47,14803.61,M64705916,0.0,0.0,0,0
287,TRANSFER,94381.5,C852325196,0.0,0.0,C60552923,703196.58,797578.08,0,0
161,CASH_IN,25128.32,C782811870,588.0,25716.32,C1019655304,0.0,0.0,0,0
237,PAYMENT,2389.46,C1963664149,0.0,0.0,M618076302,0.0,0.0,0,0
139,CASH_OUT,68850.55,C501451837,0.0,0.0,C1643315505,2484040.34,2552890.89,0,0
400,PAYMENT,20643.81,C1126755685,40384.0,19740.19,M296663719,0.0,0.0,0,0
356,PAYMENT,2276.24,C1664206059,15953.0,13676.76,M600556284,0.0,0.0,0,0
514,CASH_IN,234383.03,C1588501267,1161535.51,1395918.54,C535228574,1091886.42,857503.39,0,0
371,CASH_IN,86618.61,C1122382335,50220.0,136838.61,C997773210,1799223.48,1712604.87,0,0
330,CASH_OUT,316172.72,C831414128,0.0,0.0,C1438339836,360403.63,676576.35,0,0
262,PAYMENT,5751.57,C210027085,34336.0,28584.43,M616446402,0.0,0.0,0,0
346,CASH_IN,421069.45,C1226964859,7176264.14,7597333.59,C986327375,4373162.86,3952093.41,0,0
36,CASH_IN,11175.28,C2081979334,32821.0,43996.28,C1012236862,0.0,0.0,0,0
330,PAYMENT,2382.1,C1677647933,84497.06,82114.96,M1833380815,0.0,0.0,0,0
161,PAYMENT,10383.16,C1652562492,0.0,0.0,M693523773,0.0,0.0,0,0
251,TRANSFER,1378642.41,C413229151,52153.0,0.0,C1752524197,0.0,1378642.41,0,0
205,TRANSFER,2064080.89,C1242822573,182.0,0.0,C84085618,0.0,2064080.89,0,0
378,CASH_OUT,323330.42,C826784525,0.0,0.0,C49182439,2257398.61,2580729.02,0,0
18,PAYMENT,6039.44,C380804821,0.0,0.0,M2086047518,0.0,0.0,0,0
305,PAYMENT,11955.66,C1815137924,20969.0,9013.34,M1724908120,0.0,0.0,0,0
301,CASH_OUT,399868.09,C865315303,0.0,0.0,C1805777816,1959757.86,2359625.95,0,0
159,TRANSFER,84214.78,C1452780307,42052.0,0.0,C437613983,2923188.82,3007403.6,0,0
162,CASH_OUT,363456.76,C1540270236,10265.0,0.0,C135024079,37841.05,401297.81,0,0
133,CASH_OUT,223290.95,C2125507280,107.0,0.0,C679893395,1050891.13,1274182.09,0,0
282,CASH_IN,177369.18,C1362472876,49204.0,226573.18,C1813159295,2104223.92,3103438.33,0,0
181,PAYMENT,26651.09,C166067089,0.0,0.0,M1840058148,0.0,0.0,0,0
140,CASH_OUT,73419.73,C826629423,5836.0,0.0,C856295815,2586158.64,2659578.37,0,0
259,PAYMENT,2018.16,C93075821,334768.0,332749.84,M44854515,0.0,0.0,0,0
156,CASH_IN,136573.29,C707113851,9237.0,145810.29,C682180740,3400865.47,3335984.05,0,0
281,CASH_OUT,234228.42,C1364105313,0.0,0.0,C1140042241,10539208.27,10773436.69,0,0
354,CASH_IN,190670.93,C61741753,251568.0,442238.93,C959448009,2665709.88,2475038.95,0,0
154,PAYMENT,5197.32,C185205219,164693.62,159496.31,M2105817571,0.0,0.0,0,0
348,CASH_OUT,295850.21,C1064770813,14465.0,0.0,C1350835218,0.0,295850.21,0,0
236,CASH_OUT,90722.72,C1894133115,0.0,0.0,C589912514,159527.97,250250.7,0,0
158,PAYMENT,12201.17,C634943662,0.0,0.0,M848457009,0.0,0.0,0,0
129,CASH_OUT,41771.55,C511939076,0.0,0.0,C1034631876,1111256.88,874593.18,0,0
299,PAYMENT,41597.49,C1570196790,10658.0,0.0,M746593291,0.0,0.0,0,0
204,CASH_OUT,70205.99,C838388357,91347.96,21141.98,C2114722910,243703.55,313909.54,0,0
234,CASH_IN,217609.56,C801542680,11324.0,228933.56,C605111610,0.0,0.0,0,0
378,PAYMENT,10952.93,C1494305939,0.0,0.0,M1664757152,0.0,0.0,0,0
10,CASH_OUT,250888.78,C1535894771,0.0,0.0,C979719862,3816129.67,4067018.45,0,0
403,PAYMENT,682.93,C1428438854,83.0,0.0,M2091852852,0.0,0.0,0,0
597,CASH_IN,107349.73,C59072622,259.0,107608.73,C725104742,0.0,0.0,0,0
129,CASH_IN,326268.57,C144398368,6228408.1,6554676.67,C1993078563,11104360.1,10778091.53,0,0
235,PAYMENT,7459.83,C640475217,3759.0,0.0,M1367079074,0.0,0.0,0,0
297,CASH_OUT,265614.85,C613268305,0.0,0.0,C1152034137,870894.46,1136509.31,0,0
374,CASH_OUT,33571.47,C13731381,0.0,0.0,C209390151,3082184.41,3115755.88,0,0
43,CASH_OUT,330006.97,C1163910872,0.0,0.0,C195623582,1285703.6,1615710.56,0,0
40,CASH_OUT,108843.87,C658546898,0.0,0.0,C1176958501,2319707.96,2428551.83,0,0
302,CASH_OUT,52911.18,C1662995187,0.0,0.0,C572717681,555707.56,608618.73,0,0
280,PAYMENT,1994.99,C1184935878,368889.0,366894.01,M581664570,0.0,0.0,0,0
178,CASH_OUT,112311.13,C1942539094,14895.0,0.0,C1416681880,661614.48,773925.62,0,0
180,CASH_OUT,96193.98,C621883621,0.0,0.0,C1107369132,386997.1,483191.07,0,0
10,PAYMENT,5976.41,C163827194,21121.0,15144.59,M600750993,0.0,0.0,0,0
353,CASH_OUT,176365.65,C612282256,50060.0,0.0,C751873938,372274.83,548640.48,0,0
298,PAYMENT,19622.63,C479026742,0.0,0.0,M84629405,0.0,0.0,0,0
209,CASH_OUT,292647.08,C410277874,158988.0,0.0,C1834424284,0.0,292647.08,0,0
692,TRANSFER,233072.64,C1470691826,2066.0,0.0,C1752350928,1671292.92,1904365.56,0,0
43,PAYMENT,5437.85,C1449021620,151500.06,146062.21,M658044272,0.0,0.0,0,0
209,PAYMENT,4977.95,C1721128701,11125.0,6147.05,M1979250477,0.0,0.0,0,0
278,CASH_OUT,487302.47,C151514376,8611.0,0.0,C1842786996,64066.98,641605.21,0,0
328,CASH_OUT,96547.13,C899940666,0.0,0.0,C173882053,6433890.39,6530437.52,0,0
37,CASH_IN,210489.76,C1207027015,31559.0,242048.76,C140848381,0.0,0.0,0,0
281,CASH_OUT,75291.84,C474273111,0.0,0.0,C1682708204,1540658.07,1615949.92,0,0
134,CASH_IN,148089.64,C1975959167,49775.0,197864.64,C326585802,50972.47,0.0,0,0
17,PAYMENT,2533.26,C383818638,38748.38,36215.12,M1405896889,0.0,0.0,0,0
330,CASH_OUT,226100.07,C1285568113,119997.0,0.0,C1094535295,0.0,226100.07,0,0
202,CASH_OUT,168618.19,C1591776495,30052.0,0.0,C509010084,44839.66,213457.85,0,0
189,TRANSFER,95068.79,C825125203,0.0,0.0,C998351292,11982527.16,12077595.95,0,0
203,CASH_IN,181368.3,C454219178,2056.0,183424.3,C1176447033,21797.17,0.0,0,0
304,CASH_OUT,342124.91,C998313976,21085.0,0.0,C1492631545,0.0,342124.91,0,0
235,CASH_IN,197636.62,C1242625092,14967778.88,15165415.5,C1876456649,888529.4,690892.78,0,0
139,TRANSFER,37509.16,C1990332487,0.0,0.0,C1753126029,380758.98,418268.14,0,0
35,PAYMENT,5717.56,C1023629115,292497.23,286779.67,M1942947037,0.0,0.0,0,0
180,CASH_IN,59427.47,C712948492,3988735.4,4048162.87,C702869494,2267141.3,2207713.83,0,0
325,PAYMENT,28747.57,C611873971,2016.0,0.0,M965330784,0.0,0.0,0,0
522,CASH_OUT,256907.21,C493244557,415712.0,158804.79,C2030460466,0.0,256907.21,0,0
182,PAYMENT,6810.48,C1328803565,12934.0,6123.52,M1374488764,0.0,0.0,0,0
153,CASH_IN,139176.68,C1079184417,8697229.75,8836406.43,C995575815,540417.05,401240.38,0,0
232,CASH_IN,106362.75,C952349713,146093.0,252455.75,C281811921,0.0,0.0,0,0
156,PAYMENT,12355.58,C1674220591,0.0,0.0,M2032504797,0.0,0.0,0,0
187,CASH_OUT,179784.12,C1724204055,0.0,0.0,C918523964,12531881.64,12711665.76,0,0
210,CASH_IN,311395.87,C589738412,527634.62,839030.49,C1929330403,1383223.0,1071827.13,0,0
42,PAYMENT,7618.94,C1820226042,0.0,0.0,M2009894710,0.0,0.0,0,0
256,TRANSFER,1159982.48,C2060487927,0.0,0.0,C483617023,2801253.91,3961236.39,0,0
133,CASH_IN,290111.47,C87567641,5710894.86,6001006.32,C1221477769,466801.64,176690.18,0,0
322,CASH_OUT,105397.05,C1677290446,143523.42,38126.37,C1334924058,1076530.68,1181927.73,0,0
9,CASH_OUT,368719.63,C2098262024,42.0,0.0,C1803715841,200753.27,0.0,0,0
281,CASH_IN,77754.19,C294369730,42344.0,120098.19,C158749909,116182.81,38428.61,0,0
18,PAYMENT,20807.97,C1385695981,197222.57,176414.6,M2136011825,0.0,0.0,0,0
137,CASH_OUT,43663.32,C1176552158,193.0,0.0,C1335105489,1640965.11,1684628.43,0,0
16,CASH_OUT,173238.59,C1339817075,0.0,0.0,C1827845688,1048107.57,1221346.17,0,0
202,TRANSFER,118635.83,C594878433,0.0,0.0,C1029056080,7541348.39,7659984.21,0,0
21,CASH_OUT,135269.27,C1162166550,13121.0,0.0,C2113426627,154912.0,277723.14,0,0
373,TRANSFER,129492.48,C350974618,0.0,0.0,C391948559,615834.42,745326.9,0,0
94,PAYMENT,17246.88,C63065453,44146.0,26899.12,M1733337395,0.0,0.0,0,0
207,CASH_OUT,21482.44,C598153493,98149.0,76666.56,C1776093874,1896118.67,1917601.11,0,0
283,PAYMENT,8593.0,C516149009,72413.0,63820.0,M1452695518,0.0,0.0,0,0
202,CASH_OUT,358728.67,C483935741,204115.0,0.0,C1953408808,6907487.28,7266215.94,0,0
592,CASH_IN,185139.67,C1441509220,10011.0,195150.67,C1651264402,0.0,0.0,0,0
308,PAYMENT,1863.53,C1344110031,14228.0,12364.47,M460793332,0.0,0.0,0,0
236,PAYMENT,9784.8,C581290773,14790.0,5005.2,M1267269035,0.0,0.0,0,0
38,CASH_OUT,62787.01,C1230285031,222688.53,159901.51,C2109470512,18745370.17,18808157.18,0,0
182,CASH_OUT,185152.82,C337074314,5268.0,0.0,C1706688092,242382.65,427535.47,0,0
253,PAYMENT,23320.66,C811285397,47189.77,23869.1,M407604220,0.0,0.0,0,0
13,PAYMENT,2616.52,C20874064,218295.15,215678.63,M1493562253,0.0,0.0,0,0
177,PAYMENT,398.64,C158808879,101.0,0.0,M1817003773,0.0,0.0,0,0
154,CASH_IN,127600.3,C1538517283,407706.17,535306.46,C885582848,142592.6,14992.31,0,0
331,CASH_IN,138929.02,C841879136,710510.03,849439.06,C865064882,1427328.27,1288399.24,0,0
212,PAYMENT,8774.98,C951960607,99427.32,90652.34,M2117441922,0.0,0.0,0,0
355,PAYMENT,7994.7,C1954096084,0.0,0.0,M1546797347,0.0,0.0,0,0
139,CASH_IN,102311.46,C1391634782,137.0,102448.46,C974271117,0.0,0.0,0,0
154,CASH_OUT,332288.91,C93229888,262341.82,0.0,C1029298931,987532.54,1319821.45,0,0
354,TRANSFER,911418.02,C233109784,0.0,0.0,C2006767881,5258327.9,6169745.92,0,0
307,CASH_OUT,73872.16,C946718694,0.0,0.0,C1642452662,154606.59,228478.74,0,0
164,CASH_IN,223830.11,C1131659949,2802763.93,3026594.04,C1796091521,3892646.55,3668816.44,0,0
257,PAYMENT,14748.08,C1831194810,32182.0,17433.92,M481170601,0.0,0.0,0,0
38,CASH_OUT,145134.19,C343685947,0.0,0.0,C630851451,345552.88,490687.08,0,0
403,CASH_IN,148248.88,C137870913,14650721.05,14798969.93,C1952295677,1710858.05,1562609.17,0,0
139,PAYMENT,4455.3,C158152434,0.0,0.0,M1734095651,0.0,0.0,0,0
130,CASH_IN,185775.13,C1339431301,2169229.67,2355004.8,C306836042,660712.99,474937.86,0,0
525,PAYMENT,43653.73,C1464163829,49901.0,6247.27,M364748914,0.0,0.0,0,0
43,TRANSFER,2364879.88,C140991909,0.0,0.0,C1561335644,2377938.02,4747831.92,0,0
17,CASH_OUT,72437.69,C1962028105,15832.0,0.0,C113842667,21143.0,253812.47,0,0
16,CASH_IN,44528.91,C1714912724,6239777.12,6284306.03,C568870786,325601.31,281072.4,0,0
183,CASH_OUT,101947.66,C216750874,56763.35,0.0,C1235936698,185904.47,869102.83,0,0
355,CASH_OUT,137356.68,C1705558316,50289.0,0.0,C1125273393,189118.87,326475.55,0,0
209,CASH_OUT,45607.04,C1270523413,0.0,0.0,C1679122482,4122378.27,4167985.31,0,0
157,CASH_OUT,37418.17,C1658568823,0.0,0.0,C379412788,640777.68,678195.85,0,0
299,CASH_IN,160470.15,C2059482451,57893.0,218363.15,C1027635332,0.0,0.0,0,0
9,CASH_OUT,147496.56,C901529232,0.0,0.0,C388910394,263487.23,405306.93,0,0
304,CASH_IN,16696.95,C1265691048,42768.0,59464.95,C852061063,92162.25,75465.3,0,0
140,CASH_IN,25202.65,C1590071846,8252.0,33454.65,C2020943971,92494.0,67291.35,0,0
40,PAYMENT,11283.33,C644842826,0.0,0.0,M613493090,0.0,0.0,0,0
251,CASH_OUT,76122.72,C1568957978,0.0,0.0,C2098280536,1719848.01,1795970.73,0,0
282,CASH_OUT,22226.51,C1485159713,101371.99,79145.48,C1541478589,0.0,22226.51,0,0
12,CASH_IN,92963.57,C273468568,1614474.06,1707437.63,C1099824994,149715.0,0.0,0,0
522,CASH_IN,120460.58,C1029569797,4445592.92,4566053.5,C2029257538,854988.95,734528.37,0,0
398,CASH_IN,300578.91,C647771705,0.0,300578.91,C910464570,10598831.94,10298253.03,0,0
328,CASH_IN,97410.07,C1844509459,16180.0,113590.07,C914116092,0.0,0.0,0,0
165,PAYMENT,2474.98,C690807565,101655.0,99180.02,M1375288507,0.0,0.0,0,0
35,PAYMENT,18965.3,C961124474,40153.0,21187.7,M837805829,0.0,0.0,0,0
9,PAYMENT,9754.78,C522898040,563154.32,553399.54,M1842670789,0.0,0.0,0,0
186,CASH_IN,208185.35,C1680427233,8252.0,216437.35,C352226281,25570.75,0.0,0,0
205,PAYMENT,6478.55,C82086869,267099.04,260620.49,M83308167,0.0,0.0,0,0
301,CASH_OUT,104591.89,C941731494,26427.0,0.0,C1567951442,145428.05,250019.94,0,0
18,CASH_OUT,268084.64,C267804904,20813.0,0.0,C462217407,59424.16,329759.1,0,0
330,PAYMENT,39626.35,C2018085263,161182.0,121555.65,M1540404853,0.0,0.0,0,0
139,CASH_OUT,267520.1,C906051920,0.0,0.0,C291498818,8158873.64,8426393.74,0,0
281,CASH_OUT,49962.34,C1600891314,21373.0,0.0,C827637635,943029.28,992991.62,0,0
156,CASH_OUT,364968.08,C1121239984,0.0,0.0,C6152403,524867.85,889835.92,0,0
232,CASH_IN,387659.53,C931581893,849323.93,1236983.46,C480870403,489784.28,102124.74,0,0
164,PAYMENT,13441.62,C460630007,9643.0,0.0,M867746651,0.0,0.0,0,0
283,PAYMENT,10095.49,C1724676271,0.0,0.0,M1439298092,0.0,0.0,0,0
279,CASH_OUT,25792.33,C1779218273,0.0,0.0,C2098656583,116675.97,142468.3,0,0
371,PAYMENT,27098.34,C1689619269,32.0,0.0,M1535458273,0.0,0.0,0,0
14,TRANSFER,529785.36,C303309969,0.0,0.0,C1828727641,887558.5,1723528.09,0,0
282,TRANSFER,38285.18,C418596906,16992.0,0.0,C1644820071,918094.85,956380.03,0,0
179,PAYMENT,3031.11,C809435884,21673.0,18641.89,M777603793,0.0,0.0,0,0
401,TRANSFER,611463.83,C243312500,211321.0,0.0,C1007966401,0.0,611463.83,0,0
280,CASH_IN,311060.32,C336377367,21220889.08,21531949.4,C820920634,6764573.3,6453512.98,0,0
372,CASH_IN,171250.88,C1949999807,9347089.71,9518340.59,C864241089,389973.8,218722.93,0,0
210,PAYMENT,617.26,C782216697,39379.17,38761.92,M1232922470,0.0,0.0,0,0
206,CASH_OUT,148364.5,C39974666,0.0,0.0,C499125886,405196.41,553560.91,0,0
350,CASH_IN,90007.94,C2010237336,2691046.13,2781054.07,C1252849632,944331.18,854323.24,0,0
369,CASH_OUT,27333.06,C234332456,1871.0,0.0,C818116530,1010743.5,1038076.55,0,0
184,CASH_OUT,10085.32,C1986622647,0.0,0.0,C1003200100,182584.17,192669.49,0,0
538,PAYMENT,70525.06,C791127682,50410.65,0.0,M1437320088,0.0,0.0,0,0
377,CASH_OUT,90704.35,C1055731757,0.0,0.0,C672488580,4368774.2,4459478.55,0,0
161,CASH_IN,137375.61,C1448736077,571908.19,709283.79,C122175205,284093.21,146717.6,0,0
307,CASH_OUT,225387.56,C2014621394,83104.0,0.0,C1690975216,68828.68,294216.24,0,0
346,PAYMENT,23108.12,C1315868208,107818.96,84710.84,M929133050,0.0,0.0,0,0
358,CASH_OUT,32070.88,C1932668518,0.0,0.0,C1565462485,2812706.27,2844777.15,0,0
277,PAYMENT,7771.38,C24548102,163232.87,155461.5,M871732169,0.0,0.0,0,0
140,CASH_IN,302132.93,C536237813,61915.0,364047.93,C780131434,0.0,0.0,0,0
132,CASH_OUT,167391.93,C1837905145,49966.0,0.0,C2146009223,289360.92,456752.85,0,0
325,PAYMENT,38584.24,C1848850979,144.0,0.0,M2040114461,0.0,0.0,0,0
17,PAYMENT,19781.16,C1134791480,118460.0,98678.84,M831510910,0.0,0.0,0,0
138,PAYMENT,10478.54,C484010160,0.0,0.0,M254062283,0.0,0.0,0,0
253,PAYMENT,13033.31,C1187615381,123907.0,110873.69,M199088887,0.0,0.0,0,0
35,CASH_IN,119071.53,C1973642305,114799.0,233870.53,C826761153,156615.08,37543.55,0,0
382,CASH_OUT,276435.65,C1644989201,0.0,0.0,C215816682,433488.3,709923.96,0,0
330,CASH_IN,121641.95,C1971110745,271.0,121912.95,C752453113,27045308.45,26923666.5,0,0
297,PAYMENT,32957.92,C1993762126,210431.2,177473.28,M777265589,0.0,0.0,0,0
275,PAYMENT,8700.62,C1893799384,0.0,0.0,M1348028969,0.0,0.0,0,0
285,CASH_OUT,174737.88,C2080040368,29987.0,0.0,C34036378,0.0,174737.88,0,0
278,PAYMENT,4645.91,C1160496240,57801.71,53155.8,M111051607,0.0,0.0,0,0
155,CASH_OUT,388601.86,C1757557425,10448.0,0.0,C115347060,346441.98,735043.84,0,0
303,PAYMENT,5946.3,C387379357,50681.0,44734.7,M2060583956,0.0,0.0,0,0
254,CASH_IN,113625.72,C121289821,4306925.99,4420551.72,C1114018004,1378618.45,1264992.72,0,0
154,TRANSFER,35960.37,C1587273010,592789.86,556829.49,C873941629,37342.72,73303.08,0,0
183,PAYMENT,5344.79,C847051958,0.0,0.0,M2062311568,0.0,0.0,0,0
236,CASH_OUT,235205.4,C1611190237,0.0,0.0,C1812484490,1208556.83,1443762.23,0,0
396,CASH_OUT,50138.5,C125490625,0.0,0.0,C1752966596,370017.64,420156.13,0,0
133,CASH_IN,187832.86,C229365727,2969296.0,3157128.86,C1989726800,1365542.13,1177709.27,0,0
207,CASH_IN,10902.72,C272821970,7944328.08,7955230.81,C1223151202,1130087.31,1119184.59,0,0
284,PAYMENT,7672.14,C864598639,0.0,0.0,M2040897649,0.0,0.0,0,0
258,CASH_IN,271014.18,C326142051,20381.0,291395.18,C333849896,0.0,0.0,0,0
165,DEBIT,6393.12,C212154012,151374.0,144980.88,C110207329,231537.67,237930.79,0,0
324,CASH_OUT,262023.04,C534647938,20078.0,0.0,C1082740817,0.0,262023.04,0,0
134,CASH_OUT,154632.34,C1255078257,0.0,0.0,C415529640,201652.13,356284.46,0,0
525,CASH_OUT,156735.01,C453614899,11198.0,0.0,C1573774138,0.0,156735.01,0,0
401,PAYMENT,148.85,C678957353,0.0,0.0,M1237911968,0.0,0.0,0,0
400,CASH_OUT,170119.92,C2026486018,0.0,0.0,C916992021,8059083.87,8229203.8,0,0
137,CASH_OUT,132236.95,C2080119730,11193.0,0.0,C1607070477,0.0,132236.95,0,0
165,PAYMENT,16904.25,C2143653923,11403.0,0.0,M610389700,0.0,0.0,0,0
209,CASH_IN,43744.22,C1179182900,22160749.42,22204493.64,C1692503475,272318.56,228574.34,0,0
283,CASH_OUT,75299.66,C739245324,0.0,0.0,C1778169753,149339.67,224639.32,0,0
188,PAYMENT,9758.73,C2092066206,0.0,0.0,M923658052,0.0,0.0,0,0
300,CASH_IN,231221.91,C719889500,10471.0,241692.91,C1869400026,17236.15,0.0,0,0
325,CASH_IN,27830.91,C1712406398,43402.73,71233.64,C664949585,412382.35,384551.43,0,0
44,PAYMENT,14282.77,C2011939036,0.0,0.0,M1132781091,0.0,0.0,0,0
35,CASH_IN,350232.06,C1984720200,974298.0,1324530.06,C981243914,1100454.38,750222.32,0,0
284,CASH_OUT,107908.13,C1142210014,1684.97,0.0,C134588836,1266509.88,1374418.01,0,0
249,CASH_OUT,213132.11,C544551904,150.0,0.0,C1052159253,3905285.92,4118418.03,0,0
36,TRANSFER,80705.31,C1449069463,0.0,0.0,C597655049,366022.85,393927.08,0,0
283,CASH_OUT,163101.91,C1697916662,0.0,0.0,C1015753978,566974.22,730076.14,0,0
188,CASH_OUT,168720.64,C1735166063,0.0,0.0,C1208018998,3157198.59,3325919.23,0,0
347,CASH_OUT,244088.5,C2049005564,0.0,0.0,C1233994692,348785.61,592874.12,0,0
278,CASH_OUT,205804.23,C1330932402,0.0,0.0,C1085465226,685167.4,890971.63,0,0
372,CASH_OUT,110091.72,C1555676913,0.0,0.0,C1180665298,255549.71,365641.43,0,0
254,CASH_IN,144429.76,C614079263,333.0,144762.76,C673331033,0.0,0.0,0,0
331,CASH_OUT,171631.49,C835447727,0.0,0.0,C25605035,4120355.94,4291987.43,0,0
401,CASH_OUT,237282.11,C74184566,116.0,0.0,C1375765053,0.0,237282.11,0,0
353,CASH_IN,30275.11,C126488543,7209735.44,7240010.55,C1708297153,106885.31,76610.2,0,0
43,CASH_OUT,3469.51,C1312375482,5003.0,1533.49,C2112835597,4273596.57,4277066.08,0,0
276,CASH_IN,120202.39,C1685677354,18896750.79,19016953.18,C324020814,155677.19,35474.8,0,0
134,CASH_IN,265701.92,C1996566663,1706249.69,1971951.61,C1103909776,353055.15,87353.23,0,0
356,CASH_IN,69891.15,C141230382,5822849.3,5892740.45,C1190303491,465937.92,396046.76,0,0
160,CASH_OUT,377322.92,C439363224,223672.0,0.0,C2102549317,7762439.22,8139762.14,0,0
455,PAYMENT,20567.6,C1723530226,16311.0,0.0,M1462228678,0.0,0.0,0,0
280,CASH_OUT,83851.15,C1491386299,206367.0,122515.85,C1250018780,2062624.01,2146475.15,0,0
34,CASH_OUT,226236.47,C333010476,24440.0,0.0,C123989764,481201.91,707438.38,0,0
136,CASH_OUT,328969.19,C1648456337,14845.0,0.0,C551342355,5488.07,334457.26,0,0
250,CASH_OUT,107140.46,C1572707961,0.0,0.0,C1522801959,671394.0,852038.83,0,0
307,CASH_IN,69485.96,C1128681951,4728013.74,4797499.71,C1837241711,2079611.18,2010125.22,0,0
206,CASH_OUT,216227.5,C483783800,179473.0,0.0,C205652496,0.0,216227.5,0,0
161,PAYMENT,18426.92,C1352360190,401685.23,383258.3,M557808201,0.0,0.0,0,0
131,CASH_OUT,229412.71,C241948782,50150.0,0.0,C1125731198,0.0,229412.71,0,0
305,PAYMENT,30603.19,C1449902742,0.0,0.0,M1812793091,0.0,0.0,0,0
514,PAYMENT,3968.64,C1271897161,112122.0,108153.36,M429730588,0.0,0.0,0,0
202,CASH_OUT,169806.03,C589328982,0.0,0.0,C156371469,187650.68,357456.71,0,0
189,TRANSFER,202024.47,C122030204,21717.0,0.0,C1644368429,1932479.24,2134503.71,0,0
306,TRANSFER,485418.98,C983888356,5066.0,0.0,C1113869240,372284.87,857703.85,0,0
204,PAYMENT,17339.33,C1369646675,50476.0,33136.67,M733252744,0.0,0.0,0,0
41,CASH_OUT,28054.29,C1122851141,31723.38,3669.08,C1920399740,51991.44,80045.73,0,0
138,PAYMENT,20689.01,C166037256,0.0,0.0,M665879343,0.0,0.0,0,0
400,PAYMENT,1538.93,C751638939,121101.29,119562.36,M1408239715,0.0,0.0,0,0
44,CASH_IN,37572.69,C1774575594,11675517.4,11713090.09,C108202798,725764.37,688191.69,0,0
161,CASH_OUT,271694.12,C1511475503,0.0,0.0,C1367871114,4292456.52,4704144.67,0,0
10,CASH_OUT,121368.86,C1118788375,0.0,0.0,C87702732,313416.87,615685.42,0,0
140,CASH_OUT,98918.12,C1472915289,98918.12,0.0,C311901651,7257771.83,7356689.94,1,0
276,PAYMENT,7754.67,C22249420,0.0,0.0,M1646810957,0.0,0.0,0,0
407,CASH_IN,262782.08,C1230803055,86781.76,349563.85,C1467153447,1258707.1,995925.01,0,0
375,PAYMENT,10500.8,C1031310756,256736.68,246235.87,M2076003996,0.0,0.0,0,0
35,TRANSFER,1018473.65,C1058575935,51646.0,0.0,C203309430,57960.08,1076433.73,0,0
17,PAYMENT,7448.11,C987380290,69696.0,62247.89,M1542550029,0.0,0.0,0,0
129,TRANSFER,1199350.4,C194817823,0.0,0.0,C1526448702,1600185.95,2443264.04,0,0
402,CASH_IN,105616.47,C1196259820,5476563.94,5582180.41,C33637801,4663552.17,4557935.7,0,0
324,CASH_IN,413066.19,C381585364,96538.0,509604.19,C1600139506,110043.61,0.0,0,0
40,CASH_OUT,147308.25,C799516642,41152.0,0.0,C1109377997,313833.45,461141.7,0,0
95,PAYMENT,15326.9,C528539645,2997.76,0.0,M1491036453,0.0,0.0,0,0
18,PAYMENT,9006.04,C850340103,0.0,0.0,M757910557,0.0,0.0,0,0
254,PAYMENT,4351.08,C1474656604,0.0,0.0,M1767242095,0.0,0.0,0,0
184,CASH_IN,267338.47,C1249445441,8009.0,275347.47,C1880959854,0.0,0.0,0,0
254,CASH_OUT,200305.53,C669896492,0.0,0.0,C789310832,6044739.38,6245044.91,0,0
322,CASH_OUT,515789.24,C1722844982,0.0,0.0,C522683384,5010849.86,5526639.1,0,0
164,TRANSFER,469235.41,C1095424914,0.0,0.0,C591114183,1375625.41,1844860.82,0,0
283,CASH_OUT,32182.9,C731786566,0.0,0.0,C1520654055,432966.7,465149.6,0,0
595,TRANSFER,69168.2,C122300716,0.0,0.0,C374881823,626881.67,696049.87,0,0
130,PAYMENT,44489.83,C456072708,651635.0,607145.17,M1234280461,0.0,0.0,0,0
377,TRANSFER,722026.17,C791621410,0.0,0.0,C799092224,2183729.19,2905755.36,0,0
326,CASH_IN,156094.44,C363073350,7733471.41,7889565.85,C1813343969,3152536.37,2996441.92,0,0
303,PAYMENT,5078.04,C809253100,0.0,0.0,M1464483367,0.0,0.0,0,0
326,TRANSFER,154250.88,C1358595264,51107.0,0.0,C765184947,207332.47,361583.35,0,0
251,CASH_OUT,269379.38,C1437373787,53457.0,0.0,C2145447855,495742.64,765122.03,0,0
282,PAYMENT,6483.85,C1442208269,12333.0,5849.15,M2023339418,0.0,0.0,0,0
183,CASH_OUT,208942.06,C2138637349,0.0,0.0,C330226144,6906514.33,7115456.39,0,0
307,CASH_OUT,39611.59,C2066463421,0.0,0.0,C1513323713,4804028.06,4843639.66,0,0
159,CASH_IN,112485.33,C1132401804,989492.37,1101977.69,C1161662394,757497.1,645011.77,0,0
136,TRANSFER,768013.51,C2082265584,936.0,0.0,C951524426,0.0,415373.54,0,0
405,PAYMENT,11476.79,C1449539477,232.0,0.0,M1936253655,0.0,0.0,0,0
373,CASH_IN,120043.21,C1464516119,3591.08,123634.29,C140423444,1000252.44,880209.23,0,0
235,CASH_IN,345135.71,C959920016,69761.0,414896.71,C70474934,1919974.39,1574838.68,0,0
139,CASH_OUT,8080.3,C1297223335,13699.0,5618.7,C685376527,1834357.87,1842438.18,0,0
129,PAYMENT,13485.23,C1925299810,0.0,0.0,M786615716,0.0,0.0,0,0
153,CASH_OUT,88526.08,C228795590,0.0,0.0,C1900177264,383875.81,472401.9,0,0
301,CASH_OUT,65023.3,C1782225372,0.0,0.0,C575554482,360052.52,425075.83,0,0
408,CASH_OUT,104741.45,C2136651149,0.0,0.0,C907263431,693095.34,797836.79,0,0
212,CASH_IN,110628.59,C1767574171,4923.0,115551.59,C1830523876,210168.95,99540.37,0,0
239,CASH_OUT,34351.34,C1105216032,0.0,0.0,C57077902,115383.98,149735.32,0,0
303,CASH_IN,136610.75,C97260962,5630083.24,5766693.99,C465887834,172031.72,35420.96,0,0
370,CASH_IN,45636.67,C1350502920,6007493.49,6053130.16,C920639333,1269864.36,1224227.7,0,0
37,CASH_OUT,123939.69,C474828437,0.0,0.0,C1261295177,273702.28,628676.87,0,0
184,PAYMENT,12278.18,C762096,678.0,0.0,M1032038919,0.0,0.0,0,0
281,PAYMENT,3493.99,C1593053197,0.0,0.0,M307804430,0.0,0.0,0,0
324,CASH_OUT,7979.78,C531788797,17292.0,9312.22,C1099286408,3173.85,11153.63,0,0
18,CASH_OUT,344886.59,C1202363288,11096.0,0.0,C386983305,29864.0,0.0,0,0
273,PAYMENT,10323.19,C1968411565,159138.0,148814.81,M1756012720,0.0,0.0,0,0
204,TRANSFER,891721.55,C825538580,10842.0,0.0,C1077300165,0.0,891721.55,0,0
40,CASH_IN,65442.54,C105152146,9132488.14,9197930.68,C1907159141,7583852.29,7518409.75,0,0
492,CASH_OUT,7524.21,C2077005778,5111.0,0.0,C548874287,4464706.17,4472230.38,0,0
379,CASH_OUT,197421.42,C1707589281,52822.0,0.0,C1348076843,0.0,197421.42,0,0
285,CASH_OUT,12924.37,C76334705,0.0,0.0,C1501325499,3065092.81,3078017.19,0,0
155,CASH_OUT,215865.54,C1699269931,0.0,0.0,C1545092460,1841711.43,1855649.79,0,0
360,CASH_OUT,416965.17,C417550761,0.0,0.0,C808372688,1875835.02,2292800.19,0,0
167,PAYMENT,13693.22,C1699470451,13656.0,0.0,M1825349453,0.0,0.0,0,0
155,CASH_IN,143322.24,C2124072622,11279.0,154601.24,C1044746131,2207402.51,2057452.74,0,0
277,PAYMENT,16609.68,C1170880325,100963.0,84353.32,M119706020,0.0,0.0,0,0
373,PAYMENT,8578.73,C146809580,46004.0,37425.27,M1524886629,0.0,0.0,0,0
182,TRANSFER,671585.06,C1441988756,11583.0,0.0,C1190577178,62162.47,639299.75,0,0
130,PAYMENT,3822.43,C793980556,0.0,0.0,M2008294841,0.0,0.0,0,0
397,CASH_IN,219474.93,C1348610271,10800.0,230274.93,C395910235,288597.22,69122.29,0,0
305,TRANSFER,1908316.99,C264782529,0.0,0.0,C605008933,4921481.78,6829798.77,0,0
400,CASH_OUT,440336.96,C1254577131,1810.0,0.0,C1271836418,118547.35,558884.31,0,0
217,PAYMENT,2390.34,C1612345011,51303.0,48912.66,M368700537,0.0,0.0,0,0
355,CASH_OUT,63423.2,C2115320656,0.0,0.0,C184816550,152869.35,216292.55,0,0
94,PAYMENT,34025.3,C1210719628,0.0,0.0,M288369446,0.0,0.0,0,0
348,CASH_IN,343951.69,C1245037162,41028.0,384979.69,C305263896,0.0,0.0,0,0
690,CASH_OUT,37343.33,C2041271381,34479.0,0.0,C2100175178,63218.17,100561.5,0,0
20,CASH_IN,42316.71,C1595483438,34067.42,76384.13,C1159315775,19437.06,0.0,0,0
308,PAYMENT,2509.32,C1067488027,135743.0,133233.68,M569875380,0.0,0.0,0,0
228,TRANSFER,1274463.18,C1960170760,186135.0,0.0,C1804187482,75235.25,1349698.42,0,0
203,TRANSFER,610281.46,C1970048702,0.0,0.0,C793694714,1898419.84,2508701.29,0,0
139,CASH_OUT,173519.33,C1072885141,170792.0,0.0,C764972497,0.0,173519.33,0,0
257,PAYMENT,4295.22,C820779636,0.0,0.0,M1482357533,0.0,0.0,0,0
306,CASH_OUT,75793.42,C26941626,105211.0,29417.58,C148930305,0.0,75793.42,0,0
20,CASH_OUT,56618.31,C797647452,32043.0,0.0,C1128407310,1890002.93,1946621.24,0,0
155,CASH_IN,197003.42,C320111647,14263.0,211266.42,C1844790730,1193621.15,996617.73,0,0
16,CASH_OUT,66223.38,C1069382530,4934.0,0.0,C1214631899,49774.0,173874.08,0,0
163,PAYMENT,23115.25,C939637279,0.0,0.0,M80479727,0.0,0.0,0,0
522,CASH_IN,134193.39,C1006023731,1282233.31,1416426.7,C158943471,425376.51,291183.12,0,0
203,CASH_IN,100399.56,C1447771201,2485909.89,2586309.45,C871191985,5350547.87,5279157.37,0,0
161,CASH_IN,11867.85,C691355916,6852.0,18719.85,C808753257,343896.68,332028.83,0,0
355,TRANSFER,1081702.21,C1659644072,0.0,0.0,C2033955666,1232065.88,2313768.09,0,0
17,CASH_OUT,58118.15,C1184913233,0.0,0.0,C1640442635,61293.0,119411.15,0,0
21,CASH_IN,760.26,C245832763,251834.0,252594.26,C1960488766,0.0,0.0,0,0
357,TRANSFER,994969.86,C343068282,0.0,0.0,C1279588857,2253916.12,3248885.98,0,0
284,CASH_IN,30267.52,C1348354627,20563.0,50830.52,C1335159898,68763.73,38496.21,0,0
207,TRANSFER,747055.92,C1933589791,0.0,0.0,C705650764,1026455.45,1773511.37,0,0
307,CASH_OUT,355886.21,C1902278382,0.0,0.0,C1499553552,969348.75,1325234.96,0,0
20,CASH_OUT,118809.45,C930390474,0.0,0.0,C411777240,819274.36,938083.81,0,0
493,PAYMENT,46789.05,C1809480669,123953.0,77163.95,M1796214312,0.0,0.0,0,0
15,PAYMENT,5477.19,C117960206,0.0,0.0,M402548655,0.0,0.0,0,0
236,CASH_OUT,28496.8,C1721851145,14824.88,0.0,C821727603,1690151.68,1718648.48,0,0
349,PAYMENT,9620.45,C2006941952,0.0,0.0,M569749525,0.0,0.0,0,0
15,CASH_OUT,10975.31,C1522128550,0.0,0.0,C2050625148,270736.74,281712.05,0,0
42,PAYMENT,10291.65,C223104359,191777.29,181485.64,M1330966308,0.0,0.0,0,0
135,CASH_OUT,202642.36,C1926600731,486.0,0.0,C395476851,77044.24,279686.61,0,0
188,CASH_OUT,113348.77,C1217184014,49513.0,0.0,C719467500,393780.32,507129.09,0,0
182,PAYMENT,10096.3,C1718343469,0.0,0.0,M1109966669,0.0,0.0,0,0
378,CASH_OUT,127405.55,C1957032502,0.0,0.0,C551295003,2520299.35,2647704.91,0,0
520,CASH_IN,190874.17,C232883176,3502139.05,3693013.22,C1801597094,1542791.08,1351916.91,0,0
374,TRANSFER,1755269.48,C518362603,0.0,0.0,C1416272227,9374204.96,11129474.44,0,0
380,CASH_OUT,28239.52,C819186741,0.0,0.0,C977444023,918502.84,946742.36,0,0
546,CASH_OUT,232867.96,C2113405504,333.0,0.0,C1100284264,1741936.1,1974804.06,0,0
138,CASH_IN,91136.39,C560587956,452.0,91588.39,C1520509519,0.0,0.0,0,0
17,CASH_IN,76785.53,C1629783195,2991111.86,3067897.39,C1781566300,1262560.58,1185775.04,0,0
234,CASH_OUT,113618.46,C331373161,0.0,0.0,C1403108875,1594686.19,1708304.65,0,0
201,CASH_OUT,82981.14,C335940225,449.0,0.0,C825655939,143093.72,226074.86,0,0
37,TRANSFER,144151.53,C2129545865,178.0,0.0,C303438840,0.0,144151.53,0,0
405,CASH_IN,10665.93,C1492659827,9379967.68,9390633.6,C654809626,701429.62,690763.69,0,0
330,CASH_OUT,290894.08,C767291847,5148.0,0.0,C1100202829,0.0,290894.08,0,0
331,CASH_OUT,169025.48,C1522973309,0.0,0.0,C492407937,217344.04,386369.52,0,0
401,CASH_IN,25601.39,C1356738919,532.0,26133.39,C903434282,10932716.59,10907115.2,0,0
404,CASH_IN,88377.31,C1811972095,433128.0,521505.31,C1362818610,590887.3,502509.99,0,0
349,CASH_OUT,264586.95,C891402199,10816.0,0.0,C1231137442,0.0,264586.95,0,0
186,CASH_OUT,337459.67,C916249198,0.0,0.0,C1616972331,1887293.78,2224753.45,0,0
325,PAYMENT,7318.72,C451480622,0.0,0.0,M1329969339,0.0,0.0,0,0
306,CASH_IN,204977.73,C2849694,21346416.4,21551394.13,C861086208,677024.97,472047.24,0,0
281,PAYMENT,11215.35,C607802048,290347.27,279131.92,M2049272480,0.0,0.0,0,0
11,PAYMENT,9539.33,C1168582022,958083.05,948543.72,M943393544,0.0,0.0,0,0
372,CASH_OUT,296297.62,C1191923493,0.0,0.0,C1247392358,5311075.47,5607373.08,0,0
260,CASH_IN,101474.19,C1744886221,228130.0,329604.19,C1062886999,0.0,0.0,0,0
406,PAYMENT,15945.26,C267779608,0.0,0.0,M135033531,0.0,0.0,0,0
382,PAYMENT,6660.43,C1664235190,101506.0,94845.57,M333369423,0.0,0.0,0,0
16,CASH_OUT,232111.13,C936759073,10960.0,0.0,C1777748737,2146537.84,2728757.8,0,0
238,PAYMENT,8905.87,C2020813224,0.0,0.0,M1690629002,0.0,0.0,0,0
184,CASH_OUT,38475.06,C1501788059,0.0,0.0,C1544763161,493783.05,532258.11,0,0
43,PAYMENT,2589.47,C975334968,21513.0,18923.53,M267993239,0.0,0.0,0,0
17,CASH_OUT,70032.86,C1701040906,0.0,0.0,C1870498110,4376024.4,4264754.97,0,0
304,CASH_OUT,184376.23,C1854909518,10705.0,0.0,C107856720,0.0,184376.23,0,0
328,CASH_OUT,13222.48,C417525241,0.0,0.0,C1440324792,974694.45,987916.93,0,0
377,CASH_OUT,31098.21,C1665086140,0.0,0.0,C1322494767,318898.2,349996.41,0,0
41,PAYMENT,17808.77,C517773898,0.0,0.0,M2109468650,0.0,0.0,0,0
214,CASH_IN,149357.54,C523824078,250109.04,399466.58,C875599,307405.82,158048.28,0,0
304,TRANSFER,6386542.99,C1980696947,0.0,0.0,C1446939900,10000000.0,16386542.99,0,0
284,CASH_OUT,927.33,C981996734,216255.53,215328.2,C1868129679,34986.72,35914.05,0,0
38,PAYMENT,21373.9,C1039124119,8066.0,0.0,M1869657410,0.0,0.0,0,0
39,CASH_IN,37294.65,C1737688947,30272040.75,30309335.4,C39785010,9932354.77,9895060.13,0,0
235,PAYMENT,19355.09,C60366231,33174.0,13818.91,M1147504846,0.0,0.0,0,0
500,PAYMENT,6455.35,C1997623907,218.0,0.0,M1602875491,0.0,0.0,0,0
329,CASH_IN,6176.76,C1019604807,14974701.23,14980877.99,C1296958555,2087493.73,2081316.97,0,0
232,CASH_OUT,168551.7,C813496239,0.0,0.0,C1405892143,817707.08,986258.77,0,0
11,CASH_IN,177968.02,C1742988156,2287251.74,2465219.76,C78362183,753324.28,575356.26,0,0
585,CASH_OUT,57360.81,C1126801134,141311.0,83950.19,C811486631,2847389.22,2904750.03,0,0
322,CASH_IN,118778.33,C113812415,117444.0,236222.33,C1591599263,648122.83,529344.5,0,0
39,CASH_IN,78222.43,C892136157,1020.0,79242.43,C383143703,0.0,0.0,0,0
139,CASH_OUT,57679.3,C1161829237,8846.0,0.0,C1355788200,1660592.3,1718271.6,0,0
163,CASH_IN,294787.46,C848834378,5153698.25,5448485.7,C748965398,847448.11,552660.65,0,0
179,CASH_OUT,163934.69,C707709384,0.0,0.0,C560117266,416492.59,309852.35,0,0
161,CASH_IN,200400.51,C1532755829,22550.0,222950.51,C2095704257,1366812.56,1166412.05,0,0
282,CASH_OUT,161772.57,C2121851804,20821.0,0.0,C498506349,744104.38,905876.95,0,0
258,TRANSFER,244371.11,C1985344939,55347.0,0.0,C1547538271,6065230.87,6411546.09,0,0
10,PAYMENT,4883.01,C177590271,0.0,0.0,M1883036494,0.0,0.0,0,0
191,CASH_IN,190607.81,C362607179,25288.0,215895.81,C1755621247,363455.42,172847.6,0,0
228,CASH_OUT,88933.81,C1526649231,179379.0,90445.19,C936698630,88140.63,177074.44,0,0
400,PAYMENT,37709.45,C1804000815,199896.0,162186.55,M1998226039,0.0,0.0,0,0
277,CASH_OUT,55974.67,C1272699878,24472.0,0.0,C1999807489,74426.81,130401.48,0,0
353,TRANSFER,104253.95,C2059236293,21121.0,0.0,C989861195,1575669.49,1679923.44,0,0
17,CASH_IN,159490.9,C8263779,72.95,159563.85,C1449676572,258097.47,667834.85,0,0
231,CASH_OUT,63871.97,C833495959,0.0,0.0,C1995877573,192091.09,255963.06,0,0
132,CASH_OUT,165612.68,C233043965,0.0,0.0,C1725983004,685617.05,851229.73,0,0
16,CASH_OUT,79182.78,C1091664929,0.0,0.0,C1581072739,326454.59,126536.77,0,0
321,CASH_OUT,511812.91,C451538999,176.0,0.0,C1398398623,2366798.5,2878611.41,0,0
399,CASH_OUT,392508.26,C1059785640,12290.0,0.0,C751054089,45996.12,438504.39,0,0
407,CASH_IN,27265.99,C626798961,8048147.83,8075413.82,C1137291964,1022999.2,995733.21,0,0
232,CASH_OUT,176620.08,C872965321,0.0,0.0,C1579868512,807574.24,984194.32,0,0
374,CASH_OUT,498907.34,C1103634674,5051.0,0.0,C1420638753,0.0,498907.34,0,0
166,CASH_OUT,90084.73,C1108044027,20901.0,0.0,C655822613,0.0,90084.73,0,0
401,CASH_OUT,41280.47,C1520075593,0.0,0.0,C697883750,476894.17,518174.64,0,0
380,CASH_IN,49422.51,C1442687057,1534534.86,1583957.36,C1254945696,929987.34,880564.83,0,0
284,PAYMENT,12100.32,C673211884,116.0,0.0,M849111353,0.0,0.0,0,0
332,CASH_OUT,328616.5,C1562482718,0.0,0.0,C1727162849,1263430.53,1592047.03,0,0
355,PAYMENT,14100.03,C1461550271,0.0,0.0,M117311517,0.0,0.0,0,0
159,CASH_OUT,227121.34,C325211882,50372.0,0.0,C910042361,1334.22,228455.56,0,0
280,CASH_IN,71254.04,C300922033,151416.87,222670.91,C1925316842,118466.42,47212.38,0,0
692,TRANSFER,395630.03,C2073507919,0.0,0.0,C1968103785,1636637.51,2032267.53,0,0
137,CASH_OUT,157881.36,C1049298633,0.0,0.0,C846435560,243513.81,401395.17,0,0
212,CASH_OUT,574398.84,C791723523,0.0,0.0,C279772974,699756.57,1274155.41,0,0
260,PAYMENT,6286.0,C84183338,50384.0,44098.0,M831048891,0.0,0.0,0,0
21,TRANSFER,678249.63,C584837215,0.0,0.0,C1033865573,3307623.76,4035224.74,0,0
326,CASH_OUT,161521.29,C1699511873,0.0,0.0,C615161579,1265949.3,1427470.59,0,0
309,CASH_IN,118396.26,C1701395810,8015670.39,8134066.65,C1779789851,471673.36,353277.1,0,0
204,PAYMENT,25939.25,C405917100,0.0,0.0,M1879182466,0.0,0.0,0,0
40,PAYMENT,1577.36,C2045986075,147138.39,145561.03,M249908355,0.0,0.0,0,0
162,CASH_IN,56013.09,C167422501,21203.0,77216.09,C472217444,2671689.8,2615676.72,0,0
138,CASH_OUT,202568.22,C809660084,40748.0,0.0,C27849874,4666553.02,4869121.23,0,0
204,CASH_OUT,91259.53,C1337390355,516.0,0.0,C870832195,124701.16,215960.68,0,0
188,CASH_OUT,165577.83,C457081084,17698.38,0.0,C291622848,269431.01,435008.84,0,0
159,TRANSFER,1525559.79,C545733436,163549.37,0.0,C1953408808,5118435.16,6643994.95,0,0
232,PAYMENT,4772.01,C871681757,0.0,0.0,M854932556,0.0,0.0,0,0
227,TRANSFER,1942809.73,C246077201,2540.0,0.0,C1073569342,101109.33,2043919.06,0,0
35,CASH_OUT,47048.86,C735522161,77769.05,30720.19,C910911362,5533937.51,5580986.36,0,0
279,PAYMENT,12730.66,C1731674709,0.0,0.0,M620740815,0.0,0.0,0,0
394,PAYMENT,26012.25,C538099224,74657.31,48645.06,M1423540977,0.0,0.0,0,0
188,CASH_IN,173880.76,C1917919406,39535.0,213415.76,C824227074,0.0,0.0,0,0
37,PAYMENT,1042.85,C300351660,0.0,0.0,M1022772326,0.0,0.0,0,0
284,CASH_IN,92884.61,C2043430059,19825680.65,19918565.27,C1474544768,2695043.36,2602158.75,0,0
374,CASH_OUT,46201.91,C1922015759,0.0,0.0,C2062699991,10038381.53,10084583.44,0,0
239,TRANSFER,689817.88,C1170538916,0.0,0.0,C1635479849,2143599.31,2833417.18,0,0
163,CASH_OUT,111852.77,C1994049866,0.0,0.0,C272391972,1484959.67,1596812.44,0,0
353,PAYMENT,10666.88,C8987205,37578.0,26911.12,M2037762542,0.0,0.0,0,0
184,CASH_OUT,532938.66,C1503229581,0.0,0.0,C767041896,4442725.22,4975663.88,0,0
207,PAYMENT,7430.47,C420387015,24981.0,17550.53,M774440207,0.0,0.0,0,0
138,PAYMENT,11478.53,C212067839,0.0,0.0,M78380165,0.0,0.0,0,0
236,CASH_OUT,213115.87,C148455782,30496.0,0.0,C747826989,812048.62,1025164.49,0,0
135,PAYMENT,19209.67,C911019550,30345.0,11135.33,M678647005,0.0,0.0,0,0
153,CASH_OUT,92174.46,C371659426,2985.0,0.0,C1968800988,715459.84,807634.29,0,0
394,CASH_IN,55701.02,C1834062630,21643.0,77344.02,C1190818250,0.0,0.0,0,0
207,PAYMENT,19516.11,C571173038,206838.24,187322.14,M1304170065,0.0,0.0,0,0
328,PAYMENT,12655.19,C179568565,0.0,0.0,M383086922,0.0,0.0,0,0
644,CASH_IN,413502.09,C2001548982,6112188.27,6525690.36,C1983913182,747767.69,334265.6,0,0
356,PAYMENT,13633.73,C989689910,0.0,0.0,M1608724293,0.0,0.0,0,0
326,CASH_IN,266002.39,C2046285405,149042.42,415044.81,C1893247478,1058359.47,792357.08,0,0
253,CASH_OUT,375492.77,C129022139,0.0,0.0,C64382516,580287.29,955780.06,0,0
18,PAYMENT,8208.13,C8252895,22.88,0.0,M263996113,0.0,0.0,0,0
309,CASH_OUT,49282.91,C811081061,90043.0,40760.09,C1113624427,10026.0,59308.91,0,0
255,TRANSFER,547286.85,C645465979,14451.0,0.0,C1043301656,0.0,547286.85,0,0
592,CASH_IN,145729.53,C2022096948,6121470.65,6267200.17,C1393442900,1620652.15,1474922.62,0,0
143,TRANSFER,718346.11,C720072168,0.0,0.0,C1453977143,1178677.73,1897023.84,0,0
324,CASH_IN,34782.49,C1611628282,1557414.12,1592196.61,C49119464,265678.76,230896.27,0,0
354,CASH_OUT,148557.34,C294635594,77.0,0.0,C610980328,111387.53,259944.87,0,0
274,PAYMENT,3560.54,C1358534639,138871.39,135310.84,M975811896,0.0,0.0,0,0
307,CASH_OUT,119994.31,C1383041966,80775.02,0.0,C686514628,243355.0,363349.3,0,0
282,CASH_OUT,191342.81,C1420765261,128519.0,0.0,C868203627,128018.4,319361.21,0,0
254,PAYMENT,22058.36,C1817689910,31794.0,9735.64,M1264453529,0.0,0.0,0,0
13,CASH_OUT,65452.36,C2073134291,0.0,0.0,C1336412885,461142.11,526594.48,0,0
357,CASH_OUT,106848.56,C415497516,164041.49,57192.93,C516460197,415480.36,522328.92,0,0
370,PAYMENT,26927.63,C168524471,0.0,0.0,M1036401291,0.0,0.0,0,0
43,CASH_IN,63162.53,C1900387219,549545.35,612707.87,C640492521,5860410.73,5995939.75,0,0
377,PAYMENT,14602.26,C1225333309,26668.0,12065.74,M1493519618,0.0,0.0,0,0
259,PAYMENT,4061.83,C1688643498,30140.0,26078.17,M654870140,0.0,0.0,0,0
15,PAYMENT,28190.32,C622642210,0.0,0.0,M1565480368,0.0,0.0,0,0
140,CASH_OUT,461272.46,C76572327,0.0,0.0,C1929520204,2161948.22,2623220.68,0,0
373,CASH_IN,223587.74,C1100337969,7119500.94,7343088.68,C1168884133,1087222.45,863634.71,0,0
207,CASH_IN,44824.51,C799646941,31340.0,76164.51,C225100896,0.0,0.0,0,0
34,CASH_OUT,296142.28,C2023605176,56659.0,0.0,C601556243,528008.43,641534.04,0,0
351,PAYMENT,23614.92,C1176204523,36.0,0.0,M477051804,0.0,0.0,0,0
324,CASH_OUT,157405.41,C70007826,0.0,0.0,C144137052,210396.61,367802.02,0,0
373,CASH_OUT,206813.09,C1478361131,24479.0,0.0,C202871981,131381.09,338194.17,0,0
189,PAYMENT,5154.2,C963713444,92469.0,87314.8,M1007051917,0.0,0.0,0,0
39,CASH_IN,60199.96,C1239329711,290463.9,350663.86,C1872681474,208752.81,148552.86,0,0
402,CASH_OUT,242626.19,C460202400,52834.0,0.0,C971306763,0.0,242626.19,0,0
187,PAYMENT,17797.83,C749932463,206.0,0.0,M48600989,0.0,0.0,0,0
155,CASH_OUT,4333.88,C1773230242,113989.0,109655.12,C1639162348,1383043.88,1387377.76,0,0
281,PAYMENT,10008.81,C1848063680,5328.0,0.0,M1459259588,0.0,0.0,0,0
251,CASH_OUT,197566.56,C809815847,15190.0,0.0,C365759027,4386513.67,4584080.24,0,0
139,CASH_IN,87200.29,C1730357976,2283806.96,2371007.25,C1785011090,335339.31,248139.02,0,0
256,CASH_OUT,86842.58,C944672413,0.0,0.0,C1499045972,405165.11,492007.69,0,0
136,CASH_OUT,85343.56,C1639525966,68.0,0.0,C1821106879,1326572.0,1411915.56,0,0
282,TRANSFER,405506.01,C492229706,0.0,0.0,C483978841,1799351.68,2204857.69,0,0
250,CASH_OUT,172064.55,C2126793255,3593.0,0.0,C1161875715,12554.83,184619.38,0,0
133,PAYMENT,35812.4,C2113063724,50011.0,14198.6,M93131573,0.0,0.0,0,0
688,DEBIT,2036.22,C654915978,4062.0,2025.78,C1010896088,136765.09,138801.3,0,0
228,PAYMENT,39162.72,C1124754599,44779.0,5616.28,M57220331,0.0,0.0,0,0
17,CASH_OUT,29078.51,C2104714198,0.0,0.0,C797425053,99032.0,128110.51,0,0
286,CASH_OUT,374269.05,C1987319300,0.0,0.0,C548647036,453242.66,827511.71,0,0
321,CASH_OUT,74820.97,C518007917,0.0,0.0,C1518495998,2373984.44,2448805.41,0,0
298,TRANSFER,56794.82,C1983727099,0.0,0.0,C2077098909,3492156.62,3548951.44,0,0
40,CASH_OUT,397912.3,C292373222,16965.0,0.0,C1807960856,0.0,397912.3,0,0
162,CASH_IN,387107.81,C1939036354,9038780.05,9425887.85,C386716429,523426.37,136318.56,0,0
15,CASH_OUT,80833.25,C1864813686,265030.0,184196.75,C1586889188,225481.11,306314.36,0,0
373,CASH_IN,3913.87,C123848482,271125.54,275039.41,C196919724,221244.52,217330.65,0,0
142,PAYMENT,12727.87,C327411381,1013.0,0.0,M298460325,0.0,0.0,0,0
131,CASH_IN,457290.21,C1330229225,41105.0,498395.21,C142912477,34926.13,0.0,0,0
260,CASH_IN,193933.26,C1269379744,1623846.72,1817779.98,C181728022,362547.68,168614.41,0,0
326,PAYMENT,20991.48,C971476397,0.0,0.0,M2066065927,0.0,0.0,0,0
329,CASH_IN,29205.28,C1340782479,1510.0,30715.28,C543449502,1158624.38,1129419.1,0,0
162,PAYMENT,12106.6,C637209004,42621.0,30514.4,M610073377,0.0,0.0,0,0
330,CASH_OUT,303695.52,C1039208190,412.0,0.0,C452890969,249943.2,553638.71,0,0
373,CASH_IN,35251.44,C1286685249,20590.0,55841.44,C1714530907,21541.48,0.0,0,0
234,TRANSFER,146319.73,C317961870,0.0,0.0,C555283824,2141640.89,2287960.61,0,0
307,CASH_OUT,159798.07,C2001631875,49384.0,0.0,C1558055740,788926.7,948724.77,0,0
204,CASH_IN,19454.11,C1934154666,2114201.62,2133655.72,C478491730,1629971.98,1610517.87,0,0
297,CASH_OUT,28119.93,C1033205663,0.0,0.0,C128804194,41670.35,69790.28,0,0
206,PAYMENT,681.03,C1411730946,569.0,0.0,M1939906017,0.0,0.0,0,0
323,CASH_IN,157920.29,C2047737943,2356106.15,2514026.44,C1008521775,268084.28,110164.0,0,0
17,CASH_IN,167614.77,C2103735599,21092.0,188706.77,C958953991,172988.11,5373.34,0,0
251,CASH_OUT,93900.45,C1154071317,0.0,0.0,C485761579,764463.0,1370428.35,0,0
20,CASH_OUT,55090.73,C846056222,0.0,0.0,C1769042905,1582294.42,1637385.15,0,0
311,TRANSFER,34771.16,C445944786,15022.0,0.0,C1257244610,3428997.73,3463768.89,0,0
346,CASH_IN,104011.77,C267498362,902875.06,1006886.84,C1503823045,659853.15,555841.38,0,0
134,CASH_IN,80144.41,C2144073476,26063.0,106207.41,C794953514,8794329.17,8714184.76,0,0
33,CASH_IN,341946.37,C230027073,2087.0,344033.37,C224308862,0.0,0.0,0,0
306,PAYMENT,9002.76,C726100041,0.0,0.0,M1593432976,0.0,0.0,0,0
353,TRANSFER,4237963.11,C1335880910,10060.0,0.0,C1677683011,0.0,4237963.11,0,0
369,CASH_OUT,163355.96,C1003971017,0.0,0.0,C1848067002,235346.34,398702.31,0,0
7,PAYMENT,808.24,C584415907,20540.0,19731.76,M356333043,0.0,0.0,0,0
301,CASH_OUT,530097.83,C22229882,29675.0,0.0,C840829621,0.0,530097.83,0,0
157,CASH_IN,49058.61,C1639253954,5630490.96,5679549.57,C1770754907,209437.03,160378.42,0,0
233,CASH_OUT,3196.29,C1732119017,0.0,0.0,C1117888429,6606730.31,6609926.6,0,0
279,CASH_OUT,124007.15,C1499071443,19022.0,0.0,C597887,0.0,124007.15,0,0
608,CASH_IN,38868.64,C1163306662,7888081.24,7926949.88,C1903250996,3516048.09,3477179.45,0,0
178,CASH_OUT,107125.18,C1195399603,0.0,0.0,C263819295,161820.06,268945.25,0,0
129,PAYMENT,51803.04,C1991847990,152179.29,100376.25,M90133582,0.0,0.0,0,0
134,PAYMENT,13709.8,C538885996,36837.0,23127.2,M106627811,0.0,0.0,0,0
230,TRANSFER,957136.94,C539914232,0.0,0.0,C1675669008,1257335.39,2214472.33,0,0
399,PAYMENT,4976.19,C771288158,0.0,0.0,M1356337377,0.0,0.0,0,0
156,CASH_OUT,311848.33,C1061920096,9435.0,0.0,C510078603,1616621.73,1928470.06,0,0
166,CASH_OUT,332947.43,C1348938926,0.0,0.0,C1631347142,2714044.15,3046991.58,0,0
205,CASH_OUT,381273.0,C668283526,158251.0,0.0,C1621863031,1118258.16,1499531.16,0,0
396,PAYMENT,1125.17,C871219498,0.0,0.0,M22610078,0.0,0.0,0,0
384,CASH_IN,327765.14,C812353243,37857.0,365622.14,C452918439,2238028.96,1910263.82,0,0
332,CASH_OUT,98162.55,C1992618935,202920.75,104758.2,C1925593896,1420464.45,1518627.0,0,0
20,PAYMENT,3752.98,C850143547,838.94,0.0,M849150413,0.0,0.0,0,0
130,CASH_IN,106322.59,C778849528,5011063.16,5117385.75,C1845028399,2739223.93,2632901.34,0,0
408,PAYMENT,70246.29,C224191711,93551.82,23305.53,M141461293,0.0,0.0,0,0
393,PAYMENT,6337.13,C1763222359,139843.92,133506.79,M1478960994,0.0,0.0,0,0
34,PAYMENT,1923.28,C1880144922,0.0,0.0,M1507109900,0.0,0.0,0,0
188,PAYMENT,10219.36,C230190648,82489.0,72269.64,M1315866131,0.0,0.0,0,0
16,CASH_OUT,272326.73,C978388589,50.0,0.0,C1137200061,0.0,579516.41,0,0
14,CASH_OUT,97504.31,C1749191855,51404.0,0.0,C1562558337,1758282.27,3677356.42,0,0
210,CASH_OUT,28651.33,C453549307,62070.0,33418.67,C1258491345,738886.13,767537.46,0,0
10,CASH_OUT,257930.16,C197381440,861.0,0.0,C757359107,336607.17,1147569.62,0,0
262,PAYMENT,5458.4,C165860973,19171.37,13712.97,M1717101695,0.0,0.0,0,0
350,CASH_OUT,80226.16,C1403311456,0.0,0.0,C1409946186,130496.69,210722.85,0,0
426,TRANSFER,201037.62,C470531305,45547.0,0.0,C946781566,266102.19,467139.82,0,0
310,TRANSFER,98937.61,C308136703,0.0,0.0,C511764590,144829.07,243766.68,0,0
139,CASH_IN,35764.49,C1851790240,12986154.29,13021918.78,C933059493,15349932.89,15314168.4,0,0
234,CASH_IN,21763.78,C739220519,2656158.94,2677922.73,C2112448623,125779.66,104015.88,0,0
308,CASH_OUT,167127.93,C697292062,40484.0,0.0,C1650582624,1296541.37,1463669.3,0,0
322,TRANSFER,889087.1,C536449220,101667.0,0.0,C371964627,179724.78,1068811.88,0,0
232,PAYMENT,13959.39,C423392286,177.0,0.0,M1474043765,0.0,0.0,0,0
608,CASH_IN,14789.09,C1061490045,1125089.62,1139878.71,C1388333095,1041963.62,1027174.53,0,0
236,CASH_OUT,159430.1,C2052121019,40608.0,0.0,C1726880,0.0,159430.1,0,0
329,CASH_OUT,383536.41,C1263141922,5098.0,0.0,C601877126,631864.81,1015401.21,0,0
448,CASH_OUT,198003.71,C1627686801,5502.0,0.0,C1336329147,4388477.07,4586480.78,0,0
41,TRANSFER,477519.0,C82186343,0.0,0.0,C2132845536,1043693.07,1521212.07,0,0
514,TRANSFER,912647.4,C601382098,0.0,0.0,C2059846439,13807796.27,14720443.67,0,0
393,CASH_OUT,195664.46,C457229779,0.0,0.0,C1660013784,1189113.5,1384777.96,0,0
309,PAYMENT,6461.26,C2006483997,199501.0,193039.74,M905096828,0.0,0.0,0,0
162,CASH_IN,369109.55,C13771747,31140.0,400249.55,C1133029511,170786.24,0.0,0,0
573,CASH_IN,130541.32,C1127462400,4035150.12,4165691.45,C460717815,296124.04,165582.71,0,0
404,PAYMENT,22604.13,C373210843,14574.0,0.0,M301303284,0.0,0.0,0,0
18,DEBIT,2592.64,C968237534,10781.0,8188.36,C903798224,534083.93,536676.56,0,0
360,CASH_IN,372106.52,C613164154,10171564.53,10543671.04,C1290557627,1200975.14,828868.62,0,0
202,CASH_OUT,220892.87,C1581715359,674.0,0.0,C731294594,2169073.65,2187686.84,0,0
326,CASH_OUT,204368.41,C682836775,0.0,0.0,C233723094,358816.27,563184.68,0,0
377,CASH_IN,48053.06,C1193517000,399997.0,448050.06,C704981921,0.0,0.0,0,0
12,PAYMENT,4222.14,C609440009,0.0,0.0,M52187566,0.0,0.0,0,0
15,PAYMENT,5320.42,C637041590,0.0,0.0,M134882510,0.0,0.0,0,0
187,CASH_IN,152427.66,C1103143009,14561.0,166988.66,C1714724562,0.0,0.0,0,0
278,CASH_OUT,164549.43,C1218907296,11046.0,0.0,C783523893,3272244.34,3436793.77,0,0
47,PAYMENT,1148.42,C2130528503,31123.0,29974.58,M509787324,0.0,0.0,0,0
352,PAYMENT,318.95,C1574680806,0.0,0.0,M373182960,0.0,0.0,0,0
301,CASH_OUT,26598.48,C1783552103,11562.0,0.0,C1576273311,63236.96,89835.44,0,0
404,CASH_OUT,209767.89,C1395682789,0.0,0.0,C1974272822,594121.49,803889.38,0,0
325,CASH_OUT,156875.15,C361899162,0.0,0.0,C1775487102,163946.58,320821.73,0,0
154,CASH_IN,309243.08,C799390780,31228.0,340471.08,C1796736589,0.0,0.0,0,0
357,CASH_OUT,221335.02,C437849737,283676.44,62341.42,C857281092,13970438.44,14191773.46,0,0
132,PAYMENT,25171.27,C1996783206,0.0,0.0,M197951328,0.0,0.0,0,0
235,CASH_OUT,132402.88,C888329574,0.0,0.0,C1757503054,2154254.46,2505481.84,0,0
282,CASH_OUT,170809.08,C118407891,0.0,0.0,C2009423819,840810.62,1011619.7,0,0
225,TRANSFER,1281364.19,C1486116080,843.0,0.0,C1946982130,279217.18,1560581.37,0,0
380,PAYMENT,55626.27,C236186541,0.0,0.0,M1331542975,0.0,0.0,0,0
250,PAYMENT,20795.26,C1136849095,21643.0,847.74,M919717040,0.0,0.0,0,0
44,TRANSFER,417819.87,C2006356732,60390.0,0.0,C2135716223,131305.49,549125.36,0,0
478,PAYMENT,2123.07,C884732354,0.0,0.0,M1459961612,0.0,0.0,0,0
186,PAYMENT,36032.54,C968808071,74976.0,38943.46,M1647018425,0.0,0.0,0,0
21,CASH_IN,49602.23,C42738185,7595381.52,7644983.76,C1263048904,145204.24,95602.01,0,0
157,CASH_IN,301478.27,C1495654976,648800.56,950278.83,C788373773,4154877.26,3853398.98,0,0
178,PAYMENT,11434.25,C1397925878,51331.11,39896.85,M1522221282,0.0,0.0,0,0
140,CASH_IN,13996.82,C272230786,21970.0,35966.82,C1146558025,0.0,0.0,0,0
155,CASH_OUT,74378.22,C1709686248,5005.0,0.0,C1781675955,0.0,74378.22,0,0
326,CASH_OUT,227292.98,C1924054449,50121.0,0.0,C1884948338,0.0,227292.98,0,0
94,PAYMENT,7697.38,C1439321244,40110.0,32412.62,M117263090,0.0,0.0,0,0
505,TRANSFER,675069.32,C2051554287,0.0,0.0,C1216678484,2765890.08,3440959.39,0,0
351,CASH_IN,143876.78,C1435907375,6942436.49,7086313.28,C1846005149,535294.68,391417.89,0,0
34,CASH_OUT,186133.27,C1125118578,0.0,0.0,C2013101993,2199460.36,2385593.64,0,0
404,TRANSFER,37105.56,C768525016,144830.05,107724.5,C1947543999,41020.7,78126.26,0,0
375,CASH_IN,211479.18,C1326384873,21889.0,233368.18,C1921945937,8518824.21,8307345.04,0,0
119,CASH_IN,204441.57,C522485503,5048454.11,5252895.69,C1720525476,275142.34,70700.77,0,0
331,CASH_OUT,295182.76,C1541046507,9049.0,0.0,C56563899,0.0,295182.76,0,0
236,PAYMENT,24064.87,C386413964,30960.0,6895.13,M1916253213,0.0,0.0,0,0
306,CASH_IN,305306.82,C1108055784,2495843.64,2801150.46,C1873613551,1820046.07,1514739.26,0,0
429,CASH_IN,14435.92,C200382104,2363250.77,2377686.68,C856412134,1543124.93,1528689.02,0,0
332,PAYMENT,8583.62,C1662143422,0.0,0.0,M1997370308,0.0,0.0,0,0
253,CASH_OUT,225839.49,C669687265,0.0,0.0,C1150157769,1286238.64,1512078.13,0,0
348,CASH_IN,383853.35,C1422043454,28096633.45,28480486.8,C310144138,6026422.44,5642569.09,0,0
309,PAYMENT,17273.31,C785846227,10595.0,0.0,M1629671666,0.0,0.0,0,0
16,CASH_IN,113424.23,C1890323154,3799530.05,3912954.28,C1503046892,1567812.88,1454388.66,0,0
251,TRANSFER,432640.67,C974596596,158.0,0.0,C2104918968,85768.67,518409.34,0,0
527,PAYMENT,4777.13,C2027833017,19453.0,14675.87,M637267155,0.0,0.0,0,0
159,CASH_OUT,201403.05,C1308844924,158924.0,0.0,C1543005080,2532753.46,2734156.51,0,0
383,PAYMENT,2265.36,C651904987,346289.0,344023.64,M1989464654,0.0,0.0,0,0
137,PAYMENT,4459.98,C1167674074,0.0,0.0,M500874066,0.0,0.0,0,0
164,CASH_IN,194929.04,C352971414,5517638.74,5712567.78,C862252317,329701.22,134772.18,0,0
138,PAYMENT,20154.01,C1755979449,64598.97,44444.96,M1825589729,0.0,0.0,0,0
166,PAYMENT,16846.52,C1492705503,219.0,0.0,M1547529625,0.0,0.0,0,0
135,PAYMENT,37272.79,C986743252,265737.63,228464.84,M515183164,0.0,0.0,0,0
686,CASH_OUT,178493.29,C55386943,507.0,0.0,C759906562,254381.36,432874.65,0,0
595,DEBIT,3765.88,C838509497,3820.0,54.12,C496242415,657150.83,660916.71,0,0
398,CASH_OUT,192400.68,C1179577666,0.0,0.0,C861183855,265124.12,457524.8,0,0
155,CASH_IN,498509.84,C1674920465,7769.0,506278.84,C978827484,1924860.44,1426350.6,0,0
143,PAYMENT,3744.18,C699924820,0.0,0.0,M193744770,0.0,0.0,0,0
355,CASH_OUT,450944.37,C595334484,30980.0,0.0,C1665370735,0.0,450944.37,0,0
354,CASH_OUT,237461.18,C1697159915,0.0,0.0,C1674125985,522677.58,760138.76,0,0
16,TRANSFER,937483.61,C2018714889,7367.0,0.0,C1141636341,0.0,937483.61,0,0
300,PAYMENT,37666.57,C2020679371,50647.0,12980.43,M763607679,0.0,0.0,0,0
140,CASH_OUT,115157.8,C146434471,711.0,0.0,C1171238168,15890.67,131048.47,0,0
178,CASH_OUT,307894.87,C1323958115,0.0,0.0,C253535323,351998.49,659893.35,0,0
327,CASH_OUT,221396.26,C691173366,0.0,0.0,C1037879313,292261.67,513657.93,0,0
155,CASH_OUT,382096.14,C337996821,0.0,0.0,C664410902,1182516.32,1564612.46,0,0
351,CASH_OUT,79617.72,C2082436685,0.0,0.0,C1745038970,98151.45,177769.17,0,0
282,CASH_OUT,91668.18,C341090928,0.0,0.0,C857557246,1746527.63,1838195.81,0,0
40,TRANSFER,16005.48,C424158307,0.0,0.0,C1575630012,223467.06,239472.53,0,0
260,PAYMENT,175.75,C1968084422,310546.0,310370.25,M283753677,0.0,0.0,0,0
381,PAYMENT,4296.85,C1061268200,1573.0,0.0,M1551669315,0.0,0.0,0,0
228,PAYMENT,38564.15,C1788208705,204620.0,166055.85,M195942978,0.0,0.0,0,0
402,CASH_IN,95953.93,C353883117,23294279.4,23390233.33,C2096110243,180284.54,84330.61,0,0
336,PAYMENT,5006.13,C1779530827,17290.0,12283.87,M1288482080,0.0,0.0,0,0
346,PAYMENT,37988.25,C2043764457,832.0,0.0,M1881341660,0.0,0.0,0,0
226,CASH_OUT,8103.79,C1599209333,122793.0,114689.21,C2058292470,0.0,8103.79,0,0
137,CASH_IN,166687.58,C2001606676,125.0,166812.58,C1323284176,5628.21,0.0,0,0
34,CASH_OUT,112376.27,C1393722114,0.0,0.0,C1365216866,387435.33,499811.6,0,0
22,CASH_OUT,230474.11,C1882203942,13590.0,0.0,C182755121,1485494.22,1715968.34,0,0
181,CASH_IN,223042.8,C1894329396,30667.0,253709.8,C1460517462,77754.54,0.0,0,0
252,CASH_IN,67108.45,C987084111,218641.96,285750.41,C519224169,717857.59,650749.14,0,0
16,PAYMENT,8490.06,C508459368,242615.32,234125.26,M877850639,0.0,0.0,0,0
18,CASH_OUT,141991.93,C309030274,10500.98,0.0,C1653808391,682258.96,824250.89,0,0
10,CASH_OUT,441117.68,C502957721,51135.0,0.0,C2014517831,94755.06,98397.92,0,0
43,TRANSFER,76129.51,C877111456,0.0,0.0,C1399048478,127807.4,318285.49,0,0
323,TRANSFER,1132442.95,C1008830179,0.0,0.0,C430192878,2283341.92,3415784.87,0,0
588,TRANSFER,590533.92,C808944449,11267.0,0.0,C1567061295,346988.45,937522.38,0,0
358,CASH_IN,329413.34,C545385013,4290997.07,4620410.41,C242644770,889636.12,560222.78,0,0
351,CASH_IN,11904.79,C1331009002,15203885.92,15215790.72,C1553272313,3442771.39,3430866.59,0,0
355,CASH_IN,23274.26,C35892843,398.0,23672.26,C789709923,0.0,0.0,0,0
255,CASH_OUT,50734.49,C1282146778,0.0,0.0,C1806263037,378794.29,429528.77,0,0
133,CASH_OUT,129143.51,C1396668803,454.0,0.0,C393048437,2962372.16,3091515.67,0,0
164,PAYMENT,5458.16,C985008786,294.0,0.0,M896479209,0.0,0.0,0,0
187,PAYMENT,1216.84,C375561894,0.0,0.0,M662849922,0.0,0.0,0,0
287,PAYMENT,38099.96,C426748673,0.0,0.0,M1804325472,0.0,0.0,0,0
208,PAYMENT,12761.23,C18510746,170813.0,158051.77,M1315248086,0.0,0.0,0,0
183,CASH_IN,66912.71,C387416180,9683.0,76595.71,C35745931,0.0,0.0,0,0
324,CASH_IN,180982.6,C1218812474,7301682.01,7482664.61,C1250554689,1738659.17,1557676.57,0,0
159,PAYMENT,14286.56,C50580763,0.0,0.0,M1211604852,0.0,0.0,0,0
403,CASH_OUT,86431.1,C1114332636,51691.0,0.0,C685446268,236404.49,322835.59,0,0
279,PAYMENT,2077.21,C563538077,0.0,0.0,M1517570272,0.0,0.0,0,0
16,CASH_OUT,554290.65,C881139490,0.0,0.0,C1468923185,638332.71,1573719.96,0,0
323,PAYMENT,20934.17,C432381888,20017.0,0.0,M898188781,0.0,0.0,0,0
231,CASH_OUT,219036.33,C602475660,0.0,0.0,C422009503,372576.88,591613.21,0,0
18,PAYMENT,9736.39,C1482539576,50147.0,40410.61,M260100207,0.0,0.0,0,0
525,PAYMENT,3623.41,C1170686060,940936.21,937312.81,M1459042060,0.0,0.0,0,0
282,PAYMENT,3800.63,C1778006312,0.0,0.0,M700574673,0.0,0.0,0,0
39,CASH_IN,360065.67,C322208565,10530732.0,10890797.68,C475455617,1038986.88,678921.21,0,0
691,PAYMENT,13095.16,C169392516,0.0,0.0,M1218552094,0.0,0.0,0,0
589,CASH_OUT,110262.74,C29000153,11161.0,0.0,C1171242868,0.0,110262.74,0,0
138,CASH_IN,272280.28,C69667261,17401.0,289681.28,C1505986524,31776.0,280550.22,0,0
329,CASH_OUT,108491.8,C544453527,0.0,0.0,C1880433822,339837.89,448329.69,0,0
12,CASH_IN,375041.52,C1001977988,6122851.38,6497892.9,C1958641252,2387975.81,2012934.29,0,0
40,PAYMENT,17996.37,C719288551,0.0,0.0,M1664159785,0.0,0.0,0,0
155,CASH_IN,438825.21,C1682281487,201.0,439026.21,C1177142853,12531609.44,12092784.23,0,0
167,PAYMENT,5004.58,C486058453,23340.0,18335.42,M55458682,0.0,0.0,0,0
404,CASH_OUT,107311.27,C413320914,0.0,0.0,C1960525333,351959.7,459270.97,0,0
274,PAYMENT,344.22,C667388187,0.0,0.0,M1623522,0.0,0.0,0,0
45,CASH_OUT,73693.79,C1853606130,0.0,0.0,C904273482,3627673.99,3701367.77,0,0
40,CASH_IN,93397.09,C356336973,1855169.62,1948566.71,C897738742,144285.5,50888.41,0,0
402,CASH_OUT,212865.53,C485050190,3146.0,0.0,C2102622419,433336.81,646202.34,0,0
178,TRANSFER,211442.13,C1866547944,0.0,0.0,C941250063,1376513.28,1587955.4,0,0
141,PAYMENT,7593.62,C1121580295,0.0,0.0,M588420171,0.0,0.0,0,0
302,TRANSFER,689787.85,C724723113,284.0,0.0,C1024267390,71789.96,761577.81,0,0
36,PAYMENT,23272.22,C293753712,8696.0,0.0,M155018961,0.0,0.0,0,0
178,CASH_OUT,428123.62,C1232755355,5081.0,0.0,C1662675436,392293.83,820417.45,0,0
177,PAYMENT,327.35,C1336804340,0.0,0.0,M1401457557,0.0,0.0,0,0
380,CASH_OUT,95577.68,C1704829128,30085.0,0.0,C867207320,0.0,95577.68,0,0
153,CASH_IN,414894.2,C1129707430,19931570.85,20346465.05,C648224471,770926.55,356032.34,0,0
323,CASH_IN,269098.02,C1363596630,2602701.93,2871799.95,C2036712555,303820.13,34722.11,0,0
330,CASH_OUT,278517.93,C2008982375,0.0,0.0,C1775809491,850468.11,1128986.04,0,0
257,CASH_IN,98991.64,C57556034,103692.0,202683.64,C126551213,191471.11,92479.46,0,0
261,PAYMENT,459.19,C819000314,20366.0,19906.81,M608426953,0.0,0.0,0,0
394,CASH_IN,172236.98,C627509047,5121.0,177357.98,C1601746468,137683.05,0.0,0,0
254,PAYMENT,10776.36,C2061719530,1479.36,0.0,M786004136,0.0,0.0,0,0
188,CASH_OUT,96119.64,C1159613893,0.0,0.0,C942686614,166293.68,262413.32,0,0
258,CASH_OUT,2007.02,C178679602,0.0,0.0,C1297136596,295690.42,297697.44,0,0
279,CASH_IN,72453.5,C189996812,2561063.53,2633517.03,C747013817,7676776.1,7604322.6,0,0
370,PAYMENT,5102.3,C494648788,118994.82,113892.52,M1439483757,0.0,0.0,0,0
208,CASH_OUT,41026.61,C1097702815,1691.0,0.0,C2091154305,0.0,41026.61,0,0
212,PAYMENT,55679.27,C1375992106,585232.27,529553.0,M98243517,0.0,0.0,0,0
206,CASH_IN,109616.17,C212566184,558205.0,667821.17,C569584090,0.0,0.0,0,0
329,CASH_IN,53344.5,C1447713634,3453403.21,3506747.71,C2128690178,3780220.65,3726876.15,0,0
132,CASH_IN,96661.18,C1963809573,17552.0,114213.18,C650120496,972.0,0.0,0,0
378,PAYMENT,6015.48,C1178932804,169704.05,163688.57,M1354452696,0.0,0.0,0,0
187,PAYMENT,9627.17,C1078768594,0.0,0.0,M827990304,0.0,0.0,0,0
9,CASH_OUT,41925.57,C1593820833,97779.51,55853.94,C1428171686,0.0,253499.65,0,0
22,CASH_IN,80784.62,C59131825,154056.0,234840.62,C448890420,190561.66,109777.03,0,0
300,CASH_OUT,125300.7,C852671673,0.0,0.0,C1771577644,1554962.79,1680263.49,0,0
297,CASH_OUT,135677.35,C965782871,0.0,0.0,C331605412,657157.29,792834.64,0,0
213,CASH_IN,72979.88,C926320576,2730767.25,2803747.13,C397753053,7447109.4,7374129.52,0,0
332,TRANSFER,264942.71,C503346513,19997.0,0.0,C165141745,174629.3,439572.01,0,0
300,PAYMENT,18043.77,C1250291143,0.0,0.0,M783103997,0.0,0.0,0,0
18,CASH_IN,555545.01,C295143652,4139254.15,4694799.16,C1793325972,9391986.3,9703832.99,0,0
161,TRANSFER,236779.21,C2002122402,622.0,0.0,C703201766,10838.79,0.0,0,0
337,PAYMENT,669.47,C1528970382,105074.0,104404.53,M1204844400,0.0,0.0,0,0
251,CASH_IN,238650.63,C1643535447,30974.0,269624.63,C772439495,3068377.2,2829726.58,0,0
17,CASH_OUT,167821.92,C1076780225,0.0,0.0,C1282693605,922404.27,908238.22,0,0
252,CASH_IN,123548.73,C1090921837,19935.0,143483.73,C1789846188,699407.38,575858.65,0,0
312,CASH_OUT,281674.34,C1900886844,0.0,0.0,C738876719,1032630.15,1314304.48,0,0
211,CASH_IN,39251.1,C138569620,10218.0,49469.1,C931620044,0.0,0.0,0,0
281,CASH_OUT,145035.4,C1780323399,95337.0,0.0,C461415361,0.0,145035.4,0,0
381,PAYMENT,217.52,C2087797886,300223.01,300005.49,M1019583304,0.0,0.0,0,0
165,PAYMENT,24436.18,C956912129,97076.66,72640.48,M786884692,0.0,0.0,0,0
129,PAYMENT,1815.05,C1505281368,14774.0,12958.95,M612750768,0.0,0.0,0,0
15,CASH_OUT,328518.43,C1446277887,332020.0,3501.57,C1257541539,2060980.43,2827841.0,0,0
139,CASH_OUT,193464.81,C1346388156,0.0,0.0,C1392356624,926484.91,1119949.72,0,0
205,CASH_OUT,156986.0,C1419561403,9490.0,0.0,C329509886,0.0,156986.0,0,0
208,CASH_OUT,1093.21,C643045179,62938.0,61844.79,C795311513,165330.79,166424.0,0,0
298,PAYMENT,46598.35,C430699430,0.0,0.0,M845575608,0.0,0.0,0,0
400,CASH_IN,80366.42,C328306340,2347826.14,2428192.56,C1178637686,302199.9,221833.48,0,0
178,CASH_OUT,214518.62,C80452725,99680.0,0.0,C1697406129,0.0,214518.62,0,0
546,PAYMENT,7989.49,C798420379,0.0,0.0,M928695951,0.0,0.0,0,0
353,CASH_OUT,352287.63,C872990670,0.0,0.0,C888611088,5192647.16,5544934.79,0,0
161,CASH_OUT,10609.62,C361262268,0.0,0.0,C2114621202,324352.33,334961.95,0,0
379,TRANSFER,117724.19,C848665431,0.0,0.0,C552381115,1522929.32,1640653.52,0,0
522,CASH_IN,265877.33,C603370534,9022999.74,9288877.06,C438779799,4896572.05,4630694.72,0,0
298,CASH_OUT,23578.58,C788656230,0.0,0.0,C1695533080,607772.34,631350.93,0,0
188,CASH_OUT,84922.08,C1455184933,0.0,0.0,C85743834,105950.15,190872.23,0,0
14,CASH_IN,30746.28,C1650466421,614.0,31360.28,C2132870212,47696.5,23174.38,0,0
138,CASH_OUT,21294.7,C352566392,5078.0,0.0,C778005180,168910.46,177784.42,0,0
355,PAYMENT,20396.88,C591125203,0.0,0.0,M945137243,0.0,0.0,0,0
323,PAYMENT,11119.27,C178627491,36526.0,25406.73,M40715491,0.0,0.0,0,0
323,CASH_OUT,134977.94,C1789192300,0.0,0.0,C2069601998,255680.34,390658.28,0,0
377,PAYMENT,30867.65,C1719075732,58018.5,27150.85,M1031727019,0.0,0.0,0,0
19,PAYMENT,882.21,C1528102375,99836.0,98953.79,M1898085881,0.0,0.0,0,0
201,CASH_IN,187822.85,C2117479613,2071473.85,2259296.7,C1307126915,615574.13,427751.27,0,0
370,CASH_IN,414535.57,C1446458089,8074.0,422609.57,C695620858,25983.87,0.0,0,0
277,DEBIT,1660.45,C895643391,163507.83,161847.38,C1145775567,1001506.36,1003166.8,0,0
326,PAYMENT,6867.47,C395587899,1590.0,0.0,M938789447,0.0,0.0,0,0
474,TRANSFER,1093301.87,C877061107,42548.0,0.0,C393317521,410143.17,1503445.03,0,0
189,CASH_IN,53917.15,C735554867,8851546.11,8905463.27,C803447884,226325.78,172408.63,0,0
514,CASH_IN,455682.96,C1850179699,737.0,456419.96,C483348906,0.0,0.0,0,0
299,CASH_IN,317851.2,C942299572,20739.0,338590.2,C511286344,0.0,0.0,0,0
10,CASH_OUT,128718.01,C274576935,0.0,0.0,C1899458851,563759.16,1124469.29,0,0
397,PAYMENT,32570.94,C358569398,717312.68,684741.74,M1134588099,0.0,0.0,0,0
369,CASH_OUT,246827.84,C10540706,54211.0,0.0,C1981429287,64496.24,311324.08,0,0
277,TRANSFER,291035.28,C444497988,99520.0,0.0,C866074585,0.0,291035.28,0,0
401,CASH_IN,174927.44,C554419348,20490.0,195417.44,C1541143044,1477813.23,1302885.79,0,0
309,PAYMENT,14648.38,C1150842428,4526.0,0.0,M810940557,0.0,0.0,0,0
214,CASH_IN,223380.21,C604774488,4152029.06,4375409.27,C2028481558,1055991.17,832610.95,0,0
183,TRANSFER,150352.24,C25475920,0.0,0.0,C1224040605,952138.31,1102490.55,0,0
10,CASH_IN,19169.38,C40117437,793912.42,813081.8,C757902922,385602.0,34994.5,0,0
11,PAYMENT,7304.64,C2123591166,0.0,0.0,M638008050,0.0,0.0,0,0
8,PAYMENT,5463.95,C830291130,0.0,0.0,M691304536,0.0,0.0,0,0
232,CASH_IN,2203.98,C1448065131,27057913.02,27060117.0,C1832794434,218073.2,215869.23,0,0
134,PAYMENT,35195.43,C1683956223,0.0,0.0,M284975610,0.0,0.0,0,0
346,PAYMENT,9209.42,C1378222098,4476.0,0.0,M1477066574,0.0,0.0,0,0
42,CASH_OUT,243631.16,C1030290883,0.0,0.0,C95835038,509141.57,752772.73,0,0
352,CASH_OUT,49768.75,C977038524,3420.0,0.0,C785192123,380799.09,430567.84,0,0
376,CASH_OUT,184015.96,C1599749160,0.0,0.0,C706815835,1986867.78,2170883.74,0,0
45,CASH_OUT,88315.74,C289897032,9657.12,0.0,C422937097,17650215.15,17899794.88,0,0
334,PAYMENT,20936.65,C1466596914,33157.04,12220.38,M2122184227,0.0,0.0,0,0
42,PAYMENT,15281.73,C566105460,0.0,0.0,M936636988,0.0,0.0,0,0
16,CASH_IN,126201.64,C564913433,3328273.0,3454474.64,C1067156499,390254.49,95859.8,0,0
375,CASH_OUT,46701.57,C352788668,0.0,0.0,C1412804853,660097.33,706798.91,0,0
357,PAYMENT,4068.06,C902262968,388044.0,383975.94,M1422283833,0.0,0.0,0,0
19,CASH_OUT,110405.9,C507849622,0.0,0.0,C936455438,603794.4,714200.3,0,0
563,PAYMENT,10136.31,C1656816611,9229.0,0.0,M938675808,0.0,0.0,0,0
352,CASH_IN,80865.72,C729063243,11799.0,92664.72,C1357842930,73248.69,0.0,0,0
205,PAYMENT,4749.77,C1765438918,30980.0,26230.23,M1912648421,0.0,0.0,0,0
259,PAYMENT,7258.2,C605473039,92661.0,85402.8,M1432187978,0.0,0.0,0,0
231,CASH_IN,25290.56,C488327864,49520.0,74810.56,C817023457,0.0,0.0,0,0
40,PAYMENT,5040.96,C1223687655,19805.0,14764.04,M1323173509,0.0,0.0,0,0
380,PAYMENT,16975.3,C1251198049,147.0,0.0,M1611725227,0.0,0.0,0,0
401,CASH_OUT,64034.23,C2131660469,232.0,0.0,C2134383046,0.0,0.0,0,0
308,PAYMENT,17934.79,C552874184,100689.0,82754.21,M1561746470,0.0,0.0,0,0
355,PAYMENT,2203.9,C182866919,0.0,0.0,M722266941,0.0,0.0,0,0
229,PAYMENT,40907.06,C1283130045,22454.0,0.0,M1466080454,0.0,0.0,0,0
8,PAYMENT,11044.17,C1170777599,13370.0,2325.83,M1786371787,0.0,0.0,0,0
349,TRANSFER,956552.77,C1777013099,735846.0,0.0,C854249307,0.0,956552.77,0,0
35,CASH_IN,156335.38,C1057387827,6190873.55,6347208.93,C1287934708,1996893.81,1840558.44,0,0
201,PAYMENT,1476.13,C883866617,209988.0,208511.87,M88191317,0.0,0.0,0,0
329,CASH_OUT,254987.87,C768196181,30997.0,0.0,C2065061736,0.0,254987.87,0,0
686,CASH_IN,186725.04,C2111276236,1386227.13,1572952.17,C206837295,483911.68,297186.64,0,0
356,CASH_IN,106123.7,C2094165396,17953.0,124076.7,C101212188,1590806.65,1484682.95,0,0
230,CASH_OUT,226724.0,C1486767821,405.0,0.0,C1187952844,0.0,226724.0,0,0
330,CASH_IN,137893.61,C1227254637,33201.0,171094.61,C1491577811,0.0,0.0,0,0
131,PAYMENT,19371.47,C1002304934,1566.0,0.0,M87566825,0.0,0.0,0,0
308,TRANSFER,552321.75,C1073848970,312223.0,0.0,C492533128,0.0,552321.75,0,0
249,CASH_IN,274745.22,C649649410,1577801.0,1852546.22,C739196873,436299.77,161554.55,0,0
255,PAYMENT,7078.05,C2008606890,20815.0,13736.95,M1236581750,0.0,0.0,0,0
276,CASH_OUT,91784.91,C85318688,19532.0,0.0,C500662051,108282.82,200067.73,0,0
306,CASH_OUT,358918.18,C1732538515,0.0,0.0,C1095941680,533418.88,892337.07,0,0
23,CASH_OUT,413043.64,C1249446657,0.0,0.0,C1772907370,2476026.51,2889070.15,0,0
42,TRANSFER,837292.68,C896892006,709789.0,0.0,C1500823595,0.0,837292.68,0,0
332,TRANSFER,948490.35,C704077404,21895.0,0.0,C1552503253,72619.26,1125978.34,0,0
190,CASH_OUT,600938.04,C2139042999,0.0,0.0,C527838993,7857407.38,8458345.43,0,0
379,PAYMENT,8146.33,C125985434,7085.0,0.0,M1578594486,0.0,0.0,0,0
42,PAYMENT,832.79,C2077212407,45106.0,44273.21,M2124453373,0.0,0.0,0,0
282,PAYMENT,10467.54,C2104832493,0.0,0.0,M921489350,0.0,0.0,0,0
141,CASH_OUT,82080.42,C1954732813,47650.0,0.0,C2033759621,1083765.8,1165846.21,0,0
130,PAYMENT,9394.79,C669088417,513848.96,504454.18,M1858331198,0.0,0.0,0,0
134,PAYMENT,11601.39,C445754949,20383.0,8781.61,M1070628392,0.0,0.0,0,0
469,CASH_OUT,194351.99,C940374102,10541.0,0.0,C153560471,42010.69,236362.68,0,0
163,PAYMENT,2535.7,C886037885,0.0,0.0,M2053289484,0.0,0.0,0,0
283,CASH_IN,350661.23,C777610578,6213697.6,6564358.82,C1638303161,1407459.23,1056798.0,0,0
393,PAYMENT,16327.22,C2065400170,3245.48,0.0,M1754616656,0.0,0.0,0,0
275,CASH_OUT,196248.86,C1817839334,0.0,0.0,C1592661036,479938.13,676186.99,0,0
159,CASH_OUT,200418.94,C1761582202,0.0,0.0,C1001882344,1146131.34,1346550.28,0,0
355,CASH_IN,27506.72,C1745919097,10184.0,37690.72,C1332634119,1943482.16,1915975.43,0,0
139,PAYMENT,23401.95,C1520512493,20275.0,0.0,M754749589,0.0,0.0,0,0
277,CASH_OUT,95637.64,C1650410236,0.0,0.0,C1054296309,238472.19,334109.83,0,0
280,CASH_IN,355901.25,C621557055,24061755.35,24417656.6,C1924808842,1327354.87,971453.62,0,0
204,TRANSFER,124050.23,C451071332,0.0,0.0,C857406270,651503.4,775553.64,0,0
369,PAYMENT,5367.49,C1008973369,19989.0,14621.51,M622926500,0.0,0.0,0,0
331,CASH_IN,141946.49,C780263594,7558404.57,7700351.07,C348867504,574628.14,432681.65,0,0
356,CASH_OUT,19471.08,C431704426,0.0,0.0,C1552011328,123268.18,142739.26,0,0
252,CASH_OUT,209595.04,C1274745741,0.0,0.0,C532395268,6159437.03,6369032.07,0,0
469,PAYMENT,19695.15,C1868246441,72494.0,52798.85,M1761417773,0.0,0.0,0,0
178,CASH_IN,421264.32,C902460903,19582.0,440846.32,C263946476,0.0,0.0,0,0
44,PAYMENT,2300.82,C1019316012,56358.0,54057.18,M816725285,0.0,0.0,0,0
211,PAYMENT,811.14,C1518423730,0.0,0.0,M1442635686,0.0,0.0,0,0
401,CASH_OUT,215369.33,C1705863047,279513.0,64143.67,C851316413,157245.22,372614.54,0,0
399,PAYMENT,40285.14,C2132642691,0.0,0.0,M764061735,0.0,0.0,0,0
261,CASH_OUT,205778.6,C653588831,0.0,0.0,C818516309,1959109.78,2164888.38,0,0
399,CASH_IN,207560.2,C2021162555,4145692.48,4353252.68,C1116272946,1154250.62,946690.42,0,0
206,CASH_OUT,191810.88,C935598034,0.0,0.0,C1906897029,394879.37,586690.24,0,0
153,CASH_IN,14551.54,C1983675746,4159957.35,4174508.89,C700221631,1275077.2,1260525.66,0,0
206,CASH_IN,95184.45,C2006274460,1082575.87,1177760.31,C2109293038,282666.95,187482.5,0,0
372,CASH_IN,121972.13,C195375920,33440.0,155412.13,C1219918020,0.0,0.0,0,0
182,PAYMENT,24353.13,C879686066,0.0,0.0,M1589129739,0.0,0.0,0,0
259,CASH_OUT,29816.58,C1329813943,0.0,0.0,C1429890387,409049.1,438865.67,0,0
335,CASH_OUT,195731.71,C850606148,315.0,0.0,C1483270486,0.0,195731.71,0,0
14,CASH_OUT,564112.37,C1952180781,0.0,0.0,C358804045,1669365.85,2522611.71,0,0
165,CASH_OUT,41158.68,C1607871574,14944.0,0.0,C232741254,2979479.76,3020638.43,0,0
351,CASH_OUT,71368.56,C320622526,0.0,0.0,C300462113,2044991.35,2116359.91,0,0
45,PAYMENT,2854.92,C424580077,384539.34,381684.42,M993417453,0.0,0.0,0,0
371,CASH_IN,84142.97,C2030175769,4784082.89,4868225.86,C1362836861,215141.05,130998.08,0,0
17,PAYMENT,692.69,C244336922,0.0,0.0,M29556251,0.0,0.0,0,0
307,TRANSFER,52955.85,C229394093,236639.0,183683.15,C632108121,0.0,52955.85,0,0
544,CASH_IN,204161.59,C522540572,1703103.46,1907265.06,C694916464,379112.63,174951.03,0,0
401,CASH_OUT,210332.45,C1671364411,49695.0,0.0,C1690388633,101093.6,503831.54,0,0
282,CASH_OUT,316583.39,C868634217,53799.0,0.0,C1096742332,0.0,316583.39,0,0
210,PAYMENT,13238.09,C1745770215,0.0,0.0,M1104311594,0.0,0.0,0,0
135,CASH_IN,243538.27,C432207369,4021114.2,4264652.48,C1756383540,925645.81,682107.54,0,0
12,PAYMENT,1829.54,C324608990,823.01,0.0,M472918031,0.0,0.0,0,0
210,PAYMENT,1699.22,C1771842040,191569.89,189870.67,M1860340551,0.0,0.0,0,0
586,CASH_OUT,140052.07,C1720739268,0.0,0.0,C916201417,226256.32,366308.39,0,0
233,PAYMENT,11654.72,C1621384845,0.0,0.0,M1913931624,0.0,0.0,0,0
179,CASH_OUT,375997.96,C1705478915,29931.0,0.0,C357455452,942833.92,1318831.88,0,0
358,PAYMENT,2868.59,C1459688974,0.0,0.0,M1365158695,0.0,0.0,0,0
38,PAYMENT,13667.45,C1578184104,22894.0,9226.55,M1896107083,0.0,0.0,0,0
181,CASH_IN,294598.72,C738373477,4470321.39,4764920.12,C87764910,3324090.75,3029492.03,0,0
279,CASH_IN,362645.34,C529635398,3772051.03,4134696.38,C345603257,17336365.16,16973719.82,0,0
325,CASH_IN,196900.52,C1615823921,27083.0,223983.52,C1277438472,0.0,0.0,0,0
260,PAYMENT,6610.07,C1230241067,67743.18,61133.11,M1125728475,0.0,0.0,0,0
141,PAYMENT,16097.46,C514577393,22750.79,6653.33,M954690514,0.0,0.0,0,0
211,CASH_OUT,65074.22,C1480548751,10918.0,0.0,C850077809,0.0,65074.22,0,0
278,PAYMENT,6018.65,C272083773,0.0,0.0,M552274686,0.0,0.0,0,0
380,CASH_OUT,65296.62,C202503561,125372.0,60075.38,C2062256711,190404.2,255700.83,0,0
331,CASH_IN,247693.58,C133454402,8702776.58,8950470.15,C414671676,3088630.31,2840936.73,0,0
308,CASH_IN,176750.53,C1136193076,8166.0,184916.53,C1047899372,0.0,0.0,0,0
356,TRANSFER,626054.94,C88167392,0.0,0.0,C1738649621,3423417.88,4049472.83,0,0
14,CASH_IN,167450.72,C778898605,49869.0,217319.72,C1575652054,3300567.54,4755024.36,0,0
231,PAYMENT,3205.55,C1322484085,228210.73,225005.18,M1914184336,0.0,0.0,0,0
253,CASH_OUT,117739.93,C1394953431,0.0,0.0,C459650943,1258847.07,1376587.0,0,0
347,CASH_IN,193814.0,C1330782935,20721512.66,20915326.65,C864857736,276551.77,82737.77,0,0
22,CASH_OUT,196916.58,C1420165467,0.0,0.0,C2060539913,379327.3,576243.88,0,0
18,TRANSFER,136419.85,C507060226,50554.0,0.0,C1479173744,0.0,136419.85,0,0
394,CASH_OUT,414085.26,C857510846,188940.0,0.0,C808133865,194781.43,608866.69,0,0
307,CASH_OUT,780995.88,C1788294843,0.0,0.0,C455756026,2838984.47,6166324.33,0,0
402,CASH_IN,133438.18,C1188170308,2771252.59,2904690.77,C2059238264,2784054.19,2650616.01,0,0
38,CASH_OUT,9249.93,C2078522736,246619.0,237369.07,C478991475,161620.5,211061.82,0,0
156,CASH_OUT,22925.42,C1996663104,0.0,0.0,C242839798,60771.54,83696.96,0,0
304,CASH_IN,653946.11,C1589968852,11183.0,665129.11,C1400369626,63498.96,0.0,0,0
330,CASH_OUT,159543.71,C1473889288,0.0,0.0,C412945183,381275.82,540819.53,0,0
235,CASH_OUT,43448.73,C1818175093,0.0,0.0,C1790065167,411787.52,455236.26,0,0
328,PAYMENT,56772.83,C1951123527,0.0,0.0,M1444914797,0.0,0.0,0,0
154,PAYMENT,38788.46,C800203430,0.0,0.0,M1911161601,0.0,0.0,0,0
397,CASH_OUT,159518.57,C1217178316,507027.0,347508.43,C202120711,2322257.13,2481775.7,0,0
143,TRANSFER,135478.71,C1632177893,0.0,0.0,C126978053,2094999.11,2230477.82,0,0
210,PAYMENT,2955.83,C657913065,60283.0,57327.17,M786500689,0.0,0.0,0,0
20,CASH_IN,60505.07,C751904164,30315.0,90820.07,C1035754046,390562.43,330057.35,0,0
143,PAYMENT,1496.94,C1082526689,29774.0,28277.06,M777462005,0.0,0.0,0,0
347,PAYMENT,19562.12,C1368800403,109.0,0.0,M695427629,0.0,0.0,0,0
373,CASH_OUT,320731.21,C1361508564,0.0,0.0,C1361253823,722354.27,1043085.48,0,0
335,CASH_IN,172787.27,C1125876531,1435126.02,1607913.28,C18078448,1580049.1,1407261.84,0,0
134,CASH_OUT,115267.9,C368665936,0.0,0.0,C219857008,1684344.74,1799612.64,0,0
132,CASH_OUT,220170.38,C1326909589,0.0,0.0,C876621065,11031850.6,11252020.98,0,0
351,PAYMENT,12724.98,C1611139760,326398.89,313673.91,M1243689406,0.0,0.0,0,0
403,TRANSFER,134796.22,C1084429945,95683.0,0.0,C137884813,6338.74,141134.95,0,0
186,CASH_OUT,31358.86,C1212982906,0.0,0.0,C816633304,306621.84,337980.7,0,0
16,TRANSFER,376203.1,C804368037,21003.0,0.0,C2139356892,507930.65,884133.75,0,0
237,CASH_OUT,421971.19,C1338885823,93637.98,0.0,C1758858020,7927296.6,8349267.79,0,0
232,PAYMENT,15014.71,C1301749785,0.0,0.0,M777581512,0.0,0.0,0,0
404,CASH_OUT,229882.11,C10486226,45523.0,0.0,C780636857,0.0,229882.11,0,0
203,CASH_OUT,311663.84,C1436533034,0.0,0.0,C1452078558,1157593.75,1469257.6,0,0
688,PAYMENT,35736.2,C719642327,30764.0,0.0,M1068576036,0.0,0.0,0,0
276,TRANSFER,2189.35,C355330025,0.0,0.0,C655787689,34293.65,36483.01,0,0
373,CASH_OUT,59322.67,C796429411,51127.0,0.0,C1223279503,0.0,59322.67,0,0
355,TRANSFER,1652505.04,C1751949522,22398.0,0.0,C127703908,645985.68,2483043.5,0,0
308,PAYMENT,7893.2,C1771187651,27469.0,19575.8,M814316151,0.0,0.0,0,0
141,PAYMENT,706.4,C510338767,0.0,0.0,M170312331,0.0,0.0,0,0
258,CASH_OUT,102515.86,C1435547770,362.0,0.0,C1832220652,0.0,102515.86,0,0
133,TRANSFER,9058.25,C384185954,0.0,0.0,C1092577223,2089654.39,2098712.63,0,0
401,CASH_OUT,412226.19,C2098813747,18333.0,0.0,C1331869627,479915.63,892141.82,0,0
331,CASH_OUT,17262.39,C1203440269,54482.25,37219.86,C745013119,50169.46,67431.86,0,0
259,CASH_OUT,79214.1,C1691102794,854.0,0.0,C955223040,642.47,79856.58,0,0
503,PAYMENT,1701.96,C1398620110,145.0,0.0,M981788796,0.0,0.0,0,0
393,CASH_OUT,14630.67,C21605915,0.0,0.0,C1868110203,1053531.6,1068162.27,0,0
356,PAYMENT,9817.5,C1651905902,0.0,0.0,M362942983,0.0,0.0,0,0
259,CASH_OUT,82115.89,C539204435,560.0,0.0,C1357449483,0.0,82115.89,0,0
193,PAYMENT,4878.96,C121639203,42012.0,37133.04,M1491397740,0.0,0.0,0,0
210,CASH_OUT,74501.09,C1592018367,0.0,0.0,C1286755156,763659.58,838160.67,0,0
36,CASH_OUT,592897.47,C449516957,2203.0,0.0,C983936885,0.0,592897.47,0,0
330,CASH_OUT,207746.47,C472902560,19393.0,0.0,C419642608,2888642.97,3096389.44,0,0
324,CASH_OUT,223685.3,C2063324319,40934.06,0.0,C949782976,848630.85,1072316.15,0,0
354,CASH_IN,88179.25,C277577390,13138581.34,13226760.6,C971239721,2038962.9,1950783.65,0,0
304,PAYMENT,5941.3,C2012006412,0.0,0.0,M888599535,0.0,0.0,0,0
37,TRANSFER,27448.5,C1313310639,0.0,0.0,C503335895,214646.29,242094.78,0,0
255,PAYMENT,4787.45,C449334850,0.0,0.0,M530823104,0.0,0.0,0,0
305,PAYMENT,38971.92,C1457874777,10197.0,0.0,M2116680217,0.0,0.0,0,0
378,CASH_IN,78122.61,C238747846,10382.33,88504.94,C2105343189,171582.56,93459.95,0,0
162,CASH_OUT,79480.83,C690800807,0.0,0.0,C790525907,1131327.21,1210808.04,0,0
332,CASH_OUT,298171.62,C1227621576,0.0,0.0,C1573001441,2161576.09,2459747.71,0,0
18,PAYMENT,7263.58,C1160626888,0.0,0.0,M1272851370,0.0,0.0,0,0
260,CASH_OUT,9913.43,C288413692,64269.13,54355.69,C728151240,179919.5,189832.93,0,0
37,CASH_OUT,10646.87,C882655869,252457.0,241810.13,C1675157487,158861.78,440972.59,0,0
401,CASH_OUT,146469.3,C1547326737,2411.0,0.0,C2013336145,6348059.08,6494528.39,0,0
16,PAYMENT,15751.95,C972219058,0.0,0.0,M779270642,0.0,0.0,0,0
165,TRANSFER,160954.06,C1622966585,8256.0,0.0,C339018103,1088367.32,1249321.39,0,0
254,CASH_OUT,174338.76,C195244039,101.0,0.0,C1922679740,0.0,174338.76,0,0
234,CASH_OUT,579187.0,C2026632139,0.0,0.0,C425987411,1398120.24,1977307.24,0,0
325,CASH_OUT,151435.94,C1007956043,0.0,0.0,C1611448057,956668.05,1108103.99,0,0
167,CASH_IN,94612.24,C740536219,105.0,94717.24,C701615431,32145.56,0.0,0,0
329,CASH_IN,157608.12,C1851274964,6974697.05,7132305.17,C1743769370,213449.77,55841.64,0,0
377,CASH_OUT,162184.0,C1590025414,8940.95,0.0,C1026424438,938015.67,1100199.66,0,0
236,CASH_IN,318511.38,C1339191507,336.0,318847.38,C2049668695,0.0,0.0,0,0
348,CASH_IN,374154.15,C67581653,50170.0,424324.15,C514013237,17160.57,0.0,0,0
228,CASH_IN,78265.47,C1026416337,3988288.73,4066554.2,C1807548100,2673921.02,2912776.18,0,0
258,CASH_OUT,16869.02,C1295344274,678015.0,661145.98,C1517029456,1523782.53,1540651.55,0,0
331,CASH_OUT,204159.77,C1243122949,22669.0,0.0,C2033802847,298066.54,502226.31,0,0
212,CASH_OUT,212821.49,C883759266,0.0,0.0,C897474970,2591912.2,2804733.68,0,0
355,PAYMENT,5621.45,C921815782,0.0,0.0,M1873837324,0.0,0.0,0,0
236,PAYMENT,4403.17,C1041264731,124604.26,120201.09,M829665687,0.0,0.0,0,0
397,CASH_OUT,216008.79,C83513047,0.0,0.0,C1346644595,1572600.41,1788609.2,0,0
93,CASH_IN,25417.47,C1544492312,62460.0,87877.47,C1881011019,2909057.14,2883639.67,0,0
38,CASH_IN,272727.16,C1309392528,5383482.43,5656209.59,C1677262317,4708061.94,4435334.78,0,0
284,CASH_IN,262235.38,C1528672840,1916341.64,2178577.01,C1470642329,949790.57,687555.19,0,0
403,CASH_OUT,66705.56,C1692597725,0.0,0.0,C903738181,1331921.92,1398627.48,0,0
305,CASH_OUT,575508.26,C800768642,200.0,0.0,C1999398168,65049.95,640558.2,0,0
249,CASH_IN,156703.88,C1673741710,1819456.55,1976160.43,C1114607317,191974.06,35270.18,0,0
12,PAYMENT,25898.01,C91493518,3198.0,0.0,M1519150394,0.0,0.0,0,0
275,PAYMENT,11175.66,C1697546005,0.0,0.0,M1914488679,0.0,0.0,0,0
187,CASH_IN,36689.31,C241143739,9092605.96,9129295.27,C1312215565,923537.16,886847.85,0,0
188,PAYMENT,16185.04,C972848313,762.0,0.0,M2013187012,0.0,0.0,0,0
297,CASH_OUT,155426.94,C597660409,80025.0,0.0,C2102851260,965314.05,1120740.99,0,0
252,CASH_OUT,151193.28,C1787853884,0.0,0.0,C1470059343,879531.47,1030724.75,0,0
325,CASH_OUT,146769.73,C1275795034,4404.0,0.0,C335649569,75383.9,222153.63,0,0
394,CASH_OUT,42222.59,C1607584211,104312.0,62089.41,C397812983,260221.53,62828.18,0,0
139,CASH_IN,123225.38,C947631150,3013657.68,3136883.06,C1635258370,5549003.89,5425778.51,0,0
238,CASH_OUT,75402.36,C345350463,0.0,0.0,C1976678831,2373297.99,2448700.35,0,0
159,CASH_OUT,110616.76,C473548850,0.0,0.0,C1642521477,243697.37,401441.71,0,0
155,PAYMENT,15330.78,C958427423,25325.0,9994.22,M2008127541,0.0,0.0,0,0
256,PAYMENT,6741.18,C521188224,1296.42,0.0,M1804679636,0.0,0.0,0,0
44,PAYMENT,8144.57,C683913492,19065.0,10920.43,M1047956581,0.0,0.0,0,0
550,PAYMENT,236.4,C319397707,5021.0,4784.6,M1723957509,0.0,0.0,0,0
298,TRANSFER,191368.46,C430749152,150219.0,0.0,C22799315,0.0,191368.46,0,0
132,CASH_OUT,192941.2,C1153374313,0.0,0.0,C687293318,5458743.24,5651684.44,0,0
326,CASH_OUT,208278.93,C699954017,156.0,0.0,C540106793,0.0,208278.93,0,0
94,PAYMENT,14505.12,C1078093942,0.0,0.0,M1731819282,0.0,0.0,0,0
278,PAYMENT,49626.78,C1921983559,166235.37,116608.6,M778769039,0.0,0.0,0,0
402,PAYMENT,34953.74,C1824130444,20083.0,0.0,M1482244831,0.0,0.0,0,0
416,CASH_IN,165410.16,C515430654,5803423.07,5968833.23,C80882353,861297.94,695887.78,0,0
156,CASH_OUT,322949.6,C1236950163,222277.18,0.0,C559595293,396569.61,719519.22,0,0
358,PAYMENT,20005.27,C1385141951,51333.0,31327.73,M794952855,0.0,0.0,0,0
186,CASH_OUT,276692.0,C290185463,62804.0,0.0,C247703462,0.0,276692.0,0,0
357,CASH_IN,129150.76,C750174135,107626.0,236776.76,C352179905,0.0,0.0,0,0
230,CASH_OUT,137815.23,C2047714555,0.0,0.0,C715100923,397874.11,691534.77,0,0
353,PAYMENT,22058.91,C2038081868,0.0,0.0,M357048418,0.0,0.0,0,0
380,CASH_OUT,40224.72,C691449162,0.0,0.0,C443445598,8284217.11,8324441.83,0,0
333,PAYMENT,8838.01,C2084683952,0.0,0.0,M1993246236,0.0,0.0,0,0
15,CASH_OUT,53660.31,C1642479881,0.0,0.0,C1426442542,1488994.31,1542654.62,0,0
232,CASH_OUT,363583.39,C1901439510,0.0,0.0,C363697819,629399.28,992982.67,0,0
230,CASH_OUT,189281.83,C552594584,33008.0,0.0,C1905463400,47966.37,237248.2,0,0
134,PAYMENT,7458.82,C1464561064,37536.0,30077.18,M2094192949,0.0,0.0,0,0
500,PAYMENT,4011.02,C1080192615,175012.03,171001.01,M182393910,0.0,0.0,0,0
380,CASH_IN,314946.58,C1808113724,1744438.06,2059384.64,C872848343,9031116.37,8716169.79,0,0
377,CASH_OUT,258724.47,C805050519,61919.0,0.0,C1571496192,205626.23,464350.7,0,0
257,CASH_OUT,197497.98,C841828518,51970.0,0.0,C1619404549,1040205.3,1237703.29,0,0
423,PAYMENT,2339.44,C1997030343,178825.0,176485.56,M1146652814,0.0,0.0,0,0
373,TRANSFER,140256.67,C905071296,260248.0,119991.33,C559205852,101526.61,241783.29,0,0
15,CASH_OUT,77095.9,C2055206181,4413.0,0.0,C595321552,1026646.31,993732.57,0,0
353,CASH_IN,333535.6,C381787454,42855.0,376390.6,C1729461449,9950.01,0.0,0,0
661,PAYMENT,4621.03,C1319893092,0.0,0.0,M2009809031,0.0,0.0,0,0
153,CASH_OUT,319371.25,C894002199,59.0,0.0,C41505172,0.0,319371.25,0,0
235,PAYMENT,6133.47,C1654137280,0.0,0.0,M1424379566,0.0,0.0,0,0
205,CASH_IN,106169.34,C716952742,7374137.1,7480306.44,C1377558866,141598.79,35429.45,0,0
374,CASH_OUT,217324.66,C602398376,15142.0,0.0,C1716495982,0.0,217324.66,0,0
308,CASH_OUT,24570.29,C684990805,0.0,0.0,C678521312,529364.72,553935.01,0,0
154,CASH_OUT,282791.22,C1246716695,0.0,0.0,C1244821447,2793402.47,3076193.69,0,0
253,CASH_IN,62910.86,C1162956207,52591.0,115501.86,C1349799504,338953.39,276042.53,0,0
202,CASH_OUT,160029.88,C1331841765,0.0,0.0,C532372504,1690229.99,1850259.87,0,0
231,CASH_OUT,90425.55,C1822085099,118924.0,28498.45,C174896843,92563.39,182988.95,0,0
15,CASH_OUT,367468.05,C736046158,0.0,0.0,C2117999483,1216874.65,1584342.7,0,0
370,CASH_OUT,118171.45,C1330224874,139.0,0.0,C133389351,239982.65,358154.1,0,0
372,TRANSFER,202371.22,C282924360,0.0,0.0,C387177710,613593.97,815965.19,0,0
186,CASH_OUT,110079.41,C1659909640,718.0,0.0,C1254029169,115219.9,349275.51,0,0
180,CASH_OUT,80325.17,C903616864,0.0,0.0,C747284034,256601.37,336926.54,0,0
329,CASH_OUT,222994.82,C742786156,20970.0,0.0,C1776933028,3251798.57,3474793.4,0,0
15,PAYMENT,27294.19,C2075070929,170737.42,143443.23,M18694348,0.0,0.0,0,0
134,CASH_OUT,200164.33,C601076579,0.0,0.0,C518134049,1059822.82,1259987.15,0,0
403,PAYMENT,12807.84,C599568891,523158.6,510350.76,M2084428336,0.0,0.0,0,0
608,PAYMENT,2433.87,C2134055123,28025.0,25591.13,M380971020,0.0,0.0,0,0
393,CASH_IN,571029.45,C178713973,49615.0,620644.45,C1061626564,1437031.25,866001.8,0,0
41,PAYMENT,9500.01,C1016452802,19363.86,9863.85,M1664268926,0.0,0.0,0,0
185,CASH_IN,53875.82,C1209877785,894006.82,947882.64,C1570222704,1424443.01,1370567.18,0,0
227,CASH_OUT,165013.18,C919797556,3062.0,0.0,C1671643961,49631.13,214644.31,0,0
326,PAYMENT,33098.19,C1775611324,0.0,0.0,M1347944734,0.0,0.0,0,0
374,PAYMENT,12855.88,C1086291201,0.0,0.0,M567422328,0.0,0.0,0,0
183,CASH_OUT,304829.37,C1944983599,28118.0,0.0,C568993638,0.0,304829.37,0,0
231,PAYMENT,8413.28,C1853619057,0.0,0.0,M1011868221,0.0,0.0,0,0
205,CASH_IN,97986.7,C2005691393,31356.0,129342.7,C721304980,4100344.56,4002357.86,0,0
303,PAYMENT,31570.3,C822775670,800.0,0.0,M654358732,0.0,0.0,0,0
214,TRANSFER,3379695.52,C107526555,0.0,0.0,C1237463271,3977703.49,7357399.02,0,0
379,CASH_OUT,216210.33,C1138223436,197.0,0.0,C81645107,0.0,216210.33,0,0
23,PAYMENT,11400.2,C365270366,20687.0,9286.8,M2114494484,0.0,0.0,0,0
332,PAYMENT,3685.13,C898518156,158.0,0.0,M985810753,0.0,0.0,0,0
299,CASH_IN,84822.15,C1004988434,12443.0,97265.15,C1762183799,47971.62,0.0,0,0
18,CASH_OUT,226461.75,C1616432415,25778.0,0.0,C1976822764,257931.27,484393.02,0,0
281,CASH_OUT,162405.65,C2134761082,41214.0,0.0,C521602441,0.0,162405.65,0,0
354,TRANSFER,752855.93,C1958462352,0.0,0.0,C1506916666,4958917.0,5711772.92,0,0
370,PAYMENT,897.83,C35471421,0.0,0.0,M1801973478,0.0,0.0,0,0
201,CASH_OUT,5633.03,C112336993,0.0,0.0,C1096241484,112250.92,117883.95,0,0
326,TRANSFER,17712985.57,C846468185,0.0,0.0,C191301703,23904179.85,41617165.42,0,0
399,CASH_OUT,145541.74,C1104886621,0.0,0.0,C1829776937,832967.46,978509.2,0,0
309,PAYMENT,18858.28,C1586897564,179264.88,160406.61,M1153297303,0.0,0.0,0,0
334,TRANSFER,25592.32,C1288465483,195.0,0.0,C870098425,2726201.33,2751793.65,0,0
136,CASH_IN,43542.96,C1287846260,954312.73,997855.69,C1022583891,119938.65,76395.69,0,0
705,CASH_IN,449834.61,C1204337425,214.0,450048.61,C88352003,174012.0,0.0,0,0
225,TRANSFER,47730.62,C1536212225,0.0,0.0,C756689600,613367.53,661098.15,0,0
15,CASH_OUT,172188.01,C46224874,10822.0,0.0,C1046720284,18719.61,583724.83,0,0
47,CASH_IN,72843.55,C23751996,10010.0,82853.55,C1953575626,1398165.3,1325321.75,0,0
35,CASH_OUT,41535.89,C1267321948,774.0,0.0,C96000805,326654.7,368190.59,0,0
371,PAYMENT,9631.34,C1362280541,0.0,0.0,M9232897,0.0,0.0,0,0
8,PAYMENT,2649.14,C1815248524,76654.0,74004.86,M216343122,0.0,0.0,0,0
280,TRANSFER,371411.75,C1956263631,0.0,0.0,C98711164,1212162.32,1583574.06,0,0
140,CASH_OUT,279127.0,C1462608424,214685.49,0.0,C578068145,7376510.9,7655637.9,0,0
565,PAYMENT,26269.26,C1025297585,0.0,0.0,M379343260,0.0,0.0,0,0
229,CASH_IN,376186.37,C680520757,139622.0,515808.37,C183267612,16481.85,0.0,0,0
379,PAYMENT,2290.93,C565760529,728.0,0.0,M1529496918,0.0,0.0,0,0
259,CASH_OUT,51509.16,C205016969,11203.0,0.0,C1761423807,0.0,51509.16,0,0
37,PAYMENT,12226.15,C594887579,82181.16,69955.0,M1536218669,0.0,0.0,0,0
166,CASH_OUT,273689.59,C914579582,69921.0,0.0,C1044870818,1556442.4,1830131.99,0,0
309,CASH_IN,63647.6,C987918900,11834044.46,11897692.06,C1454704107,4264284.71,4200637.11,0,0
234,CASH_IN,32885.78,C497499180,5432143.75,5465029.53,C1139374861,103017.4,70131.62,0,0
399,PAYMENT,17438.17,C1062872128,235734.31,218296.14,M1359526631,0.0,0.0,0,0
287,PAYMENT,19624.8,C1669673244,0.0,0.0,M1633477953,0.0,0.0,0,0
16,CASH_OUT,538205.93,C229079183,101650.0,0.0,C837182237,364285.57,1179206.71,0,0
39,PAYMENT,19433.29,C376401454,7888.64,0.0,M1260625166,0.0,0.0,0,0
225,PAYMENT,22345.39,C1694003043,0.0,0.0,M548672934,0.0,0.0,0,0
45,CASH_OUT,41505.89,C263476648,5069.0,0.0,C735290451,1655398.09,1696903.98,0,0
375,CASH_IN,291300.1,C1980118697,4060.0,295360.1,C85561558,0.0,0.0,0,0
133,PAYMENT,34073.58,C694424369,22893.24,0.0,M574913863,0.0,0.0,0,0
332,PAYMENT,41857.09,C409827538,0.0,0.0,M802431278,0.0,0.0,0,0
12,PAYMENT,25861.53,C12654810,108048.39,82186.86,M1622031263,0.0,0.0,0,0
14,PAYMENT,197.4,C166756642,0.0,0.0,M1716485144,0.0,0.0,0,0
372,CASH_OUT,176075.68,C973911660,2346.0,0.0,C275448511,1224118.5,1400194.18,0,0
41,CASH_OUT,24482.43,C1147744053,0.0,0.0,C1735869445,1103496.34,1127978.78,0,0
282,PAYMENT,7073.52,C1592624767,6063.0,0.0,M1475575460,0.0,0.0,0,0
400,CASH_IN,91295.42,C106877191,3002.0,94297.42,C1884376595,0.0,0.0,0,0
251,TRANSFER,606081.76,C593757095,0.0,0.0,C864139151,749425.75,1355507.51,0,0
403,PAYMENT,4046.74,C380711646,0.0,0.0,M139505487,0.0,0.0,0,0
252,PAYMENT,37851.77,C1652363331,184663.68,146811.91,M651232298,0.0,0.0,0,0
188,CASH_IN,130646.07,C1846673058,8235.63,138881.7,C1912096191,195283.17,64637.1,0,0
156,CASH_OUT,53658.7,C1413923869,355.0,0.0,C1091854483,552699.55,606358.25,0,0
184,CASH_OUT,22291.39,C1198788844,0.0,0.0,C1960521823,136312.6,158603.99,0,0
378,CASH_OUT,28318.53,C1267185192,51261.0,22942.47,C1085575453,135758.84,164077.37,0,0
42,PAYMENT,892.14,C1594181229,56186.0,55293.86,M1160952446,0.0,0.0,0,0
264,DEBIT,930.11,C183348112,12450.0,11519.89,C815800664,157429.19,158359.29,0,0
238,PAYMENT,13401.13,C179945708,12918.0,0.0,M1453374963,0.0,0.0,0,0
249,PAYMENT,3314.85,C2066393613,11159.0,7844.15,M1848104678,0.0,0.0,0,0
402,CASH_IN,234303.31,C1324809852,159283.0,393586.31,C2140972953,496960.37,262657.06,0,0
40,CASH_OUT,266610.86,C277448652,0.0,0.0,C2107527177,2813413.61,3303073.7,0,0
402,PAYMENT,19306.43,C1014005612,0.0,0.0,M1001524185,0.0,0.0,0,0
226,CASH_OUT,32198.98,C1994645317,0.0,0.0,C1590755743,98815.92,131014.9,0,0
179,PAYMENT,9978.31,C22638037,0.0,0.0,M385974403,0.0,0.0,0,0
207,PAYMENT,23485.46,C866754093,3315.0,0.0,M571799121,0.0,0.0,0,0
287,CASH_IN,305967.16,C1572317329,993277.74,1299244.89,C1682189097,1286875.65,980908.5,0,0
186,PAYMENT,9836.95,C1853125104,0.0,0.0,M1011644741,0.0,0.0,0,0
205,PAYMENT,8410.6,C1665938393,0.0,0.0,M1940063703,0.0,0.0,0,0
394,CASH_IN,154624.5,C435919674,6884938.7,7039563.19,C107488257,233412.97,78788.48,0,0
262,PAYMENT,8461.99,C1978859998,482.0,0.0,M1274345192,0.0,0.0,0,0
131,CASH_OUT,307317.33,C1916802482,30344.0,0.0,C1276051773,0.0,307317.33,0,0
15,CASH_IN,148529.45,C1329758416,3368852.25,3517381.7,C1354426181,162333.96,13804.51,0,0
393,PAYMENT,36485.66,C1332863654,281.0,0.0,M2118689054,0.0,0.0,0,0
180,CASH_IN,118554.38,C651059416,10489.0,129043.38,C170874601,1039077.08,920522.7,0,0
310,CASH_OUT,134345.72,C970209075,0.0,0.0,C911394342,373452.55,507798.27,0,0
373,CASH_OUT,538666.1,C1647922222,80627.0,0.0,C1891960150,35933.6,574599.71,0,0
302,CASH_OUT,194200.77,C398804280,447.0,0.0,C1932582453,139167.3,333368.07,0,0
162,CASH_IN,97589.76,C81502738,218435.59,316025.35,C1104243021,996749.82,899160.06,0,0
404,PAYMENT,4427.85,C2062524401,11183.0,6755.15,M1734229742,0.0,0.0,0,0
380,CASH_IN,651446.81,C1311285647,15635900.36,16287347.18,C2052510470,3021626.72,2370179.91,0,0
134,CASH_OUT,281950.09,C1353408656,0.0,0.0,C606442640,765701.05,1094870.5,0,0
21,CASH_OUT,200782.89,C740401958,11276.0,0.0,C1376697176,42647.56,243430.45,0,0
17,CASH_OUT,120050.22,C455793729,0.0,0.0,C1199580143,30788.0,81976.13,0,0
522,PAYMENT,13747.96,C391007783,0.0,0.0,M1549872621,0.0,0.0,0,0
355,CASH_IN,121734.66,C1623343384,102740.93,224475.59,C1104376190,5091532.71,4969798.05,0,0
306,PAYMENT,4662.45,C2084295310,64438.96,59776.51,M531198440,0.0,0.0,0,0
163,CASH_IN,226354.67,C318915661,5536408.69,5762763.36,C2004176798,787754.39,561399.72,0,0
20,CASH_IN,49715.78,C750297719,4560280.56,4609996.34,C1564251366,1820026.02,1842840.5,0,0
180,CASH_OUT,149422.16,C2136698002,0.0,0.0,C208112141,230020.61,379442.76,0,0
43,TRANSFER,864056.17,C1754562379,20230.0,0.0,C1014670962,0.0,864056.17,0,0
429,CASH_OUT,93063.9,C930155192,0.0,0.0,C1565647700,1182911.49,1275975.39,0,0
582,CASH_IN,212260.18,C15573328,9109784.78,9322044.96,C1018699422,1080948.09,868687.91,0,0
153,CASH_OUT,214192.1,C1690851275,0.0,0.0,C362301041,1102409.63,1316601.73,0,0
278,PAYMENT,26409.12,C2097915445,0.0,0.0,M1004982556,0.0,0.0,0,0
330,CASH_OUT,352473.03,C673285248,643.0,0.0,C1604138853,14765645.04,15118118.06,0,0
234,CASH_OUT,52443.73,C2005742968,41457.0,0.0,C267095061,8416263.21,8468706.94,0,0
157,CASH_IN,246237.48,C1336440773,45646.0,291883.48,C599213982,32047.0,0.0,0,0
524,PAYMENT,412.52,C143572703,96515.62,96103.1,M1719748506,0.0,0.0,0,0
258,TRANSFER,536145.98,C1818621936,0.0,0.0,C1082238893,1189240.86,1725386.83,0,0
209,TRANSFER,636725.17,C1837937425,0.0,0.0,C1685335328,5876199.48,6512924.64,0,0
18,CASH_OUT,365386.61,C2069413657,43601.0,0.0,C107109121,4846811.62,5212198.23,0,0
306,CASH_OUT,148682.91,C1409022821,0.0,0.0,C115836328,270321.27,419004.18,0,0
153,PAYMENT,5473.27,C1004168648,0.0,0.0,M382787244,0.0,0.0,0,0
231,PAYMENT,6011.35,C1033422270,2.75,0.0,M631766836,0.0,0.0,0,0
134,CASH_IN,255384.04,C1614590023,7030428.86,7285812.9,C968636049,1032592.85,777208.81,0,0
681,PAYMENT,9099.84,C1306307129,90843.57,81743.73,M1061595382,0.0,0.0,0,0
500,CASH_OUT,287180.28,C306711040,0.0,0.0,C260034626,1561978.67,1849158.95,0,0
18,CASH_OUT,446028.39,C220664186,0.0,0.0,C1583681710,1141249.98,2413903.88,0,0
11,CASH_IN,232270.43,C788782905,3497274.01,3729544.45,C1793928293,473806.66,348073.84,0,0
95,CASH_IN,109272.68,C1342022485,5175708.67,5284981.36,C568141727,1852863.66,1743590.98,0,0
355,CASH_IN,197456.15,C9407107,1975851.27,2173307.42,C2010955197,544768.99,347312.84,0,0
282,DEBIT,2593.42,C1074560840,3132.0,538.58,C649264577,1274305.89,1276899.3,0,0
178,TRANSFER,762073.38,C226823843,34793.0,0.0,C1467775103,1082226.33,1844299.71,0,0
307,PAYMENT,5894.17,C942178029,34818.0,28923.83,M1131785195,0.0,0.0,0,0
277,PAYMENT,21598.4,C1189825539,31494.0,9895.6,M964637520,0.0,0.0,0,0
684,CASH_IN,74929.49,C2021012079,59697.0,134626.49,C933668282,0.0,0.0,0,0
374,CASH_OUT,253349.83,C1143419888,0.0,0.0,C776492013,390427.04,643776.87,0,0
396,CASH_OUT,37826.53,C512722935,0.0,0.0,C419621115,764770.92,802597.46,0,0
211,CASH_OUT,92474.48,C196270650,0.0,0.0,C1588901702,7488721.93,7581196.42,0,0
40,CASH_OUT,212376.05,C74954892,0.0,0.0,C1341276268,610120.77,822496.82,0,0
275,CASH_IN,52046.8,C781194931,676596.22,728643.01,C736868125,545177.76,493130.97,0,0
408,CASH_OUT,275803.74,C24111975,0.0,0.0,C14976127,457248.85,733052.59,0,0
139,CASH_OUT,43679.77,C1085876708,0.0,0.0,C870217679,392844.68,436524.46,0,0
378,CASH_OUT,316983.87,C1159274350,0.0,0.0,C1208427148,1641744.35,1958728.22,0,0
227,PAYMENT,4116.0,C838610682,157664.51,153548.51,M881025353,0.0,0.0,0,0
375,PAYMENT,2745.43,C1134968631,297.0,0.0,M1632908473,0.0,0.0,0,0
14,PAYMENT,1709.46,C28568303,0.0,0.0,M1670323298,0.0,0.0,0,0
234,PAYMENT,10626.2,C190191604,56394.0,45767.8,M806314254,0.0,0.0,0,0
186,CASH_OUT,177920.73,C716384218,1792.0,0.0,C573168000,133767.48,311688.21,0,0
130,CASH_IN,58708.38,C1584772444,5348083.18,5406791.57,C1866546631,6778409.89,6719701.5,0,0
250,PAYMENT,45604.84,C1470605338,34481.18,0.0,M1742972578,0.0,0.0,0,0
132,CASH_IN,430981.82,C238860452,31637.0,462618.82,C1933973923,446821.84,15840.03,0,0
455,PAYMENT,9723.29,C1316696545,12004.0,2280.71,M1675685761,0.0,0.0,0,0
185,CASH_OUT,215736.47,C1216669455,0.0,0.0,C1668735952,433586.24,649322.71,0,0
226,CASH_IN,403099.03,C2049140787,3506876.1,3909975.13,C382347341,586898.03,183799.01,0,0
42,CASH_IN,198961.01,C783888780,252.0,199213.01,C1239848769,407438.31,208477.3,0,0
692,TRANSFER,237454.19,C872991287,0.0,0.0,C1582019656,423616.93,661071.12,0,0
140,CASH_IN,142299.22,C1270010946,6157295.75,6299594.98,C514487135,169409.88,27110.65,0,0
38,PAYMENT,15711.22,C1109827627,0.0,0.0,M36247014,0.0,0.0,0,0
274,PAYMENT,5279.57,C1478530633,28.0,0.0,M1409857205,0.0,0.0,0,0
181,CASH_OUT,126214.59,C900669888,72445.86,0.0,C1414883178,178803.68,305018.27,0,0
353,PAYMENT,16028.15,C1327987290,40974.0,24945.85,M1615024745,0.0,0.0,0,0
400,CASH_OUT,72789.54,C2084130476,217177.92,144388.38,C135244427,503240.69,576030.23,0,0
230,CASH_OUT,345949.52,C1023648635,0.0,0.0,C162657087,462325.19,808274.71,0,0
308,TRANSFER,1087866.0,C74833818,12784.0,0.0,C1348972778,1231839.06,2319705.07,0,0
212,CASH_OUT,31453.83,C605999434,13207.0,0.0,C1254287474,917658.51,949112.34,0,0
333,CASH_IN,63838.55,C907336744,2407906.72,2471745.27,C705738577,535126.68,471288.13,0,0
328,PAYMENT,33682.79,C1268545493,0.0,0.0,M1310213337,0.0,0.0,0,0
44,CASH_OUT,254064.65,C1199748175,3245.92,0.0,C66968288,5288059.45,5542124.1,0,0
490,CASH_IN,63237.73,C1415787364,24453.0,87690.73,C1394231664,463637.99,400400.26,0,0
517,CASH_IN,181576.97,C412713697,524159.03,705736.0,C1527378317,1061186.22,879609.25,0,0
275,PAYMENT,2687.92,C775475736,80182.0,77494.08,M169139479,0.0,0.0,0,0
17,CASH_OUT,348629.82,C1339541464,2935.11,0.0,C232965475,526603.91,875233.74,0,0
10,CASH_OUT,321353.63,C865819987,0.0,0.0,C1924761929,687933.23,1287058.9,0,0
281,PAYMENT,7675.52,C1642339649,13398.0,5722.48,M1494826918,0.0,0.0,0,0
182,TRANSFER,158542.21,C1023438009,0.0,0.0,C1904713590,988324.86,1410783.99,0,0
23,CASH_IN,251345.03,C2110447610,4728642.25,4979987.28,C1509215374,7574350.89,7323005.87,0,0
237,PAYMENT,17480.58,C768638432,31266.0,13785.42,M103029282,0.0,0.0,0,0
15,TRANSFER,121967.65,C1571820984,0.0,0.0,C963712724,323675.26,445642.92,0,0
332,PAYMENT,16637.91,C1615167357,49890.0,33252.09,M192848915,0.0,0.0,0,0
139,CASH_OUT,179850.72,C494701520,20430.0,0.0,C1420356843,6656060.27,6835910.99,0,0
379,PAYMENT,14539.11,C1472229871,0.0,0.0,M150849111,0.0,0.0,0,0
306,CASH_IN,85387.43,C2015769418,212272.76,297660.18,C347760015,360820.36,275432.93,0,0
284,CASH_OUT,209448.74,C1203189039,0.0,0.0,C1303295016,4312488.99,4521937.73,0,0
214,PAYMENT,5970.36,C167325344,39922.0,33951.64,M240651265,0.0,0.0,0,0
278,TRANSFER,22226.11,C535778657,0.0,0.0,C592543495,678475.55,700701.66,0,0
235,PAYMENT,1608.39,C1345340510,7657.0,6048.61,M910636193,0.0,0.0,0,0
403,PAYMENT,2336.86,C330653184,1769866.35,1767529.5,M720218375,0.0,0.0,0,0
301,CASH_OUT,90010.69,C590195372,0.0,0.0,C2007306363,177218.73,267229.42,0,0
298,PAYMENT,44542.96,C1425390580,0.0,0.0,M1075642590,0.0,0.0,0,0
374,CASH_OUT,149851.06,C1495197618,106458.0,0.0,C769363424,0.0,149851.06,0,0
596,PAYMENT,3500.98,C610975700,1153.0,0.0,M1248955073,0.0,0.0,0,0
185,PAYMENT,25316.02,C1998285437,0.0,0.0,M1741449588,0.0,0.0,0,0
163,PAYMENT,4200.07,C102732828,82146.05,77945.98,M1252290976,0.0,0.0,0,0
306,CASH_OUT,38834.98,C435416349,32080.0,0.0,C726309005,44786.25,83621.24,0,0
350,CASH_OUT,374948.77,C672457771,2628.0,0.0,C1708956726,282037.05,656985.82,0,0
159,CASH_OUT,311540.75,C1742366437,200066.0,0.0,C1644849139,530373.48,841914.23,0,0
396,PAYMENT,20988.64,C1926972845,255.0,0.0,M1543289118,0.0,0.0,0,0
155,CASH_IN,291899.89,C889530229,644024.78,935924.68,C681235232,2316264.55,2734811.38,0,0
46,PAYMENT,3442.84,C536823230,0.0,0.0,M1263634368,0.0,0.0,0,0
306,CASH_OUT,131784.77,C307083639,5556.0,0.0,C106257706,88047.01,219831.77,0,0
133,PAYMENT,43300.35,C129017346,158418.0,115117.65,M1610070203,0.0,0.0,0,0
212,CASH_OUT,262279.44,C1424711347,0.0,0.0,C2100895029,783253.17,1045532.61,0,0
259,CASH_OUT,75255.03,C752629874,0.0,0.0,C2034416865,217445.01,292700.04,0,0
407,PAYMENT,8648.43,C269299595,0.0,0.0,M1779384598,0.0,0.0,0,0
153,PAYMENT,10006.36,C1495212005,0.0,0.0,M795419449,0.0,0.0,0,0
403,CASH_OUT,19155.59,C781817925,31366.0,12210.41,C76428889,14910.91,34066.5,0,0
394,CASH_IN,41233.15,C1574422085,951010.25,992243.4,C1548265278,1613317.38,1572084.23,0,0
208,PAYMENT,2583.33,C1298373822,0.0,0.0,M137526630,0.0,0.0,0,0
37,CASH_OUT,60645.24,C731198835,1511.63,0.0,C1842077924,199030.97,259676.21,0,0
297,CASH_OUT,188089.44,C221707843,0.0,0.0,C1256118424,1391323.14,1579412.58,0,0
11,TRANSFER,68627.33,C1184776742,0.0,0.0,C1410936008,13471312.62,15523675.86,0,0
226,TRANSFER,2015215.94,C672435742,200651.0,0.0,C328906578,14876.92,2030092.87,0,0
250,CASH_OUT,282724.04,C199818498,0.0,0.0,C5554488,463138.39,745862.43,0,0
18,TRANSFER,224340.2,C1170738294,0.0,0.0,C694632384,1163173.59,1387513.79,0,0
162,CASH_OUT,126053.58,C604993741,26595.0,0.0,C1492674892,1643592.34,1769645.92,0,0
349,PAYMENT,21104.42,C1158783574,18810.0,0.0,M1615439340,0.0,0.0,0,0
187,CASH_OUT,342969.0,C1319769766,47522.0,0.0,C989759219,109088.11,452057.11,0,0
17,CASH_OUT,537657.53,C1231096393,106071.0,0.0,C1618728810,930494.86,1468152.39,0,0
39,PAYMENT,14982.91,C523230895,792315.0,777332.09,M552468205,0.0,0.0,0,0
352,CASH_OUT,75606.91,C857289925,0.0,0.0,C1126164906,3251020.25,3326627.16,0,0
227,CASH_OUT,556328.87,C425256276,54313.0,0.0,C1006248140,212541.43,934200.75,0,0
439,PAYMENT,49343.12,C159366006,6623.28,0.0,M959587903,0.0,0.0,0,0
235,CASH_IN,360336.65,C608300939,23701.0,384037.65,C52121123,52499.62,0.0,0,0
45,CASH_OUT,172882.52,C464407404,41671.0,0.0,C948141098,0.0,172882.52,0,0
279,CASH_OUT,271328.4,C22589666,102788.0,0.0,C988404423,685149.57,956477.97,0,0
213,TRANSFER,496502.7,C786449446,0.0,0.0,C1196749647,1371547.05,1868049.75,0,0
350,CASH_IN,218783.54,C421974811,16356.0,235139.54,C290745665,33218.28,0.0,0,0
451,CASH_OUT,128731.67,C1590761523,0.0,0.0,C1476385710,165968.57,294700.23,0,0
329,CASH_OUT,153928.68,C1438774648,0.0,0.0,C280668432,1681152.43,1835081.11,0,0
355,CASH_OUT,127398.12,C316203770,0.0,0.0,C1450623261,628148.32,755546.44,0,0
182,CASH_OUT,554050.83,C1422196442,11184.0,0.0,C350348439,0.0,554050.83,0,0
39,CASH_IN,441928.48,C390752654,10222547.99,10664476.47,C1549341777,20017960.0,19576031.52,0,0
469,TRANSFER,1273049.69,C1040145971,0.0,0.0,C1180066646,3777989.04,5051038.73,0,0
131,PAYMENT,36156.02,C462447389,0.0,0.0,M1270881047,0.0,0.0,0,0
397,TRANSFER,161802.52,C940940940,0.0,0.0,C1459522991,2522067.22,2683869.74,0,0
227,PAYMENT,76401.99,C904535217,0.0,0.0,M1044298828,0.0,0.0,0,0
134,CASH_OUT,15169.02,C1275962387,148.0,0.0,C219612580,33396.29,48565.32,0,0
160,PAYMENT,25612.04,C1425740439,299537.0,273924.96,M1044255834,0.0,0.0,0,0
300,PAYMENT,57595.33,C368020213,276691.25,219095.91,M126042222,0.0,0.0,0,0
374,CASH_IN,203878.44,C1386304168,954546.94,1158425.38,C1826019601,1472894.47,1269016.03,0,0
235,TRANSFER,1262046.91,C1182344878,0.0,0.0,C272581746,1588033.74,2850080.65,0,0
186,CASH_OUT,187701.64,C2041162069,28777.04,0.0,C840877032,1444873.23,1632574.87,0,0
167,CASH_IN,52341.8,C878486689,11573.0,63914.8,C462593855,179025.87,126684.07,0,0
394,TRANSFER,396706.68,C1545164985,0.0,0.0,C567867809,843807.29,1240513.96,0,0
374,PAYMENT,5296.17,C915310241,0.0,0.0,M2048419967,0.0,0.0,0,0
252,PAYMENT,8213.57,C1703687985,72409.0,64195.43,M2036954657,0.0,0.0,0,0
399,CASH_OUT,167195.6,C1051517996,0.0,0.0,C1809397811,669916.01,837111.62,0,0
249,CASH_OUT,394436.19,C1087256132,0.0,0.0,C604947827,693030.81,1087467.0,0,0
230,CASH_IN,99090.74,C114989276,16451237.36,16550328.1,C1309846527,277572.1,178481.36,0,0
180,CASH_OUT,368745.89,C644351216,51308.0,0.0,C653604946,4074192.95,4442938.84,0,0
324,CASH_IN,319800.08,C611006701,1120644.52,1440444.6,C236577263,1013951.45,694151.37,0,0
178,CASH_OUT,175622.98,C1397665427,2070.0,0.0,C1828899507,537268.45,712891.43,0,0
684,CASH_IN,242678.88,C1734744557,4199040.34,4441719.22,C318531184,1015509.05,772830.17,0,0
280,PAYMENT,29920.67,C288790729,0.0,0.0,M241570063,0.0,0.0,0,0
398,CASH_IN,19986.76,C2002125790,1157892.64,1177879.4,C785955804,632347.35,612360.59,0,0
545,PAYMENT,88109.97,C914651481,292.0,0.0,M533499272,0.0,0.0,0,0
42,CASH_OUT,121767.88,C157051035,7387.0,0.0,C117280602,3076276.54,3198044.43,0,0
608,CASH_OUT,51873.2,C457305579,38489.0,0.0,C789354398,13661.27,65534.47,0,0
230,PAYMENT,3551.13,C522423671,187390.0,183838.87,M1301320657,0.0,0.0,0,0
349,TRANSFER,179365.8,C1291425118,0.0,0.0,C1091264991,205024.93,384390.73,0,0
252,CASH_OUT,49167.72,C1144320916,251458.18,202290.45,C138479609,394372.21,443539.93,0,0
9,PAYMENT,1896.07,C215263093,0.0,0.0,M2013376308,0.0,0.0,0,0
43,CASH_OUT,48075.4,C199618793,0.0,0.0,C1599080260,117655.0,0.0,0,0
563,TRANSFER,2656180.79,C1544946268,105928.0,0.0,C766425926,249457.03,2905637.82,0,0
16,CASH_IN,32417.92,C1428800978,12625584.0,12658001.93,C821271965,58850.17,26432.25,0,0
206,CASH_OUT,45618.25,C492368916,8973.0,0.0,C423195758,1577904.07,1623522.32,0,0
187,CASH_IN,13569.09,C1739184067,18345.0,31914.09,C462377722,403085.28,389516.19,0,0
400,PAYMENT,47788.6,C975519030,51077.0,3288.4,M1718027227,0.0,0.0,0,0
260,CASH_IN,161026.92,C1437928478,13260.0,174286.92,C434625273,853974.44,692947.52,0,0
305,PAYMENT,36417.77,C1057689634,0.0,0.0,M1941935151,0.0,0.0,0,0
332,PAYMENT,17477.66,C1711034730,9595.0,0.0,M693562073,0.0,0.0,0,0
22,PAYMENT,12491.66,C1063040890,102792.0,90300.34,M1114349231,0.0,0.0,0,0
13,PAYMENT,12723.8,C1355031568,0.0,0.0,M437583752,0.0,0.0,0,0
187,CASH_IN,106725.93,C2104157945,192361.0,299086.93,C125960757,1239045.84,1132319.91,0,0
231,CASH_IN,62299.29,C783329701,4851483.65,4913782.94,C867542772,80858.43,18559.14,0,0
229,PAYMENT,27759.22,C207678041,1264.0,0.0,M857300045,0.0,0.0,0,0
45,PAYMENT,1198.53,C489495139,0.0,0.0,M1663470372,0.0,0.0,0,0
333,TRANSFER,572164.69,C1871179568,0.0,0.0,C422180385,29756080.98,30328245.67,0,0
15,PAYMENT,21826.22,C875515612,53400.0,31573.78,M1643745073,0.0,0.0,0,0
396,CASH_IN,290975.2,C182796954,174823.0,465798.2,C592821732,34347.94,0.0,0,0
673,CASH_IN,227746.05,C1560877033,5403717.38,5631463.42,C1384716284,977268.18,749522.13,0,0
493,PAYMENT,2460.89,C426462486,91537.2,89076.32,M2111654868,0.0,0.0,0,0
36,CASH_OUT,186748.09,C1342566291,57782.39,0.0,C1657398992,851643.99,1038392.08,0,0
228,PAYMENT,36000.75,C1186557226,393689.11,357688.35,M503109241,0.0,0.0,0,0
283,CASH_IN,83211.08,C237846630,10304.0,93515.08,C1476006379,24409747.06,24326535.97,0,0
346,PAYMENT,23542.68,C984140063,41344.0,17801.32,M404691941,0.0,0.0,0,0
138,CASH_OUT,11798.62,C2955037,0.0,0.0,C220307583,4282384.91,4294183.54,0,0
374,CASH_OUT,32563.64,C1519217331,0.0,0.0,C489712935,64799508.08,64832071.73,0,0
41,CASH_OUT,149214.65,C1195883137,0.0,0.0,C1400024640,2877390.64,3026605.29,0,0
307,PAYMENT,8315.97,C1237649218,354297.26,345981.29,M1633873680,0.0,0.0,0,0
163,CASH_OUT,159571.41,C886513430,33690.0,0.0,C1137271798,0.0,159571.41,0,0
309,CASH_OUT,46671.2,C504198840,6901.0,0.0,C501652310,201178.34,247849.54,0,0
325,PAYMENT,38821.55,C691660880,730177.84,691356.29,M398572286,0.0,0.0,0,0
237,CASH_IN,11288.66,C199842048,41806.0,53094.66,C101360568,0.0,0.0,0,0
48,PAYMENT,4146.13,C1774024364,28227.0,24080.87,M511470797,0.0,0.0,0,0
203,PAYMENT,39530.31,C518888999,673809.75,634279.45,M619255921,0.0,0.0,0,0
155,CASH_OUT,148933.4,C1487575235,14393.0,0.0,C589348134,3167200.5,3316133.9,0,0
189,PAYMENT,6055.37,C2024801944,40280.0,34224.63,M1506019822,0.0,0.0,0,0
393,CASH_IN,262672.23,C1387464418,54476.0,317148.23,C2138054032,368138.96,105466.72,0,0
10,CASH_OUT,106542.83,C237895067,0.0,0.0,C1566423339,697057.37,803600.2,0,0
276,CASH_IN,122068.36,C1677679609,13164614.38,13286682.74,C1395467950,1040440.81,918372.45,0,0
401,CASH_IN,360858.12,C753994588,15002637.35,15363495.48,C192046951,691110.76,330252.63,0,0
351,PAYMENT,24060.1,C1622450682,50160.0,26099.9,M1166389539,0.0,0.0,0,0
333,PAYMENT,6405.21,C978389228,11680.03,5274.82,M1512478698,0.0,0.0,0,0
330,PAYMENT,5100.39,C1972893370,0.0,0.0,M1138793285,0.0,0.0,0,0
140,CASH_OUT,18613.86,C1849716646,104618.0,86004.14,C686230979,1723398.78,1742012.64,0,0
397,CASH_IN,89908.01,C701402409,11287929.28,11377837.29,C279839905,137156.16,47248.15,0,0
165,PAYMENT,11405.22,C1550449128,58575.0,47169.78,M1151145293,0.0,0.0,0,0
157,PAYMENT,15500.81,C1629499177,36737.59,21236.78,M73583299,0.0,0.0,0,0
538,PAYMENT,9361.38,C890007945,20436.0,11074.62,M216324600,0.0,0.0,0,0
188,PAYMENT,3818.43,C679241650,735.0,0.0,M2069284000,0.0,0.0,0,0
380,PAYMENT,11316.7,C1124779140,0.0,0.0,M841388442,0.0,0.0,0,0
39,PAYMENT,742.78,C790904272,21021.0,20278.22,M1942665238,0.0,0.0,0,0
187,PAYMENT,10704.65,C1807070687,27529.0,16824.35,M1688908391,0.0,0.0,0,0
688,PAYMENT,6445.41,C528060730,0.0,0.0,M1392862438,0.0,0.0,0,0
186,CASH_OUT,55557.83,C1046520371,41651.53,0.0,C661953025,192359.38,247917.21,0,0
138,PAYMENT,38155.85,C1218296588,45908.0,7752.15,M2034305081,0.0,0.0,0,0
544,CASH_OUT,46570.21,C1275165188,0.0,0.0,C1075174025,70433.34,117003.55,0,0
203,PAYMENT,2106.11,C1038142078,484007.99,481901.88,M542670670,0.0,0.0,0,0
399,PAYMENT,3165.3,C2010888936,121090.0,117924.7,M1617472137,0.0,0.0,0,0
205,CASH_OUT,258919.73,C713569511,0.0,0.0,C1948717954,991070.18,1249989.91,0,0
13,CASH_OUT,51254.54,C655916312,12280.0,0.0,C423583818,1639179.36,1624461.22,0,0
261,CASH_IN,36181.07,C1208643137,2185459.55,2221640.62,C626092830,184155.64,147974.57,0,0
158,PAYMENT,4202.87,C150182440,5281.0,1078.13,M1729422737,0.0,0.0,0,0
160,CASH_IN,221886.72,C786509594,2606.0,224492.72,C1880484145,270895.97,49009.25,0,0
158,CASH_OUT,15260.6,C822690568,312217.0,296956.4,C1664225855,291561.43,306822.04,0,0
333,PAYMENT,2138.85,C1124889934,0.0,0.0,M2073542510,0.0,0.0,0,0
156,PAYMENT,11293.51,C1390857210,0.0,0.0,M2111565902,0.0,0.0,0,0
375,CASH_OUT,175649.72,C1159849174,0.0,0.0,C794493454,603128.35,778778.07,0,0
189,TRANSFER,201115.55,C1711263168,0.0,0.0,C14409810,8604650.81,8805766.36,0,0
262,TRANSFER,535257.68,C1379527242,0.0,0.0,C1686160769,1500220.24,2035477.92,0,0
601,PAYMENT,2234.21,C959834653,0.0,0.0,M598746608,0.0,0.0,0,0
129,PAYMENT,8911.09,C213717201,0.0,0.0,M606642780,0.0,0.0,0,0
249,PAYMENT,1053.8,C1524087537,18574.45,17520.65,M1901579034,0.0,0.0,0,0
374,PAYMENT,29407.97,C449355159,0.0,0.0,M643587263,0.0,0.0,0,0
163,TRANSFER,454022.12,C1679481393,9376.38,0.0,C1698083465,518673.62,972695.74,0,0
351,CASH_OUT,50252.52,C2039018535,0.0,0.0,C1514768801,1019040.06,1069292.58,0,0
13,PAYMENT,9793.04,C84219977,2831.0,0.0,M1404879210,0.0,0.0,0,0
394,CASH_OUT,135161.9,C1241486932,1387.0,0.0,C313002681,36838.2,172000.1,0,0
226,CASH_OUT,135286.69,C641084234,12385.0,0.0,C389722368,803252.96,938539.64,0,0
234,PAYMENT,15221.09,C1387638615,294.0,0.0,M1327717698,0.0,0.0,0,0
374,CASH_OUT,307962.8,C1281775483,0.0,0.0,C85005828,1008145.52,1316108.33,0,0
406,PAYMENT,10442.9,C2119675495,0.0,0.0,M1831522285,0.0,0.0,0,0
140,PAYMENT,28142.62,C364922764,0.0,0.0,M229975466,0.0,0.0,0,0
405,PAYMENT,34485.53,C2146840321,80435.32,45949.8,M43067156,0.0,0.0,0,0
153,CASH_IN,340700.07,C340267951,107137.0,447837.07,C1451868199,4995629.2,4654929.13,0,0
20,CASH_OUT,93611.71,C1657769053,16355.0,0.0,C344307102,0.0,0.0,0,0
402,CASH_IN,166898.81,C1528741727,80858.0,247756.81,C1554013690,2924905.55,2758006.74,0,0
120,CASH_IN,43465.47,C1604965852,2080136.83,2123602.31,C1030126261,295258.79,251793.32,0,0
236,PAYMENT,10978.83,C1157490272,14415.0,3436.17,M1582153427,0.0,0.0,0,0
400,PAYMENT,32470.84,C1364857639,4868.0,0.0,M697414476,0.0,0.0,0,0
211,CASH_IN,197509.05,C113839045,5895836.09,6093345.13,C53550537,1190876.44,993367.39,0,0
162,PAYMENT,16959.35,C1115757677,253676.0,236716.65,M1298641744,0.0,0.0,0,0
21,PAYMENT,8017.29,C211500164,22474.0,14456.71,M2061088873,0.0,0.0,0,0
1,PAYMENT,4043.76,C1538511917,54064.37,50020.61,M1542856295,0.0,0.0,0,0
182,PAYMENT,2329.06,C1038677809,43394.0,41064.94,M599733274,0.0,0.0,0,0
599,CASH_OUT,14837.79,C1005403482,29776.5,14938.71,C135526919,33205.02,48042.81,0,0
354,CASH_IN,118316.21,C1923263255,17472.0,135788.21,C1655743612,491455.58,373139.37,0,0
347,CASH_OUT,103479.22,C186953919,69321.0,0.0,C599959415,0.0,103479.22,0,0
395,CASH_OUT,59529.7,C653340560,20121.0,0.0,C1290563386,163268.08,222797.78,0,0
188,CASH_OUT,87139.1,C1485747094,268510.0,181370.9,C919904063,1906516.11,1993655.2,0,0
156,PAYMENT,34004.08,C1337058591,536.0,0.0,M620195019,0.0,0.0,0,0
525,PAYMENT,18059.56,C1584939314,0.0,0.0,M1477885965,0.0,0.0,0,0
357,TRANSFER,419793.71,C926940593,20888.0,0.0,C1945236040,2276039.19,2695832.9,0,0
305,CASH_OUT,225541.75,C835897820,0.0,0.0,C331400940,1627629.71,1853171.46,0,0
11,CASH_IN,423018.11,C9141810,39899.0,462917.11,C904383922,4516835.88,4093817.76,0,0
400,TRANSFER,843061.74,C211637212,0.0,0.0,C635969381,1232712.15,2075773.89,0,0
177,TRANSFER,436054.44,C1242464874,20222.0,0.0,C1725505524,0.0,436054.44,0,0
186,PAYMENT,24725.35,C2056399388,100687.0,75961.65,M562754162,0.0,0.0,0,0
493,CASH_OUT,43011.21,C1797134764,0.0,0.0,C1717725666,3960508.51,4003519.72,0,0
210,CASH_OUT,193287.84,C226704931,485.0,0.0,C1799871229,0.0,193287.84,0,0
232,CASH_OUT,326498.96,C730842458,24470.0,0.0,C968437456,345943.46,672442.42,0,0
41,TRANSFER,814986.94,C1374249800,0.0,0.0,C1533091865,2390840.4,3205827.33,0,0
347,CASH_OUT,174988.15,C877572807,0.0,0.0,C1526891302,252848.77,427836.92,0,0
18,CASH_OUT,280505.47,C389087534,25099.0,0.0,C1151488145,213912.94,494418.41,0,0
279,TRANSFER,44114.91,C342105804,673.0,0.0,C12870630,183175.81,227290.73,0,0
396,PAYMENT,7636.59,C319994271,2025.0,0.0,M878135895,0.0,0.0,0,0
403,PAYMENT,14573.54,C1830900237,0.0,0.0,M1523964629,0.0,0.0,0,0
236,PAYMENT,4178.75,C743529495,25030.0,20851.25,M740406719,0.0,0.0,0,0
405,CASH_OUT,53523.57,C1922424827,0.0,0.0,C1655687458,1246766.26,1300289.83,0,0
280,CASH_IN,72869.16,C947278815,4450760.01,4523629.16,C1859021510,1415257.75,1342388.59,0,0
283,PAYMENT,3964.65,C733025257,3612.82,0.0,M1502789827,0.0,0.0,0,0
394,PAYMENT,26639.54,C353150312,413748.0,387108.46,M1885948754,0.0,0.0,0,0
305,PAYMENT,1759.6,C1988026456,0.0,0.0,M886470266,0.0,0.0,0,0
133,CASH_OUT,69202.24,C523841268,25880.0,0.0,C2073440263,434340.6,503542.84,0,0
160,CASH_OUT,52118.85,C2014594565,439.0,0.0,C616638252,34055.95,0.0,0,0
179,CASH_IN,443497.93,C1897821513,17175591.3,17619089.23,C892223329,3435894.32,2992396.39,0,0
308,CASH_OUT,195210.79,C1877574063,25407.0,0.0,C1265535340,0.0,195210.79,0,0
324,CASH_IN,168007.86,C948726672,19994413.81,20162421.67,C2036196985,533465.62,365457.76,0,0
188,PAYMENT,14602.06,C61849110,0.0,0.0,M1050948292,0.0,0.0,0,0
44,TRANSFER,18098.07,C2079235215,135508.51,117410.44,C1141049797,6281335.54,6299433.61,0,0
395,TRANSFER,66145.4,C1856315622,0.0,0.0,C344223699,148194.83,302233.58,0,0
403,CASH_OUT,368357.06,C950888310,0.0,0.0,C1092414062,2353934.09,2722291.14,0,0
94,PAYMENT,11252.36,C1140445705,26317.0,15064.64,M677419857,0.0,0.0,0,0
131,CASH_OUT,98550.48,C1323392012,100388.0,1837.52,C652580171,268556.74,367107.22,0,0
158,TRANSFER,672188.36,C1398038899,71062.0,0.0,C1255182975,533610.94,1205799.3,0,0
258,CASH_IN,264385.16,C655800503,2401228.47,2665613.63,C131639980,347262.9,82877.74,0,0
201,PAYMENT,3056.41,C1780180273,31299.0,28242.59,M682930071,0.0,0.0,0,0
300,CASH_OUT,131920.1,C1530001593,0.0,0.0,C89337632,0.0,131920.1,0,0
161,CASH_IN,85870.97,C943489803,1032.0,86902.97,C901514978,383078.27,297207.31,0,0
188,PAYMENT,6898.4,C1795474200,80757.0,73858.6,M1761857783,0.0,0.0,0,0
139,CASH_OUT,431984.14,C64360151,13182.01,0.0,C1093696567,461936.72,893920.87,0,0
321,PAYMENT,85603.23,C1713019719,0.0,0.0,M1544343172,0.0,0.0,0,0
399,CASH_OUT,203107.32,C744175843,22071.0,0.0,C555872730,0.0,203107.32,0,0
406,PAYMENT,9524.09,C821683061,68153.21,58629.11,M1953783500,0.0,0.0,0,0
132,CASH_OUT,165130.12,C1588103467,14173.0,0.0,C2079175568,5032233.62,5197363.74,0,0
236,CASH_OUT,164676.44,C480761905,26979.6,0.0,C367571094,1480060.25,1644736.69,0,0
227,CASH_OUT,136836.38,C637014920,121217.0,0.0,C1027008059,498446.27,408818.22,0,0
212,CASH_OUT,256200.23,C457699261,0.0,0.0,C978581573,4409114.0,4665314.23,0,0
325,TRANSFER,25053.18,C848294155,179.0,0.0,C1249646090,3639964.87,3665018.04,0,0
163,TRANSFER,136095.36,C1020161732,0.0,0.0,C526503687,2605589.34,2741684.7,0,0
40,CASH_IN,217653.74,C1212315051,868562.45,1086216.19,C348043807,415758.13,198104.4,0,0
186,CASH_IN,242478.99,C1411861464,2638044.2,2880523.19,C457155364,595442.18,352963.18,0,0
331,PAYMENT,3408.06,C1060806542,495047.0,491638.94,M1332209345,0.0,0.0,0,0
281,CASH_IN,138770.77,C404282642,3118545.17,3257315.94,C971663090,930482.44,791711.67,0,0
280,PAYMENT,3309.2,C719622220,21220.0,17910.8,M1173838386,0.0,0.0,0,0
275,CASH_OUT,71804.78,C259673914,41309.0,0.0,C53860696,0.0,71804.78,0,0
22,PAYMENT,2108.91,C1642775933,54271.0,52162.09,M1843779518,0.0,0.0,0,0
203,CASH_IN,246899.52,C1692240623,1651214.94,1898114.46,C922502124,4700198.0,4453298.48,0,0
34,CASH_IN,171769.38,C1169064040,9217476.31,9389245.7,C804816022,305163.36,133393.97,0,0
214,PAYMENT,28383.92,C1584076864,0.0,0.0,M540357297,0.0,0.0,0,0
249,PAYMENT,2931.63,C1646674978,0.0,0.0,M2099811606,0.0,0.0,0,0
205,CASH_OUT,280667.9,C920485097,0.0,0.0,C1007717381,8561651.53,8842319.44,0,0
186,CASH_IN,414873.64,C3305741,3668720.08,4083593.72,C519448553,1553904.98,1139031.34,0,0
18,PAYMENT,8874.29,C1755097249,47300.95,38426.66,M1406946254,0.0,0.0,0,0
332,CASH_OUT,40788.92,C1476986184,11774.0,0.0,C1363252148,0.0,40788.92,0,0
37,CASH_OUT,59628.74,C22208443,162.0,0.0,C2109213071,0.0,59628.74,0,0
155,CASH_OUT,36748.84,C2015716747,397.0,0.0,C1006068696,0.0,36748.84,0,0
162,PAYMENT,11479.85,C64604893,16377.0,4897.15,M1747731763,0.0,0.0,0,0
299,CASH_IN,282006.64,C1177495224,6061108.9,6343115.54,C1876120421,348782.18,66775.54,0,0
16,TRANSFER,459031.67,C1472347653,53748.25,0.0,C287711177,539353.95,998385.62,0,0
346,CASH_IN,46137.06,C1041355507,3829188.01,3875325.08,C417048985,2777617.84,2731480.78,0,0
188,PAYMENT,7575.78,C1354201697,420.0,0.0,M1036203084,0.0,0.0,0,0
134,CASH_OUT,50252.97,C1151912605,0.0,0.0,C1123334047,132911.62,183164.59,0,0
39,CASH_IN,238087.06,C1531411374,130662.84,368749.9,C355594393,1875201.45,1637114.39,0,0
14,PAYMENT,3947.76,C141173341,20478.0,16530.24,M1420095010,0.0,0.0,0,0
405,PAYMENT,18060.08,C269015724,49450.0,31389.92,M240550136,0.0,0.0,0,0
374,CASH_OUT,310022.5,C583360739,20032.51,0.0,C440907329,1202256.82,1512279.32,0,0
155,CASH_OUT,447077.17,C1078426362,17766.0,0.0,C1137073379,294883.44,741960.61,0,0
154,CASH_OUT,141644.75,C1545575598,411.0,0.0,C1280879358,822072.27,963717.02,0,0
283,TRANSFER,68858.66,C888375372,167755.0,98896.34,C251375045,105622.43,144149.2,0,0
181,PAYMENT,22789.05,C1407414808,11880.0,0.0,M1180077630,0.0,0.0,0,0
163,TRANSFER,596026.9,C1640668457,20756.0,0.0,C1456536559,1083095.72,1679122.62,0,0
378,PAYMENT,15958.49,C633380796,0.0,0.0,M1303299599,0.0,0.0,0,0
42,PAYMENT,4474.13,C1316134525,10980.0,6505.87,M2253108,0.0,0.0,0,0
380,PAYMENT,17973.56,C1201249357,88693.72,70720.15,M1231433934,0.0,0.0,0,0
260,PAYMENT,16149.38,C645188097,0.0,0.0,M1264934023,0.0,0.0,0,0
492,PAYMENT,13875.24,C1386629780,0.0,0.0,M402489490,0.0,0.0,0,0
254,CASH_IN,64059.84,C551924037,1300204.29,1364264.13,C184416499,171271.18,107211.34,0,0
164,CASH_OUT,298594.27,C683270113,0.0,0.0,C1934098826,973011.48,1271605.76,0,0
325,CASH_IN,497119.47,C1477072869,463206.02,960325.49,C1203224764,3272981.28,2775861.81,0,0
43,CASH_IN,234022.98,C1025965509,6708692.06,6942715.04,C1941598182,1238877.61,1004854.63,0,0
376,CASH_OUT,146529.41,C2134101390,46096.0,0.0,C129488969,783981.0,930510.4,0,0
202,PAYMENT,4766.56,C1587858959,308945.65,304179.09,M902323689,0.0,0.0,0,0
18,PAYMENT,1131.35,C1861348920,233482.0,232350.65,M1511919993,0.0,0.0,0,0
250,PAYMENT,14975.65,C2047025844,2905.0,0.0,M2081038874,0.0,0.0,0,0
35,PAYMENT,22061.86,C1238711720,288986.86,266925.01,M1287453126,0.0,0.0,0,0
236,CASH_OUT,109375.75,C1009991870,14016.0,0.0,C319710989,650380.25,759756.0,0,0
139,CASH_IN,2365.29,C152425964,46004.0,48369.29,C576829100,758559.03,756193.74,0,0
179,CASH_OUT,480513.52,C495796842,0.0,0.0,C1802578303,7099970.12,7580483.64,0,0
255,PAYMENT,2410.0,C1617713402,0.0,0.0,M1076826637,0.0,0.0,0,0
216,CASH_IN,29330.39,C1789118013,3791022.45,3820352.84,C188387817,944633.3,915302.91,0,0
182,CASH_IN,209688.58,C565116348,2705830.57,2915519.14,C1201151449,244331.98,34643.41,0,0
183,PAYMENT,2643.73,C984676819,303.0,0.0,M2001691605,0.0,0.0,0,0
236,CASH_IN,117749.46,C950806233,18627.4,136376.86,C738566773,289821.46,172072.0,0,0
278,PAYMENT,4070.59,C1068739127,5798.0,1727.41,M12525146,0.0,0.0,0,0
138,PAYMENT,718.01,C572171867,6083.0,5364.99,M2122272013,0.0,0.0,0,0
250,CASH_IN,98979.22,C728982808,20186.0,119165.22,C1397244538,5385395.56,5286416.35,0,0
187,CASH_OUT,140736.64,C1464151762,21995.0,0.0,C1976990301,1804047.93,1944784.57,0,0
163,CASH_OUT,213075.91,C109399902,0.0,0.0,C2087736428,686474.81,899550.73,0,0
284,PAYMENT,10080.02,C753035748,134601.24,124521.23,M522418778,0.0,0.0,0,0
236,PAYMENT,1896.94,C1139554361,36679.1,34782.16,M146071273,0.0,0.0,0,0
183,CASH_OUT,236536.47,C1007760089,41482.0,0.0,C90059178,107413.13,343949.6,0,0
303,PAYMENT,8722.06,C1254143664,0.0,0.0,M158353470,0.0,0.0,0,0
190,CASH_IN,70353.31,C1051832609,6679.0,77032.31,C1919350545,5449482.09,5379128.78,0,0
154,TRANSFER,1397170.27,C347918322,0.0,0.0,C1750350389,6665766.09,8062936.36,0,0
298,CASH_OUT,44561.07,C1477838652,62375.0,17813.93,C490931771,0.0,44561.07,0,0
260,PAYMENT,2247.71,C821749681,11231.0,8983.29,M197220130,0.0,0.0,0,0
187,TRANSFER,419968.81,C354002194,0.0,0.0,C1923522917,665504.56,1085473.36,0,0
352,CASH_OUT,122780.29,C360197081,165433.0,42652.71,C171112009,112109.65,234889.94,0,0
160,CASH_OUT,136243.67,C1711893580,10129.0,0.0,C936678740,360434.94,496678.61,0,0
262,CASH_IN,304435.98,C629584365,805193.36,1109629.34,C410289450,1678671.7,1374235.72,0,0
373,CASH_OUT,348034.84,C1968270842,25287.08,0.0,C1760359834,458434.86,806469.7,0,0
17,CASH_IN,132193.54,C93953791,88726.35,220919.88,C151956247,592660.76,460467.23,0,0
182,CASH_OUT,317040.45,C798498686,0.0,0.0,C746616777,444275.66,761316.11,0,0
380,CASH_OUT,178508.13,C1195059431,212478.66,33970.53,C623550588,488863.32,667371.45,0,0
190,CASH_IN,149091.66,C1797476685,1426.0,150517.66,C312379894,0.0,0.0,0,0
158,PAYMENT,14403.7,C1463594989,0.0,0.0,M414035058,0.0,0.0,0,0
14,CASH_OUT,344508.33,C2108414383,0.0,0.0,C1754722089,14851765.22,15065658.61,0,0
34,CASH_IN,245110.34,C538640840,36559.0,281669.34,C1979491644,0.0,326793.17,0,0
260,CASH_OUT,56524.02,C500203922,1863.0,0.0,C819668816,119101.07,175625.1,0,0
163,CASH_OUT,163019.43,C349447415,0.0,0.0,C374367856,341807.22,504826.65,0,0
329,CASH_IN,115151.94,C2132780236,70503.0,185654.94,C1811531351,6141928.45,6026776.51,0,0
275,PAYMENT,3085.81,C70003222,0.0,0.0,M485928996,0.0,0.0,0,0
355,PAYMENT,14325.35,C2145360146,7360.41,0.0,M1716937455,0.0,0.0,0,0
202,CASH_OUT,150351.05,C399594345,51854.0,0.0,C169469456,99655.99,250007.04,0,0
323,CASH_IN,162133.89,C1416416483,15860049.87,16022183.76,C822979775,3824313.66,3662179.78,0,0
402,CASH_OUT,85653.55,C1689748932,60316.0,0.0,C2119464455,0.0,85653.55,0,0
305,PAYMENT,4360.46,C1500663442,187874.81,183514.35,M119141076,0.0,0.0,0,0
253,CASH_OUT,232437.89,C1225466589,30752.0,0.0,C111288363,4685349.63,4917787.52,0,0
322,CASH_OUT,82221.21,C2091516151,0.0,0.0,C1617941510,4593295.59,4675516.79,0,0
129,CASH_OUT,89660.58,C685403832,113286.0,23625.42,C508379590,0.0,89660.58,0,0
300,CASH_IN,54161.64,C622703860,107698.0,161859.64,C1534461276,41092.74,0.0,0,0
163,CASH_OUT,110972.57,C568466901,21485.0,0.0,C473721285,31361.3,142333.88,0,0
43,CASH_OUT,57120.19,C1744450767,0.0,0.0,C361931733,629786.96,686907.16,0,0
216,PAYMENT,4169.91,C2061234118,20382.0,16212.09,M471559326,0.0,0.0,0,0
133,CASH_OUT,4758.17,C1645647338,10303.0,5544.83,C1341012697,510635.46,515393.64,0,0
253,CASH_OUT,184408.15,C2130472315,74653.87,0.0,C1430117294,868061.7,1052469.85,0,0
158,PAYMENT,6888.52,C1326356487,105853.0,98964.48,M1810775761,0.0,0.0,0,0
204,CASH_IN,91758.09,C58921020,3592289.83,3684047.92,C1583596660,1289635.32,1197877.23,0,0
332,CASH_OUT,462924.5,C1872329247,0.0,0.0,C1518842793,1056391.74,1519316.25,0,0
186,CASH_OUT,242687.53,C66679734,15407.0,0.0,C175811732,41431.76,284119.29,0,0
308,CASH_IN,344802.13,C304798546,240.0,345042.13,C1755758509,0.0,0.0,0,0
140,PAYMENT,10004.07,C1311293924,44820.28,34816.21,M1479222734,0.0,0.0,0,0
235,PAYMENT,8249.74,C1104513163,938.0,0.0,M1797050679,0.0,0.0,0,0
236,CASH_OUT,96588.1,C406131183,0.0,0.0,C1431063655,1204673.56,1301261.67,0,0
207,PAYMENT,7484.74,C187499639,71001.0,63516.26,M154266028,0.0,0.0,0,0
133,CASH_IN,77091.71,C2087915239,22799181.07,22876272.77,C783804674,995966.67,918874.96,0,0
686,CASH_OUT,254999.19,C2043217885,0.0,0.0,C309506207,883021.8,1138020.99,0,0
43,PAYMENT,10989.52,C486679650,0.0,0.0,M1455021040,0.0,0.0,0,0
212,CASH_IN,180156.93,C1000608865,6119.0,186275.93,C1761976095,133835.83,0.0,0,0
207,CASH_IN,75555.19,C701633284,762240.98,837796.18,C1257118263,1819033.72,1743478.53,0,0
522,PAYMENT,11517.86,C774933314,0.0,0.0,M1157900748,0.0,0.0,0,0
156,CASH_IN,221626.97,C1157038655,70742.0,292368.97,C1810478696,634159.7,412532.72,0,0
180,TRANSFER,355349.66,C64691401,166963.0,0.0,C686079057,957801.13,1313150.79,0,0
325,PAYMENT,2495.57,C764798108,0.0,0.0,M774345067,0.0,0.0,0,0
474,CASH_OUT,49936.92,C1146543811,51715.0,1778.08,C2042748148,0.0,49936.92,0,0
161,CASH_OUT,125831.86,C1983195169,49720.0,0.0,C1330118655,3034256.29,3160088.15,0,0
349,TRANSFER,355229.64,C1857906950,0.0,0.0,C1760966565,9658480.53,10013710.18,0,0
357,PAYMENT,7000.06,C1560100274,585.0,0.0,M1374816735,0.0,0.0,0,0
346,PAYMENT,16960.36,C1097718214,288626.63,271666.27,M1105287517,0.0,0.0,0,0
178,PAYMENT,31016.42,C1951388399,14.0,0.0,M1322122250,0.0,0.0,0,0
374,CASH_IN,201187.33,C1464153326,173.0,201360.33,C1966232849,0.0,0.0,0,0
183,PAYMENT,11525.89,C67094646,52137.51,40611.62,M2081072555,0.0,0.0,0,0
403,PAYMENT,17357.5,C328943321,8154.28,0.0,M1829019278,0.0,0.0,0,0
40,CASH_IN,23412.34,C1126870674,4467258.88,4490671.22,C984127681,1348304.61,1324892.27,0,0
132,PAYMENT,12225.82,C743449575,0.0,0.0,M1925718960,0.0,0.0,0,0
208,TRANSFER,421340.65,C2038603210,5023.0,0.0,C1043766603,0.0,421340.65,0,0
322,CASH_OUT,150546.31,C330615116,0.0,0.0,C737758386,777040.84,927587.15,0,0
164,PAYMENT,22041.86,C1207055826,468115.82,446073.96,M550196496,0.0,0.0,0,0
567,PAYMENT,21612.79,C1707372792,124409.0,102796.21,M1964434077,0.0,0.0,0,0
158,PAYMENT,12419.41,C791006445,284739.03,272319.63,M962971040,0.0,0.0,0,0
276,TRANSFER,398457.81,C14064999,48576.31,0.0,C871479828,1763793.83,2162251.64,0,0
191,PAYMENT,4446.19,C1468703063,55453.87,51007.68,M1741007611,0.0,0.0,0,0
299,CASH_IN,371940.79,C758307185,3587991.78,3959932.58,C1154318242,694642.24,322701.45,0,0
331,PAYMENT,1895.27,C12462814,189033.72,187138.45,M596423070,0.0,0.0,0,0
137,CASH_OUT,110410.9,C858530883,10366.0,0.0,C1585551911,385971.81,496382.71,0,0
180,CASH_OUT,140705.54,C2042482745,11560.0,0.0,C523100618,736863.7,877569.24,0,0
205,CASH_OUT,357574.24,C464081604,0.0,0.0,C650610169,852948.68,1210522.93,0,0
162,PAYMENT,1583.62,C119250232,0.0,0.0,M1103430460,0.0,0.0,0,0
278,CASH_IN,80679.74,C671565987,1073182.19,1153861.94,C621351829,89240.72,8560.98,0,0
134,CASH_OUT,104040.11,C2059048026,0.0,0.0,C731008693,631713.53,1169270.68,0,0
251,CASH_IN,128526.47,C539673927,198865.0,327391.47,C879373135,8379131.94,8250605.47,0,0
19,TRANSFER,682827.81,C679901790,0.0,0.0,C1750496829,1113078.54,2947050.09,0,0
396,TRANSFER,1669435.51,C1899979181,676.0,0.0,C894365898,0.0,1669435.51,0,0
379,CASH_OUT,90852.93,C1751223441,22132.0,0.0,C176947188,0.0,90852.93,0,0
336,PAYMENT,32.47,C665663306,105483.0,105450.53,M2132369723,0.0,0.0,0,0
369,CASH_IN,247557.35,C37445149,108116.0,355673.35,C991782278,3992647.28,3745089.93,0,0
215,CASH_IN,201601.55,C2110675201,2731772.34,2933373.9,C2008782447,8525009.21,8323407.65,0,0
394,PAYMENT,875.45,C559646554,0.0,0.0,M552562789,0.0,0.0,0,0
357,CASH_OUT,88065.1,C552338129,0.0,0.0,C2013783213,100976.6,189041.7,0,0
322,CASH_IN,330738.32,C1956310948,15055.0,345793.32,C1124660148,373752.95,43014.64,0,0
350,PAYMENT,453.01,C530590855,0.0,0.0,M1656126142,0.0,0.0,0,0
374,CASH_OUT,188213.25,C746656158,0.0,0.0,C1012026602,256185.44,444398.69,0,0
48,PAYMENT,22216.27,C1955589138,0.0,0.0,M1740545712,0.0,0.0,0,0
403,PAYMENT,17133.37,C1660380923,104507.0,87373.63,M1171809175,0.0,0.0,0,0
17,CASH_OUT,71913.21,C1584435907,0.0,0.0,C926701865,383106.84,455020.05,0,0
278,CASH_OUT,296925.18,C144239192,0.0,0.0,C586752646,610776.24,907701.42,0,0
307,PAYMENT,13527.14,C1071717832,21582.14,8055.0,M1157222829,0.0,0.0,0,0
154,CASH_OUT,348172.19,C988387318,16081.0,0.0,C1012404398,447891.65,796063.83,0,0
142,CASH_IN,135612.95,C2015040885,850223.17,985836.12,C2013846199,3552983.92,3417370.97,0,0
215,DEBIT,2622.66,C171869882,29557.0,26934.34,C1807957597,371239.89,373862.55,0,0
154,PAYMENT,1613.28,C1842190937,21628.0,20014.72,M2130035906,0.0,0.0,0,0
178,DEBIT,2092.71,C874701070,105061.0,102968.29,C82878944,80370.64,82463.35,0,0
132,CASH_OUT,154566.2,C770489772,255549.52,100983.32,C1344413362,310070.9,464637.1,0,0
13,CASH_OUT,344116.61,C161808917,0.0,0.0,C2091820636,1351499.92,2034616.49,0,0
393,PAYMENT,50507.07,C1382961173,0.0,0.0,M1089156442,0.0,0.0,0,0
48,CASH_OUT,112584.31,C315604732,0.0,0.0,C664410902,1002197.24,1114781.54,0,0
301,CASH_OUT,374790.73,C1862528686,163816.0,0.0,C1532375288,993971.14,1368761.88,0,0
251,CASH_IN,121486.95,C944031474,10488377.1,10609864.05,C1673108714,4415569.11,4294082.17,0,0
35,PAYMENT,3980.85,C2028597971,0.0,0.0,M164396350,0.0,0.0,0,0
38,CASH_OUT,97147.55,C2080412089,67133.35,0.0,C2044342029,55092.41,152239.96,0,0
157,CASH_OUT,338868.81,C678759272,0.0,0.0,C1094283488,459548.29,798417.1,0,0
134,PAYMENT,3547.31,C1511265955,0.0,0.0,M1460125808,0.0,0.0,0,0
431,CASH_IN,170441.48,C70992209,2895942.17,3066383.65,C1246462349,3650611.39,3480169.91,0,0
205,PAYMENT,5327.08,C1012847111,0.0,0.0,M1332944794,0.0,0.0,0,0
351,CASH_OUT,95745.49,C494196723,10935.0,0.0,C1188435020,0.0,95745.49,0,0
332,PAYMENT,6803.8,C1064576175,100478.0,93674.2,M1784457111,0.0,0.0,0,0
402,CASH_OUT,193193.16,C298895704,11088.0,0.0,C465921626,0.0,193193.16,0,0
400,TRANSFER,1588988.14,C41210510,0.0,0.0,C757464787,4111202.9,5700191.03,0,0
39,CASH_OUT,114852.83,C1171703529,0.0,0.0,C714836870,748442.11,863294.94,0,0
300,CASH_OUT,295474.37,C1279457694,0.0,0.0,C2018578980,2233053.95,2528528.32,0,0
9,CASH_OUT,100283.31,C1522789755,16829.0,0.0,C801156385,277461.92,377745.22,0,0
350,TRANSFER,332278.55,C787608940,0.0,0.0,C148250253,1059500.62,1391779.17,0,0
12,PAYMENT,13607.59,C1965554652,155080.37,141472.78,M1698488288,0.0,0.0,0,0
279,CASH_IN,455433.61,C1595889909,2767181.53,3222615.14,C1466885811,1339379.67,883946.06,0,0
134,CASH_OUT,192912.02,C736970837,11855.0,0.0,C1840348064,401405.58,594317.6,0,0
236,CASH_OUT,305978.58,C2014570612,463.0,0.0,C629807442,234115.47,540094.05,0,0
333,PAYMENT,4834.88,C1403535078,11328.0,6493.12,M804817202,0.0,0.0,0,0
129,TRANSFER,29261.79,C346847562,0.0,0.0,C524364055,3579992.41,3609254.2,0,0
349,CASH_OUT,380588.23,C1849393210,0.0,0.0,C1210942047,1654873.07,2035461.29,0,0
133,PAYMENT,29783.67,C1440917586,0.0,0.0,M1647815546,0.0,0.0,0,0
298,CASH_IN,185535.65,C702797913,153869.0,339404.65,C562348423,0.0,0.0,0,0
135,CASH_OUT,343830.72,C511010311,311579.95,0.0,C2080178799,351194.07,343127.74,0,0
38,CASH_IN,186220.87,C1300374890,83010.0,269230.87,C1371830079,157527.49,0.0,0,0
376,CASH_IN,117344.01,C602691534,681524.37,798868.37,C631780398,489290.64,371946.64,0,0
251,TRANSFER,640642.6,C1697087669,0.0,0.0,C559910911,752845.47,1393488.06,0,0
42,CASH_OUT,213368.44,C116677258,15177.0,0.0,C271879538,0.0,213368.44,0,0
379,CASH_IN,209398.11,C53083217,6159150.58,6368548.69,C748621785,2307545.62,2098147.51,0,0
156,CASH_OUT,307403.23,C1897360903,21439.0,0.0,C1750068534,936090.78,1243494.01,0,0
492,CASH_OUT,246131.25,C594392637,0.0,0.0,C1187847893,578596.87,824728.12,0,0
351,CASH_IN,3864.66,C649426728,5051.0,8915.66,C278497618,315303.4,311438.74,0,0
400,CASH_OUT,50156.7,C1537174581,133.0,0.0,C318105597,7236402.27,7286558.98,0,0
259,CASH_OUT,25656.18,C1480295254,261.0,0.0,C747541983,0.0,25656.18,0,0
299,CASH_IN,57226.13,C156141889,3696.0,60922.13,C852057102,0.0,0.0,0,0
210,CASH_OUT,68325.75,C301899690,8008.0,0.0,C1856761587,283682.66,352008.42,0,0
17,PAYMENT,13268.49,C417435554,29698.34,16429.85,M59861776,0.0,0.0,0,0
684,CASH_IN,390183.4,C52132128,3153741.5,3543924.9,C991505714,46949685.74,46559502.34,0,0
403,CASH_OUT,54014.73,C1323328169,0.0,0.0,C117197317,977305.84,1031320.56,0,0
371,CASH_IN,167423.9,C1496751954,2054868.18,2222292.08,C470124288,385487.83,218063.93,0,0
258,PAYMENT,3807.5,C1111767291,5095.0,1287.5,M2093710705,0.0,0.0,0,0
307,CASH_OUT,27260.57,C881158297,0.0,0.0,C1904551663,892186.01,919446.59,0,0
331,CASH_OUT,160528.9,C689011741,19590.0,0.0,C578783424,1087282.4,1247811.3,0,0
286,PAYMENT,7764.59,C1659443736,750354.0,742589.41,M299692064,0.0,0.0,0,0
132,PAYMENT,13455.78,C288958053,132.0,0.0,M1777047997,0.0,0.0,0,0
396,CASH_OUT,345197.06,C704830657,156524.0,0.0,C1132639514,0.0,345197.06,0,0
352,TRANSFER,498804.11,C1521585012,228676.0,0.0,C1099106662,0.0,498804.11,0,0
259,CASH_IN,23536.75,C850498509,29956.0,53492.75,C1045017614,0.0,0.0,0,0
44,TRANSFER,352240.09,C1136604376,0.0,0.0,C150538081,1644242.07,1996482.16,0,0
43,CASH_IN,355666.07,C358148239,22408570.61,22764236.69,C1332120139,579008.32,643095.35,0,0
403,CASH_IN,272811.1,C157610670,110282.0,383093.1,C1648566106,0.0,0.0,0,0
136,CASH_OUT,260258.07,C857036925,33293.45,0.0,C273913526,2907518.69,3167776.77,0,0
355,CASH_IN,130705.29,C389498063,1358.0,132063.29,C1400124623,0.0,0.0,0,0
164,PAYMENT,22639.31,C2121202452,14987.0,0.0,M1245333063,0.0,0.0,0,0
347,PAYMENT,19071.51,C1403369124,0.0,0.0,M419842942,0.0,0.0,0,0
34,CASH_IN,177281.86,C1424627656,107671.0,284952.86,C599085739,262794.22,85512.37,0,0
252,PAYMENT,9870.21,C2020505613,100849.0,90978.79,M1859467306,0.0,0.0,0,0
184,PAYMENT,6452.32,C136249334,0.0,0.0,M1777092933,0.0,0.0,0,0
189,CASH_OUT,134089.83,C1743454157,27834.0,0.0,C1226361534,266874.07,285681.63,0,0
235,CASH_OUT,370712.71,C73632844,19920.0,0.0,C1603278886,882566.24,1253278.95,0,0
139,CASH_OUT,212937.76,C300514931,0.0,0.0,C1586592417,1151653.22,1364590.99,0,0
281,CASH_OUT,184915.07,C410422756,0.0,0.0,C1917790324,273969.51,156255.03,0,0
165,PAYMENT,25713.85,C1017777715,20019.0,0.0,M28342603,0.0,0.0,0,0
283,PAYMENT,8281.25,C1534579102,0.0,0.0,M1503786755,0.0,0.0,0,0
374,CASH_IN,539218.2,C1677436194,2111.69,541329.89,C736628257,4136300.81,3597082.61,0,0
155,CASH_OUT,182.43,C1914599774,0.0,0.0,C1164305897,9976087.21,10686997.78,0,0
139,PAYMENT,10670.43,C1453997858,74966.24,64295.82,M1557085732,0.0,0.0,0,0
331,PAYMENT,12247.12,C242075719,0.0,0.0,M1921412915,0.0,0.0,0,0
259,CASH_IN,186604.81,C1549276160,21571067.62,21757672.43,C1173407849,403919.24,217314.43,0,0
380,CASH_OUT,183150.81,C1622286447,15675.0,0.0,C1947976873,0.0,183150.81,0,0
181,CASH_OUT,11811.02,C2115509532,343.0,0.0,C1537199123,7686.61,19497.63,0,0
154,CASH_OUT,293121.23,C845086470,0.0,0.0,C1188781004,2094349.93,2387471.16,0,0
212,CASH_OUT,384840.32,C644847575,0.0,0.0,C440339624,1777193.21,2162033.53,0,0
275,CASH_OUT,50230.18,C2005903081,0.0,0.0,C227029959,1448928.59,1499158.77,0,0
350,CASH_OUT,93806.21,C1489473094,0.0,0.0,C580880041,318821.12,412627.33,0,0
204,CASH_OUT,236703.24,C830888207,0.0,0.0,C1795933950,972337.78,1209041.02,0,0
309,PAYMENT,16466.61,C1278298596,131.0,0.0,M879168987,0.0,0.0,0,0
19,CASH_IN,10935.72,C199826927,3654737.57,3665673.29,C1401301607,1793441.11,1782505.39,0,0
36,PAYMENT,1697.5,C89754807,115283.67,113586.17,M459529993,0.0,0.0,0,0
399,CASH_OUT,197089.2,C1470781692,19442.0,0.0,C232948434,0.0,197089.2,0,0
14,CASH_OUT,37008.91,C787533600,0.0,0.0,C1846993517,740523.3,713600.16,0,0
132,CASH_OUT,203731.78,C1740049408,0.0,0.0,C1648333315,383447.05,587178.83,0,0
306,CASH_IN,228174.0,C5910073,1078499.7,1306673.7,C466078989,415482.49,187308.49,0,0
93,PAYMENT,11807.58,C1692925421,0.0,0.0,M1066678761,0.0,0.0,0,0
374,CASH_IN,56689.51,C2051017834,12433454.01,12490143.52,C1716309867,525120.77,468431.26,0,0
12,PAYMENT,30019.12,C1529128441,1646790.75,1616771.63,M2085645226,0.0,0.0,0,0
252,TRANSFER,373947.58,C21434928,0.0,0.0,C904184383,3683795.17,4057742.75,0,0
45,PAYMENT,16014.06,C1258236670,0.0,0.0,M1421742285,0.0,0.0,0,0
297,CASH_OUT,108460.49,C309722788,11537.0,0.0,C1966723609,0.0,108460.49,0,0
328,PAYMENT,10756.72,C1716217840,30981.0,20224.28,M838649148,0.0,0.0,0,0
284,CASH_IN,114482.25,C776371957,147796.0,262278.25,C61789542,48390.57,0.0,0,0
33,PAYMENT,7417.88,C304309636,325782.44,318364.56,M2017713574,0.0,0.0,0,0
276,TRANSFER,132373.23,C293214074,0.0,0.0,C258567139,200663.26,333036.49,0,0
187,PAYMENT,7620.88,C1381681714,672669.0,665048.12,M228909201,0.0,0.0,0,0
258,CASH_OUT,146640.43,C171810578,75715.0,0.0,C1090304149,390228.53,536868.96,0,0
356,CASH_IN,32988.07,C611106523,63287.0,96275.07,C1669534516,1957877.25,1924889.18,0,0
656,PAYMENT,3010.03,C967521264,0.0,0.0,M573539337,0.0,0.0,0,0
369,CASH_IN,131866.89,C640408012,8205529.94,8337396.82,C472474422,1105466.22,973599.33,0,0
185,CASH_OUT,411773.49,C1567450799,21294.0,0.0,C1174197582,0.0,411773.49,0,0
354,PAYMENT,2940.87,C97665358,0.0,0.0,M39901848,0.0,0.0,0,0
402,PAYMENT,31701.28,C1204533845,0.0,0.0,M535633531,0.0,0.0,0,0
232,CASH_OUT,351218.18,C2147253058,244606.0,0.0,C463557904,1278224.19,1629442.37,0,0
235,CASH_OUT,182632.88,C833065919,0.0,0.0,C1926851964,287937.86,470570.74,0,0
186,CASH_OUT,33051.19,C189049691,130847.13,97795.94,C676278684,182475.92,215527.1,0,0
283,CASH_OUT,13527.53,C312934604,266231.0,252703.47,C817009017,1376120.45,1389647.98,0,0
547,TRANSFER,553646.45,C842636112,14856.0,0.0,C15338344,1077859.06,1631505.5,0,0
36,CASH_IN,165723.68,C1513444564,193.0,165916.68,C1498168155,319749.16,154025.48,0,0
525,CASH_OUT,20369.81,C2097529655,0.0,0.0,C30430121,761940.56,782310.37,0,0
346,PAYMENT,35369.51,C458163207,0.0,0.0,M68841401,0.0,0.0,0,0
186,CASH_IN,224929.08,C564525396,10777.0,235706.08,C874155714,0.0,0.0,0,0
14,CASH_IN,119360.96,C2057827754,6288582.34,6407943.3,C207984053,431117.57,311756.61,0,0
14,CASH_OUT,80411.2,C2000209696,20704.0,0.0,C665733585,47227.54,127638.74,0,0
354,CASH_OUT,301107.97,C314448632,171.0,0.0,C325136406,52946.5,354054.47,0,0
407,PAYMENT,9988.03,C2068380405,381.0,0.0,M1796055923,0.0,0.0,0,0
9,PAYMENT,1013.31,C1891186040,38648.0,37634.69,M849638275,0.0,0.0,0,0
715,CASH_IN,149082.5,C520288551,56013.0,205095.5,C20246092,7062856.4,6913773.91,0,0
331,TRANSFER,72680.33,C1111210904,0.0,0.0,C450519939,534592.61,607272.94,0,0
596,CASH_OUT,146956.32,C1939628025,0.0,0.0,C2070728263,1091633.87,1238590.19,0,0
349,CASH_OUT,368144.23,C1031686562,20085.0,0.0,C1456667337,190257.24,558401.47,0,0
43,CASH_IN,16101.84,C1196268187,1334148.14,1350249.99,C850306942,945258.97,929157.13,0,0
207,CASH_OUT,117017.38,C1267192410,0.0,0.0,C720221848,7361090.61,7478108.0,0,0
330,TRANSFER,143422.2,C1764054604,30482.0,0.0,C1203476545,135190.77,278612.97,0,0
161,CASH_IN,239104.57,C1082188568,85291.0,324395.57,C79622087,0.0,0.0,0,0
93,PAYMENT,589.47,C977116285,4308.0,3718.53,M1573812389,0.0,0.0,0,0
258,CASH_OUT,53607.82,C446933246,51444.23,0.0,C2118774970,126947.83,180555.66,0,0
348,CASH_OUT,147409.58,C776935191,118232.11,0.0,C1486220040,151639.47,299049.05,0,0
258,PAYMENT,6015.29,C1161407834,0.0,0.0,M1328308679,0.0,0.0,0,0
352,PAYMENT,13733.4,C1183810023,535.0,0.0,M854567932,0.0,0.0,0,0
347,CASH_IN,56729.61,C1053632283,21567.0,78296.61,C7425846,23104.69,0.0,0,0
690,PAYMENT,18840.67,C1390816819,0.0,0.0,M2061787162,0.0,0.0,0,0
46,CASH_OUT,395860.4,C795444070,42631.0,0.0,C602024159,269465.64,665326.04,0,0
179,PAYMENT,4616.21,C406426734,435474.0,430857.79,M2055116940,0.0,0.0,0,0
303,CASH_IN,393867.97,C250919207,3784084.9,4177952.87,C2048672473,521871.22,128003.25,0,0
407,PAYMENT,14049.57,C1563828301,32715.0,18665.43,M1943895889,0.0,0.0,0,0
325,CASH_IN,46621.93,C1764233899,42106.0,88727.93,C1542994578,0.0,0.0,0,0
162,PAYMENT,24193.23,C528326590,0.0,0.0,M299376295,0.0,0.0,0,0
183,TRANSFER,87768.01,C817923065,0.0,0.0,C1608595761,8452604.89,8540372.9,0,0
132,CASH_IN,151692.62,C469894121,2205015.59,2356708.2,C605064927,1320860.47,1169167.85,0,0
346,PAYMENT,9560.0,C361137799,182.0,0.0,M1327515557,0.0,0.0,0,0
39,DEBIT,4102.74,C111905088,15838.0,11735.26,C1137350304,121066.49,125169.23,0,0
348,CASH_OUT,128620.68,C274884609,0.0,0.0,C758973250,201556.9,330177.59,0,0
355,PAYMENT,10666.33,C1347706632,0.0,0.0,M2083253436,0.0,0.0,0,0
251,PAYMENT,5718.1,C268984261,205538.0,199819.9,M1256999599,0.0,0.0,0,0
13,CASH_IN,104105.34,C945973109,1234281.94,1338387.28,C200966845,912272.54,808167.2,0,0
346,CASH_IN,13467.32,C339282867,682999.08,696466.4,C1563109984,3064242.31,3050775.0,0,0
12,TRANSFER,232438.13,C1803636467,11598.0,0.0,C516154704,331441.44,1621647.14,0,0
279,CASH_OUT,317926.25,C564519445,457144.0,139217.75,C407480687,155569.16,473495.41,0,0
348,CASH_OUT,161899.6,C135007023,0.0,0.0,C849410226,2651278.82,2813178.42,0,0
397,CASH_IN,140076.65,C854685230,11763.0,151839.65,C617502235,1061889.61,921812.96,0,0
183,CASH_IN,356487.48,C653383478,513025.45,869512.92,C2068067261,489837.77,133350.3,0,0
330,CASH_OUT,102310.74,C633073558,54494.0,0.0,C1458121830,269306.86,371617.6,0,0
258,CASH_OUT,198566.29,C430962599,13162.0,0.0,C2075441790,234976.69,433542.98,0,0
371,PAYMENT,67869.07,C992485257,11278.0,0.0,M1006304867,0.0,0.0,0,0
187,CASH_IN,310416.07,C629398987,382723.2,693139.28,C384139484,873944.3,563528.23,0,0
20,PAYMENT,922.38,C11045737,99967.43,99045.05,M1215894454,0.0,0.0,0,0
17,PAYMENT,26408.01,C515885805,0.0,0.0,M2040220383,0.0,0.0,0,0
154,PAYMENT,339.39,C2067456237,6081.0,5741.61,M688806212,0.0,0.0,0,0
23,PAYMENT,18070.39,C749026979,39859.0,21788.61,M2020090953,0.0,0.0,0,0
231,CASH_IN,266669.47,C1133076254,9442002.51,9708671.99,C1349385932,404765.42,138095.95,0,0
8,CASH_OUT,52839.73,C2146907607,31471.0,0.0,C1068824137,100395.44,153235.17,0,0
214,PAYMENT,15349.03,C403376106,41718.0,26368.97,M214276662,0.0,0.0,0,0
284,CASH_OUT,174263.46,C1839690459,128.0,0.0,C659030136,1074550.3,1248813.76,0,0
262,PAYMENT,9599.29,C158636378,0.0,0.0,M1937053734,0.0,0.0,0,0
249,PAYMENT,7219.57,C1174394335,0.0,0.0,M552764323,0.0,0.0,0,0
402,CASH_OUT,245882.73,C1432826595,204632.57,0.0,C1728321927,338778.42,584661.15,0,0
398,CASH_IN,236252.94,C2070990333,9750193.0,9986445.94,C1684582139,633118.76,396865.82,0,0
183,PAYMENT,9050.67,C309737790,20977.0,11926.33,M1461412536,0.0,0.0,0,0
329,CASH_OUT,38215.26,C1637458317,0.0,0.0,C1870233980,60694.0,55869.05,0,0
251,CASH_OUT,19840.56,C1705131755,14948.0,0.0,C347321312,62894.69,82735.25,0,0
211,CASH_OUT,139544.7,C724552833,21790.0,0.0,C176884762,164666.09,304210.78,0,0
161,CASH_OUT,263787.63,C2072183180,10423.17,0.0,C740196429,356074.63,619862.26,0,0
403,PAYMENT,2032.25,C1546081656,0.0,0.0,M339016314,0.0,0.0,0,0
300,PAYMENT,14207.13,C34203991,92217.16,78010.02,M1848314367,0.0,0.0,0,0
35,TRANSFER,393639.81,C809667549,0.0,0.0,C719436001,450696.67,844336.48,0,0
9,CASH_OUT,193903.55,C14955039,0.0,0.0,C1918234480,2590498.47,4646886.32,0,0
354,PAYMENT,13390.82,C1328042778,73810.0,60419.18,M487371983,0.0,0.0,0,0
304,PAYMENT,7162.8,C446340432,0.0,0.0,M753193520,0.0,0.0,0,0
374,CASH_OUT,42027.48,C215359676,0.0,0.0,C1197553145,1367777.05,1409804.53,0,0
45,PAYMENT,3746.96,C1267610674,100139.0,96392.04,M1509462796,0.0,0.0,0,0
259,PAYMENT,13410.13,C762550499,0.0,0.0,M724327810,0.0,0.0,0,0
522,CASH_OUT,181580.71,C1282595744,372470.0,190889.29,C962733133,3959.34,185540.04,0,0
326,CASH_OUT,156750.73,C9054119,509561.46,352810.74,C1768449127,206017.4,362768.13,0,0
18,CASH_IN,2688.61,C1536113738,7798456.08,7801144.69,C1718072927,42947.0,40258.39,0,0
22,PAYMENT,12439.93,C1480553277,0.0,0.0,M901508656,0.0,0.0,0,0
204,CASH_IN,377119.71,C445685046,11297284.81,11674404.52,C1637276638,2373572.07,1996452.37,0,0
9,PAYMENT,3298.88,C596014138,0.0,0.0,M216985537,0.0,0.0,0,0
228,PAYMENT,39006.77,C1664715045,50025.0,11018.23,M1814049626,0.0,0.0,0,0
37,TRANSFER,264684.94,C1248289813,0.0,0.0,C587494922,447150.53,711835.48,0,0
492,CASH_OUT,125067.5,C1488322323,17965.0,0.0,C1789442097,14034.33,139101.83,0,0
345,CASH_IN,12884.81,C1393186013,11467354.32,11480239.13,C66521007,28209.69,15324.88,0,0
254,CASH_OUT,37455.28,C788350514,151546.0,114090.72,C954369994,31791.93,69247.21,0,0
205,CASH_IN,210386.85,C1794365472,298382.0,508768.85,C1111453186,168234.63,0.0,0,0
304,CASH_IN,56994.12,C252250194,14985652.81,15042646.94,C1557189316,964245.43,907251.31,0,0
303,CASH_OUT,10361.96,C1962572618,156361.0,145999.04,C1264337761,1798394.38,1808756.34,0,0
330,PAYMENT,2624.69,C1110949866,13532.0,10907.31,M42709971,0.0,0.0,0,0
235,CASH_OUT,165104.9,C476154250,66085.66,0.0,C588068010,1423418.26,1588523.16,0,0
375,CASH_IN,153513.64,C895255478,1331387.53,1484901.17,C1042901070,221409.98,67896.34,0,0
357,PAYMENT,23156.03,C1966166772,90338.0,67181.97,M2037570688,0.0,0.0,0,0
229,CASH_OUT,186831.76,C1712324652,0.0,0.0,C1117692016,4691913.14,4878744.91,0,0
14,CASH_OUT,218636.03,C1631642850,300123.19,81487.16,C2095513756,20737.0,0.0,0,0
577,PAYMENT,12174.6,C2137295940,24890.38,12715.78,M798600833,0.0,0.0,0,0
595,CASH_OUT,102217.61,C1794062436,363888.0,261670.39,C1593964640,0.0,102217.61,0,0
323,TRANSFER,328352.91,C950370880,0.0,0.0,C1459934601,675838.78,1004191.69,0,0
227,CASH_OUT,70438.36,C1141111273,0.0,0.0,C974527787,1005017.43,1075455.8,0,0
131,PAYMENT,10148.46,C1204138933,851713.46,841565.0,M717417777,0.0,0.0,0,0
545,CASH_IN,100436.95,C571759148,795.0,101231.95,C825762512,0.0,0.0,0,0
209,CASH_OUT,47806.54,C328947081,0.0,0.0,C521033385,63987.85,111794.39,0,0
401,CASH_OUT,187970.22,C1034232081,33520.0,0.0,C2139392239,0.0,187970.22,0,0
311,PAYMENT,12077.35,C1548368811,0.0,0.0,M566999302,0.0,0.0,0,0
300,PAYMENT,61755.62,C466048144,99697.0,37941.38,M1140251842,0.0,0.0,0,0
299,CASH_OUT,132755.63,C409521024,0.0,0.0,C790014001,861542.82,994298.45,0,0
354,PAYMENT,2152.21,C1097613609,25350.94,23198.73,M1677358298,0.0,0.0,0,0
350,PAYMENT,20082.99,C1608145665,99179.0,79096.01,M364562014,0.0,0.0,0,0
19,CASH_OUT,105114.29,C1512179776,15458.0,0.0,C1855853813,1266667.48,1853091.62,0,0
10,PAYMENT,448.25,C596230622,1404002.2,1403553.94,M853715592,0.0,0.0,0,0
404,CASH_OUT,57188.13,C1049855585,106.0,0.0,C485761579,1023177.22,1080365.35,0,0
36,CASH_IN,3170.32,C2101038130,1534296.56,1537466.87,C408688723,1369963.88,495434.58,0,0
205,CASH_OUT,175554.89,C518497042,9233.0,0.0,C2131857858,52660.85,228215.74,0,0
202,PAYMENT,10051.77,C436645218,88507.49,78455.72,M1841061377,0.0,0.0,0,0
180,CASH_IN,150900.16,C846570786,214059.0,364959.16,C906267613,1276401.6,1125501.45,0,0
667,PAYMENT,7053.7,C648068235,15332.0,8278.3,M2147366353,0.0,0.0,0,0
139,TRANSFER,571421.1,C1698465309,0.0,0.0,C452692948,3672784.87,4244205.97,0,0
132,CASH_OUT,25827.01,C225589096,418.0,0.0,C1852858433,44825.04,232758.74,0,0
353,CASH_IN,111439.3,C216063269,3006.0,114445.3,C819403131,1754097.94,1642658.64,0,0
255,CASH_OUT,20563.72,C1494673509,41097.0,20533.28,C2059526036,1071935.99,1092499.71,0,0
552,PAYMENT,8448.95,C218922058,696.0,0.0,M806820651,0.0,0.0,0,0
40,CASH_OUT,310151.23,C1359530667,0.0,0.0,C2111281323,2132476.68,2620406.65,0,0
355,PAYMENT,6509.95,C51564814,66762.55,60252.6,M1995876063,0.0,0.0,0,0
358,CASH_OUT,41442.05,C479890681,0.0,0.0,C2136894905,589001.0,630443.05,0,0
202,CASH_OUT,301561.59,C1560581848,9627.0,0.0,C571957369,661560.7,963122.29,0,0
202,PAYMENT,13088.63,C1386945479,450785.87,437697.24,M1239871182,0.0,0.0,0,0
321,CASH_IN,2618.53,C1426203232,30748.0,33366.53,C190706689,0.0,0.0,0,0
331,CASH_OUT,70477.06,C359340933,5894.0,0.0,C1798378552,0.0,70477.06,0,0
211,CASH_OUT,123196.08,C1597242657,0.0,0.0,C1870347515,4757634.77,4880830.86,0,0
209,CASH_OUT,252942.2,C460035365,20638.0,0.0,C1072404091,599862.03,852804.22,0,0
159,CASH_OUT,26368.05,C1199896795,0.0,0.0,C1300057504,163254.16,189622.21,0,0
137,PAYMENT,23758.49,C653126376,6984.43,0.0,M1999584780,0.0,0.0,0,0
396,CASH_OUT,456236.92,C1676222961,759113.0,302876.08,C1240522422,0.0,456236.92,0,0
135,CASH_OUT,172563.87,C1780417084,82102.0,0.0,C1081989118,721318.05,893881.92,0,0
349,CASH_OUT,168921.79,C1343068569,1536.0,0.0,C215076497,77140.72,246062.51,0,0
281,CASH_IN,401490.86,C792570752,8196338.14,8597829.0,C564408636,1576835.42,1175344.56,0,0
305,CASH_OUT,65033.84,C1588220719,31165.0,0.0,C945241813,175143.38,240177.22,0,0
705,TRANSFER,1359536.01,C782215817,12344.0,0.0,C1158711148,426138.71,1785674.72,0,0
327,CASH_IN,235715.93,C930954683,3928297.8,4164013.73,C425903472,324249.08,88533.15,0,0
191,PAYMENT,2658.24,C1983119487,7940.0,5281.76,M854997065,0.0,0.0,0,0
184,CASH_IN,3251.1,C1644213233,11270.0,14521.1,C947359574,1641.41,0.0,0,0
228,CASH_IN,85709.21,C887468929,6155005.66,6240714.87,C671630545,5638141.28,5552432.07,0,0
5,PAYMENT,252.71,C1713999849,117177.0,116924.29,M203829039,0.0,0.0,0,0
378,PAYMENT,229.93,C1321789215,0.0,0.0,M1963281935,0.0,0.0,0,0
404,CASH_IN,22050.56,C474492769,2538267.84,2560318.4,C1691548066,232756.85,210706.29,0,0
303,CASH_OUT,82196.64,C2052644837,4394.0,0.0,C766187452,79102.45,161299.09,0,0
44,CASH_OUT,385286.88,C214200193,0.0,0.0,C121404705,2257338.32,2642625.2,0,0
371,CASH_IN,231540.97,C1487798560,3569749.79,3801290.75,C997508526,797139.19,565598.22,0,0
358,PAYMENT,23254.81,C494378828,0.0,0.0,M1583686211,0.0,0.0,0,0
302,CASH_OUT,459242.7,C1256012884,0.0,0.0,C101598950,1182695.94,1641938.64,0,0
372,CASH_OUT,117178.91,C1229325968,0.0,0.0,C1317378745,2959380.11,3076559.02,0,0
369,PAYMENT,11096.97,C1749334711,2597.62,0.0,M1814904809,0.0,0.0,0,0
299,PAYMENT,1546.04,C598074846,0.0,0.0,M1158693322,0.0,0.0,0,0
213,TRANSFER,489380.67,C750355425,50590.0,0.0,C932024311,0.0,489380.67,0,0
38,CASH_OUT,107733.0,C1255008168,0.0,0.0,C238604134,436011.74,425521.79,0,0
324,PAYMENT,2451.02,C972390126,0.0,0.0,M2026062802,0.0,0.0,0,0
255,CASH_IN,26621.44,C631150077,10593.0,37214.44,C1921981173,102660.35,76038.91,0,0
395,CASH_IN,253024.95,C658596876,102628.0,355652.95,C244853687,0.0,0.0,0,0
255,CASH_OUT,59715.07,C683280632,68770.0,9054.93,C1103867936,5494.89,117399.85,0,0
138,CASH_IN,13849.82,C662079739,835873.44,849723.27,C1697323714,2896972.61,2883122.79,0,0
402,TRANSFER,731165.07,C2025774167,0.0,0.0,C1306263862,8167613.7,9230502.32,0,0
395,CASH_OUT,157263.42,C208018484,0.0,0.0,C1019386547,447872.74,605136.17,0,0
251,PAYMENT,6299.3,C2102271234,0.0,0.0,M2129335863,0.0,0.0,0,0
378,CASH_OUT,227678.57,C1476832255,0.0,0.0,C1010518893,6396541.62,6624220.19,0,0
129,CASH_OUT,335058.78,C1807226452,0.0,0.0,C2018629885,6490957.35,6826016.13,0,0
250,CASH_OUT,57686.61,C1783564620,485.12,0.0,C1812488147,337643.97,395330.58,0,0
500,PAYMENT,12280.98,C293145602,12521.0,240.02,M1988484913,0.0,0.0,0,0
310,PAYMENT,8886.85,C1622223889,0.0,0.0,M1977993407,0.0,0.0,0,0
256,PAYMENT,10705.15,C925037644,0.0,0.0,M1687890383,0.0,0.0,0,0
188,PAYMENT,3146.87,C1827969738,0.0,0.0,M919729709,0.0,0.0,0,0
161,CASH_OUT,441917.9,C954244426,53274.0,0.0,C1997896586,1009651.63,1667401.49,0,0
225,PAYMENT,31520.69,C330282041,0.0,0.0,M165436877,0.0,0.0,0,0
587,CASH_IN,235635.67,C535117861,8664635.62,8900271.29,C1135219206,531155.96,295520.29,0,0
14,PAYMENT,18523.8,C1689158948,10375.0,0.0,M933033125,0.0,0.0,0,0
355,PAYMENT,10863.7,C509503456,80221.8,69358.1,M1552846903,0.0,0.0,0,0
326,PAYMENT,6672.93,C1054528326,0.0,0.0,M207394245,0.0,0.0,0,0
229,CASH_IN,351941.71,C1754795912,8864543.13,9216484.84,C1282915475,1329560.34,977618.63,0,0
162,CASH_OUT,42891.54,C1926332958,38.0,0.0,C24369103,33344.56,76236.1,0,0
227,PAYMENT,29089.96,C1573436189,64386.0,35296.04,M655077408,0.0,0.0,0,0
355,PAYMENT,4894.27,C23873255,239521.63,234627.36,M1330978083,0.0,0.0,0,0
589,TRANSFER,1438133.07,C1925125063,69009.0,0.0,C2020848622,0.0,1438133.07,0,0
209,PAYMENT,7738.47,C1526950236,36776.26,29037.79,M695070398,0.0,0.0,0,0
405,CASH_IN,390534.49,C1798061824,7826300.14,8216834.62,C1463160153,876401.25,485866.76,0,0
163,CASH_OUT,246094.13,C440758521,0.0,0.0,C2090261698,914861.27,1160955.4,0,0
178,CASH_IN,12939.72,C1867073588,93233.0,106172.72,C565582023,0.0,0.0,0,0
35,TRANSFER,144402.27,C140207591,0.0,0.0,C1228231798,774042.15,918444.41,0,0
256,PAYMENT,331.33,C120813123,0.0,0.0,M1750668040,0.0,0.0,0,0
211,CASH_OUT,180917.7,C1005256775,141745.36,0.0,C1867057922,904689.93,1143066.29,0,0
207,PAYMENT,1283.27,C1133951395,314095.0,312811.73,M1322918029,0.0,0.0,0,0
18,PAYMENT,10590.7,C21991413,62416.45,51825.74,M113981606,0.0,0.0,0,0
166,CASH_IN,89205.41,C1207368419,1487113.5,1576318.91,C772530274,921054.48,831849.07,0,0
400,TRANSFER,765324.51,C1208440499,240.0,0.0,C1409747335,0.0,765324.51,0,0
132,CASH_IN,146526.13,C1950706494,177531.0,324057.13,C459332896,1739911.36,1593385.23,0,0
322,CASH_OUT,150261.24,C1201067952,6082.0,0.0,C60915114,194667.51,344928.75,0,0
19,CASH_OUT,274126.31,C2102339234,545960.18,271833.86,C697156329,1950061.09,2224187.4,0,0
140,CASH_IN,105545.73,C816324907,24735.0,130280.73,C482479548,57076.55,0.0,0,0
352,PAYMENT,22026.54,C1720065624,0.0,0.0,M746728875,0.0,0.0,0,0
167,PAYMENT,5431.33,C201630761,0.0,0.0,M1614934366,0.0,0.0,0,0
308,CASH_IN,54198.92,C1289283566,27648.0,81846.92,C1231872207,1753060.84,1698861.91,0,0
229,CASH_IN,464852.2,C53815092,11639.0,476491.2,C6601506,3389224.05,2924371.85,0,0
229,CASH_IN,127738.63,C1148019968,2529260.38,2656999.02,C985025,575858.14,448119.5,0,0
308,CASH_IN,124963.82,C1044976206,89987.64,214951.46,C443279402,156903.62,31939.81,0,0
207,PAYMENT,10936.44,C1522004715,41664.0,30727.56,M871277325,0.0,0.0,0,0
39,CASH_OUT,212707.7,C669901788,0.0,0.0,C1086683093,2035264.34,2247972.04,0,0
163,PAYMENT,22569.72,C1256284146,149606.0,127036.28,M764636495,0.0,0.0,0,0
188,CASH_IN,318356.89,C1604458477,5747827.17,6066184.06,C1770261258,960995.62,642638.73,0,0
166,CASH_OUT,176624.89,C298861759,0.0,0.0,C1094432566,1518944.93,1695569.82,0,0
395,CASH_IN,173103.63,C1938107533,9158540.85,9331644.48,C1447738509,2929421.51,2756317.89,0,0
255,CASH_OUT,123821.05,C1872193908,0.0,0.0,C876285242,1036925.38,1160746.43,0,0
348,CASH_OUT,229795.27,C1965641822,21148.0,0.0,C643658493,13192315.79,13422111.07,0,0
354,CASH_IN,11665.24,C1827597703,36662.0,48327.24,C912162721,115618.15,103952.91,0,0
130,CASH_OUT,161188.73,C1211039981,1.0,0.0,C20893200,0.0,309013.6,0,0
214,PAYMENT,5752.88,C51422440,0.0,0.0,M1568766087,0.0,0.0,0,0
301,CASH_OUT,132300.0,C722987249,124383.0,0.0,C298272351,243608.17,375908.17,0,0
236,CASH_OUT,56837.8,C14986908,0.0,0.0,C1945966849,2464090.59,2520928.39,0,0
298,CASH_OUT,434969.58,C425146337,123451.0,0.0,C558923393,0.0,434969.58,0,0
369,PAYMENT,18454.83,C1920146915,164107.0,145652.17,M1888359808,0.0,0.0,0,0
590,TRANSFER,25020.12,C794648568,0.0,0.0,C970088171,115330.8,140350.92,0,0
299,PAYMENT,20774.34,C689668422,5416.0,0.0,M358722205,0.0,0.0,0,0
284,CASH_OUT,22138.0,C660777115,211835.0,189697.0,C1644930020,335478.2,357616.2,0,0
354,CASH_OUT,106741.77,C672196859,0.0,0.0,C91834093,2485853.11,2592594.88,0,0
203,CASH_IN,162842.67,C378641402,1383.0,164225.67,C514690194,571559.95,408717.28,0,0
526,PAYMENT,3291.82,C405951954,224750.0,221458.18,M1138302499,0.0,0.0,0,0
11,CASH_OUT,279412.55,C1177690467,164.0,0.0,C461905695,32848.4,868027.98,0,0
185,CASH_IN,128303.81,C495804475,3131242.4,3259546.21,C1446120757,325118.27,196814.46,0,0
43,CASH_OUT,10169.09,C123601647,13660.0,3490.91,C1190136960,4290584.03,4300753.12,0,0
154,CASH_IN,54389.15,C560408472,163150.0,217539.15,C704131148,2890115.88,2835726.73,0,0
230,CASH_OUT,247884.62,C843782787,174813.96,0.0,C1982845011,260237.44,508122.06,0,0
45,PAYMENT,8377.62,C1372749325,27544.0,19166.38,M2009031241,0.0,0.0,0,0
161,PAYMENT,8735.61,C431014853,784271.0,775535.39,M1606008582,0.0,0.0,0,0
182,CASH_IN,13761.91,C650975610,9069872.63,9083634.54,C362531192,3097254.85,3110889.78,0,0
19,CASH_IN,151661.08,C2041530518,6433425.73,6585086.81,C1238904328,2235417.5,2083756.42,0,0
333,CASH_OUT,280341.15,C238098886,103637.0,0.0,C1192075644,0.0,280341.15,0,0
300,CASH_OUT,102563.38,C895080746,0.0,0.0,C555604671,2475091.08,2577654.45,0,0
227,CASH_IN,32744.73,C1057435721,6590474.74,6623219.47,C481268139,164024.06,131279.33,0,0
182,CASH_OUT,501417.2,C1459973414,0.0,0.0,C1428679443,2416359.43,2917776.63,0,0
661,CASH_IN,7813.24,C225346750,36622.0,44435.24,C1902401364,0.0,0.0,0,0
153,CASH_OUT,193754.97,C1751692755,707.0,0.0,C514188366,118361.0,312115.97,0,0
346,CASH_IN,220726.65,C781439681,4000268.0,4220994.65,C41880427,715128.61,494401.95,0,0
280,CASH_IN,350109.12,C579491782,14363004.67,14713113.79,C208002905,7419890.06,7069780.94,0,0
211,CASH_OUT,33602.22,C340781149,30781.0,0.0,C1572179839,379115.27,412717.5,0,0
158,CASH_IN,94325.31,C533044866,14835.0,109160.31,C1993474158,0.0,0.0,0,0
354,CASH_OUT,14732.07,C526755808,155090.0,140357.93,C1506452576,0.0,14732.07,0,0
202,PAYMENT,19328.9,C795398150,0.0,0.0,M812354028,0.0,0.0,0,0
285,PAYMENT,307.54,C36816974,46655.67,46348.13,M122312043,0.0,0.0,0,0
44,PAYMENT,9226.18,C1757943936,845494.0,836267.82,M61849442,0.0,0.0,0,0
160,CASH_OUT,13536.55,C1487648151,0.0,0.0,C269481946,1966484.66,1980021.21,0,0
299,CASH_IN,247493.09,C1347665632,138943.0,386436.09,C1265377492,218674.7,0.0,0,0
236,CASH_IN,235701.08,C227174304,35194.95,270896.03,C408625012,633138.5,397437.43,0,0
329,CASH_IN,314367.07,C2038956144,922820.15,1237187.22,C525843172,499592.83,185225.76,0,0
137,CASH_OUT,110506.65,C901468553,236219.39,125712.73,C1053037056,293533.98,404040.63,0,0
330,PAYMENT,32704.48,C1027257384,4297.93,0.0,M204955603,0.0,0.0,0,0
397,PAYMENT,16215.24,C167295341,697.0,0.0,M537842331,0.0,0.0,0,0
19,CASH_OUT,146841.4,C2035222040,355.0,0.0,C1105901057,10059435.37,10254877.46,0,0
298,CASH_OUT,139079.86,C1197313533,0.0,0.0,C1672819316,12098535.39,12237615.25,0,0
352,CASH_OUT,456671.28,C1177046195,0.0,0.0,C168704368,1599675.64,2056346.92,0,0
396,CASH_IN,285479.61,C2052654480,2356300.64,2641780.25,C2044225104,3564344.26,3278864.65,0,0
12,CASH_OUT,109880.71,C787278867,16713.0,0.0,C1359634401,632712.51,2570433.03,0,0
211,PAYMENT,3832.04,C1065253812,0.0,0.0,M1932384400,0.0,0.0,0,0
327,CASH_OUT,45147.62,C271874834,39344.0,0.0,C1840694183,6812250.91,6857398.53,0,0
230,CASH_IN,118676.92,C942392201,18921308.92,19039985.84,C325197177,3429596.83,3726772.23,0,0
283,PAYMENT,1884.27,C17178618,145880.9,143996.64,M1982681655,0.0,0.0,0,0
282,CASH_IN,143497.96,C1252391827,2054603.84,2198101.81,C1010386446,263639.94,120141.98,0,0
250,PAYMENT,11275.25,C606142477,128983.0,117707.75,M1182088801,0.0,0.0,0,0
275,CASH_OUT,200413.73,C902391748,397589.56,197175.83,C885441897,2849218.56,3049632.29,0,0
308,CASH_OUT,42166.68,C407950666,0.0,0.0,C418513393,223359.73,265526.41,0,0
37,CASH_OUT,81292.38,C796073224,49604.0,0.0,C1107922481,877462.89,958755.27,0,0
371,PAYMENT,21281.61,C1297521940,12243.0,0.0,M825711551,0.0,0.0,0,0
403,CASH_IN,74737.65,C1199033736,2979378.19,3054115.85,C1968468163,42524316.86,42449579.21,0,0
284,TRANSFER,356719.35,C209298666,21136.0,0.0,C992635444,0.0,356719.35,0,0
326,CASH_OUT,130622.65,C586790910,0.0,0.0,C2067646348,1579987.32,1710609.97,0,0
227,CASH_OUT,105529.19,C1880499878,75917.0,0.0,C405881980,10162146.15,10267675.34,0,0
398,CASH_OUT,2443.3,C1570907495,4036.0,1592.7,C1796730665,113951.61,116394.9,0,0
194,CASH_OUT,345886.67,C188669395,6052.15,0.0,C1051159079,547039.44,892926.11,0,0
180,CASH_OUT,227580.37,C1140548575,100026.0,0.0,C292269339,271383.22,498963.59,0,0
280,PAYMENT,16887.99,C649498476,0.0,0.0,M1719751624,0.0,0.0,0,0
308,PAYMENT,10997.88,C1023540510,600980.0,589982.12,M247636913,0.0,0.0,0,0
396,CASH_OUT,100425.78,C1659666289,0.0,0.0,C1552474331,134090.46,234516.23,0,0
15,CASH_OUT,389930.65,C818421249,0.0,0.0,C1061034243,2162798.09,2599939.67,0,0
180,PAYMENT,14243.1,C94889836,0.0,0.0,M735598685,0.0,0.0,0,0
44,CASH_OUT,97112.43,C1931567888,0.0,0.0,C824272289,6786047.76,6883160.19,0,0
353,CASH_OUT,74427.1,C307090095,0.0,0.0,C1553273068,5979950.96,6054378.06,0,0
213,CASH_OUT,56007.41,C1188804844,5383.0,0.0,C179294295,2359945.79,2415953.2,0,0
369,CASH_IN,255649.43,C2013755859,222636.31,478285.75,C124810764,535266.7,279617.26,0,0
298,CASH_OUT,69679.0,C1196823260,0.0,0.0,C1345072107,384356.43,454035.42,0,0
45,PAYMENT,8682.9,C1601983368,30410.0,21727.1,M1972833155,0.0,0.0,0,0
190,CASH_IN,215311.23,C1968171207,17764512.44,17979823.67,C710588020,754581.47,539270.24,0,0
534,TRANSFER,348278.1,C1651105366,0.0,0.0,C1623610754,1150293.05,1498571.16,0,0
162,CASH_OUT,166127.17,C1463416167,0.0,0.0,C575022835,2091342.73,2257469.9,0,0
359,CASH_IN,323228.03,C1976227554,201585.0,524813.03,C732379852,343079.09,19851.06,0,0
524,PAYMENT,3662.88,C278403776,0.0,0.0,M1524739291,0.0,0.0,0,0
160,PAYMENT,6980.92,C428448118,7611.0,630.08,M1340059532,0.0,0.0,0,0
260,PAYMENT,11821.39,C330293250,30701.34,18879.95,M2102513289,0.0,0.0,0,0
44,CASH_OUT,43665.32,C1494538805,38281.0,0.0,C1693440276,720655.36,764320.68,0,0
249,CASH_IN,210380.9,C844104832,6030156.12,6240537.02,C301230143,1280705.99,1070325.09,0,0
226,PAYMENT,3609.74,C1411082928,0.0,0.0,M152413472,0.0,0.0,0,0
352,CASH_OUT,326462.87,C1755694138,51563.0,0.0,C880877046,0.0,326462.87,0,0
136,TRANSFER,573628.97,C748353977,0.0,0.0,C2009060227,1460627.67,2034256.64,0,0
401,CASH_OUT,52367.01,C1971919981,8030.0,0.0,C2144453611,462759.92,515126.93,0,0
46,PAYMENT,6349.34,C2094104335,145.0,0.0,M1392103376,0.0,0.0,0,0
404,PAYMENT,789.92,C1437315674,117092.0,116302.08,M1755993669,0.0,0.0,0,0
132,CASH_OUT,297196.04,C173419475,0.0,0.0,C1898555031,312679.52,609875.56,0,0
329,CASH_OUT,237692.95,C1815325573,95765.56,0.0,C1221658602,7970433.43,8208126.38,0,0
204,PAYMENT,33984.01,C144354465,0.0,0.0,M900979915,0.0,0.0,0,0
327,PAYMENT,1013.15,C537785791,0.0,0.0,M1664290599,0.0,0.0,0,0
284,CASH_IN,206250.48,C1989157918,70720.0,276970.48,C1767585982,0.0,0.0,0,0
550,CASH_OUT,177376.76,C1336154009,89134.0,0.0,C892772789,281903.2,459279.96,0,0
164,CASH_IN,142589.35,C1246044937,6113230.38,6255819.73,C1002225108,325362.51,182773.16,0,0
130,PAYMENT,12822.55,C1145621993,152959.0,140136.45,M1134190682,0.0,0.0,0,0
279,PAYMENT,3505.23,C1214332672,1101.0,0.0,M1712186309,0.0,0.0,0,0
137,CASH_IN,154237.55,C8978067,27570763.66,27725001.21,C1974758915,249125.48,94887.93,0,0
308,TRANSFER,588997.91,C1340574171,566.0,0.0,C1626973389,0.0,588997.91,0,0
141,PAYMENT,181.54,C1286470006,471.0,289.46,M604529466,0.0,0.0,0,0
509,PAYMENT,4798.35,C2073922348,2913.0,0.0,M949410096,0.0,0.0,0,0
20,PAYMENT,15515.53,C802257082,0.0,0.0,M352206629,0.0,0.0,0,0
121,CASH_IN,126930.9,C60893550,9741645.04,9868575.94,C27731564,2481963.44,2355032.54,0,0
400,CASH_IN,256904.74,C1806657025,12066.0,268970.74,C1662883510,0.0,0.0,0,0
281,PAYMENT,4151.56,C576313549,0.0,0.0,M390202033,0.0,0.0,0,0
163,CASH_OUT,7166.62,C1819410498,57834.0,50667.38,C1293549815,526131.84,533298.46,0,0
43,CASH_IN,147032.79,C1645333771,42850.0,189882.79,C166287311,0.0,0.0,0,0
9,PAYMENT,558.05,C1530535230,49960.0,49401.95,M209360003,0.0,0.0,0,0
159,PAYMENT,4117.0,C2014096111,49684.0,45567.0,M1284399324,0.0,0.0,0,0
259,CASH_OUT,267655.31,C183808390,0.0,0.0,C947702796,2038701.39,2306356.7,0,0
163,PAYMENT,9030.92,C981535360,0.0,0.0,M1701005672,0.0,0.0,0,0
165,PAYMENT,187.29,C976168799,11405.0,11217.71,M159656647,0.0,0.0,0,0
306,PAYMENT,14389.63,C1173386086,36214.96,21825.34,M356358356,0.0,0.0,0,0
19,CASH_IN,194305.19,C1797578776,1001933.63,1196238.82,C2064302179,1667921.44,1575888.08,0,0
284,CASH_OUT,24049.0,C1927630524,33224.0,9175.0,C945560988,0.0,24049.0,0,0
304,CASH_OUT,53443.55,C315208566,0.0,0.0,C2006666516,745210.75,798654.3,0,0
396,CASH_IN,62202.6,C1718221154,5048586.68,5110789.28,C175675744,536511.15,474308.55,0,0
42,CASH_OUT,182417.27,C353007702,0.0,0.0,C1814349888,237502.3,419919.56,0,0
349,PAYMENT,34412.32,C1862598750,28040.0,0.0,M313596550,0.0,0.0,0,0
160,CASH_OUT,76299.48,C1335225544,49542.0,0.0,C2031734542,0.0,76299.48,0,0
139,PAYMENT,2715.23,C927329918,8065.94,5350.72,M570275491,0.0,0.0,0,0
403,CASH_IN,131638.27,C1717710998,17583948.47,17715586.75,C1709921523,333716.85,202078.58,0,0
134,CASH_OUT,143754.49,C1363806949,0.0,0.0,C374809501,387288.81,531043.29,0,0
250,CASH_IN,183095.3,C203921305,9574530.57,9757625.87,C981060149,432096.89,249001.59,0,0
393,CASH_OUT,208851.45,C2143844698,20762.0,0.0,C593849790,0.0,208851.45,0,0
234,PAYMENT,39112.45,C1140267481,23313.0,0.0,M1382786299,0.0,0.0,0,0
47,PAYMENT,9432.41,C411583052,516.0,0.0,M1696359242,0.0,0.0,0,0
330,CASH_IN,5478.22,C1926037376,519.0,5997.22,C835472519,30010553.58,30005075.36,0,0
324,CASH_IN,106294.55,C327455427,610539.0,716833.55,C1146365846,0.0,0.0,0,0
41,CASH_OUT,9058.38,C801630606,189425.0,180366.62,C308724742,484027.61,493085.99,0,0
33,CASH_OUT,173000.89,C960836303,55.0,0.0,C2047583887,379870.75,552871.64,0,0
226,PAYMENT,11806.88,C590170358,965.0,0.0,M1825096299,0.0,0.0,0,0
43,CASH_OUT,172131.41,C1598890777,21567.0,0.0,C2002635462,453874.01,626005.43,0,0
302,CASH_IN,27452.34,C1230952271,20440.0,47892.34,C85407533,2491875.71,2464423.38,0,0
140,CASH_OUT,12252.08,C132945570,24330.0,12077.92,C127068924,1068963.57,1081215.65,0,0
232,CASH_IN,15837.59,C1992589296,4553682.31,4569519.9,C288786534,1702680.53,1686842.94,0,0
250,PAYMENT,16296.57,C1239993953,138080.0,121783.43,M1274765386,0.0,0.0,0,0
237,CASH_IN,5003.56,C300807696,1486923.72,1491927.28,C71555810,6434328.44,6429324.88,0,0
226,CASH_OUT,276053.71,C549172198,88518.84,0.0,C2017068984,1387241.01,1663294.72,0,0
161,CASH_OUT,1461.45,C446658968,5229.0,3767.55,C1100673028,0.0,1461.45,0,0
492,CASH_OUT,13094.92,C286252128,5526.0,0.0,C438565548,2611057.98,2624152.9,0,0
281,PAYMENT,10584.49,C2045969597,300728.91,290144.43,M2082633935,0.0,0.0,0,0
333,CASH_OUT,1333.89,C786460359,4704.0,3370.11,C1258089587,650925.83,652259.72,0,0
351,CASH_OUT,62857.09,C173678553,0.0,0.0,C2037300672,166083.17,228940.26,0,0
359,PAYMENT,12269.91,C258004477,844.0,0.0,M1321916555,0.0,0.0,0,0
45,PAYMENT,6950.51,C1320579980,50638.31,43687.81,M184495846,0.0,0.0,0,0
255,PAYMENT,16143.25,C737723734,10082.0,0.0,M1207569152,0.0,0.0,0,0
160,CASH_IN,191979.28,C1005817917,5532766.59,5724745.87,C642641263,1354982.65,1163003.37,0,0
203,PAYMENT,591.65,C2071300852,0.0,0.0,M801956223,0.0,0.0,0,0
230,CASH_OUT,321871.18,C273974337,0.0,0.0,C1683120357,1736433.74,2058304.92,0,0
10,CASH_OUT,169111.27,C612435088,0.0,0.0,C309167705,210080.69,2797230.81,0,0
332,PAYMENT,9537.31,C669474133,76558.98,67021.67,M1801320095,0.0,0.0,0,0
137,PAYMENT,25862.14,C361118390,6186.0,0.0,M582152999,0.0,0.0,0,0
153,PAYMENT,19272.48,C1168629100,0.0,0.0,M1839666279,0.0,0.0,0,0
330,PAYMENT,557.76,C1550253679,41199.0,40641.24,M592193151,0.0,0.0,0,0
304,PAYMENT,26363.54,C631866543,0.0,0.0,M1033756289,0.0,0.0,0,0
483,CASH_OUT,146324.01,C1696635579,0.0,0.0,C831671966,350586.91,496910.92,0,0
211,CASH_OUT,17346.41,C1597108654,41213.0,23866.59,C1000748960,0.0,17346.41,0,0
202,CASH_IN,252245.53,C617427903,15192.0,267437.53,C1398606223,1221268.48,969022.96,0,0
376,CASH_OUT,231843.2,C1517007820,42435.0,0.0,C1809438003,9411679.25,9643522.44,0,0
401,CASH_OUT,148323.7,C1715930111,485238.0,336914.3,C428864529,551919.57,700243.27,0,0
687,CASH_OUT,467017.56,C236641994,0.0,0.0,C593843385,4734711.14,5201728.7,0,0
16,PAYMENT,3529.06,C935681845,10078.0,6548.94,M214041125,0.0,0.0,0,0
326,CASH_OUT,182850.49,C1895153895,0.0,0.0,C320184226,1546969.37,1729819.86,0,0
355,TRANSFER,278533.84,C1024329098,0.0,0.0,C764721784,338697.71,617231.55,0,0
396,PAYMENT,20662.95,C1334470699,5485.65,0.0,M408519191,0.0,0.0,0,0
186,CASH_IN,243040.52,C1558529699,21649.0,264689.52,C1137673642,117973.34,0.0,0,0
249,CASH_OUT,170845.02,C1571346704,0.0,0.0,C68537354,1074609.66,1245454.68,0,0
139,TRANSFER,122795.36,C820182940,1103.41,0.0,C1036166515,557007.73,679803.09,0,0
34,PAYMENT,4760.36,C1490420005,0.0,0.0,M1713436830,0.0,0.0,0,0
297,CASH_IN,11273.83,C730630093,4163748.39,4175022.22,C1513776821,1582425.84,1571152.01,0,0
328,CASH_IN,2533.97,C1777528119,646104.48,648638.45,C969766538,1693530.18,1690996.22,0,0
44,PAYMENT,1645.14,C1648073683,0.0,0.0,M1218406684,0.0,0.0,0,0
35,PAYMENT,22003.4,C120883173,52663.0,30659.6,M955172133,0.0,0.0,0,0
10,CASH_OUT,197942.32,C347275212,0.0,0.0,C1194066750,5225361.98,5636687.78,0,0
332,CASH_IN,257592.44,C455175888,10750.0,268342.44,C149474995,31208204.35,30950611.91,0,0
160,PAYMENT,23172.5,C1633578219,29394.0,6221.5,M1783600867,0.0,0.0,0,0
352,CASH_IN,115630.97,C1581432120,4915908.03,5031538.99,C1535659556,1455550.05,1339919.08,0,0
12,PAYMENT,19083.83,C1652096117,0.0,0.0,M539115216,0.0,0.0,0,0
354,CASH_OUT,45228.58,C240844408,0.0,0.0,C1139035178,65253.69,110482.27,0,0
309,CASH_OUT,192881.0,C1911473012,10668.0,0.0,C1372021941,866417.0,1059298.01,0,0
232,PAYMENT,7087.7,C1038923570,0.0,0.0,M630799518,0.0,0.0,0,0
376,CASH_OUT,280172.64,C464781420,13251.0,0.0,C1298705674,0.0,280172.64,0,0
518,CASH_OUT,429710.96,C1101773709,269.0,0.0,C1544120758,17369.94,447080.9,0,0
130,PAYMENT,1312.73,C235000901,0.0,0.0,M620710849,0.0,0.0,0,0
96,PAYMENT,12624.24,C832725820,31838.9,19214.66,M376279173,0.0,0.0,0,0
14,TRANSFER,19883.67,C4853876,0.0,0.0,C348907786,34975.91,220279.86,0,0
225,PAYMENT,121742.89,C1112404522,16879.0,0.0,M1899736955,0.0,0.0,0,0
347,PAYMENT,79657.82,C2022956148,21400.0,0.0,M2028045648,0.0,0.0,0,0
376,CASH_OUT,216746.16,C378129838,0.0,0.0,C1647136878,704537.31,921283.47,0,0
333,DEBIT,5727.02,C133194790,1784.0,0.0,C1435513523,681784.45,687511.47,0,0
213,CASH_IN,76845.17,C1695075148,1151699.55,1228544.72,C232244001,1533172.07,1456326.9,0,0
331,CASH_OUT,98411.98,C960214139,2770.0,0.0,C1766268969,0.0,98411.98,0,0
346,PAYMENT,6375.31,C588972102,9058.0,2682.69,M2002048027,0.0,0.0,0,0
182,CASH_IN,121049.42,C1267408097,2723643.4,2844692.82,C189797245,216752.54,95703.12,0,0
279,PAYMENT,4150.49,C1633606889,0.0,0.0,M1749900271,0.0,0.0,0,0
280,CASH_IN,327698.06,C344112811,3414149.26,3741847.32,C639205260,899060.54,571362.48,0,0
394,PAYMENT,15057.83,C1676425880,0.0,0.0,M1311293416,0.0,0.0,0,0
369,CASH_OUT,121203.76,C947750774,15574.0,0.0,C1854609733,0.0,121203.76,0,0
178,PAYMENT,26191.42,C32339440,11147.0,0.0,M163562016,0.0,0.0,0,0
326,PAYMENT,1779.93,C1840753444,273674.0,271894.07,M859759996,0.0,0.0,0,0
256,CASH_OUT,250914.96,C1087391950,5091.0,0.0,C675599453,350468.72,601383.68,0,0
156,CASH_OUT,305207.54,C1353512944,142939.5,0.0,C1646118461,1287239.75,1592447.29,0,0
183,CASH_IN,91555.32,C706715457,20813.0,112368.32,C2114449717,128836.7,37281.38,0,0
14,CASH_OUT,456121.48,C2067394251,0.0,0.0,C1516996566,662364.16,1019167.25,0,0
324,CASH_OUT,83779.52,C1947558988,0.0,0.0,C1722227657,101757.63,185537.15,0,0
208,PAYMENT,23636.7,C1928105787,0.0,0.0,M1923838301,0.0,0.0,0,0
19,CASH_IN,371950.31,C67059032,1874470.66,2246420.97,C332097811,6068250.19,6416801.35,0,0
306,CASH_OUT,347306.88,C1403258448,1045.0,0.0,C1125177965,0.0,347306.88,0,0
400,CASH_IN,178768.77,C251126505,20192876.46,20371645.23,C947707839,181499.92,2731.15,0,0
134,PAYMENT,14484.63,C2142816486,0.0,0.0,M1741230459,0.0,0.0,0,0
36,CASH_OUT,154091.27,C1722870893,101893.0,0.0,C948631368,0.0,154091.27,0,0
10,PAYMENT,3703.36,C343889157,0.0,0.0,M10312459,0.0,0.0,0,0
159,PAYMENT,20871.01,C1253189922,28807.0,7935.99,M285260441,0.0,0.0,0,0
355,CASH_IN,4743.51,C199606067,3464904.31,3469647.81,C257424359,433950.63,429207.12,0,0
20,PAYMENT,11442.13,C413847603,20866.0,9423.87,M1471307341,0.0,0.0,0,0
41,CASH_IN,103690.26,C264378459,656509.79,760200.06,C1893401579,385140.68,281450.41,0,0
15,PAYMENT,10940.74,C1058844079,200687.0,189746.26,M118786915,0.0,0.0,0,0
206,PAYMENT,10518.81,C1603260140,0.0,0.0,M149109922,0.0,0.0,0,0
612,TRANSFER,253677.07,C1026815717,0.0,0.0,C270073142,2274453.27,2528130.34,0,0
637,CASH_OUT,112213.31,C452345248,79869.0,0.0,C227091150,1557297.26,1669510.56,0,0
161,CASH_OUT,137915.85,C1346272597,0.0,0.0,C536242591,458390.23,596306.08,0,0
44,CASH_OUT,240361.43,C1412371185,0.0,0.0,C1452914366,1770011.48,2010372.9,0,0
404,CASH_OUT,65153.61,C1423485885,12131.0,0.0,C503818703,0.0,65153.61,0,0
393,CASH_IN,271419.57,C2009704944,5616616.2,5888035.78,C1640400424,6323931.5,6052511.92,0,0
372,CASH_IN,150091.64,C681941679,6063041.82,6213133.46,C1354505802,1997763.91,1847672.27,0,0
229,TRANSFER,76725.17,C1203197315,52225.0,0.0,C311759338,0.0,76725.17,0,0
402,PAYMENT,9512.14,C52157749,0.0,0.0,M1668806240,0.0,0.0,0,0
187,CASH_IN,97523.56,C203329785,2469093.93,2566617.49,C1639525130,1608695.93,1511172.37,0,0
347,TRANSFER,1029409.38,C1458367857,116841.0,0.0,C1004700412,0.0,1029409.38,0,0
276,CASH_IN,11137.28,C1732018790,721246.3,732383.58,C2122910696,37833.38,26696.1,0,0
183,PAYMENT,5193.27,C1458126390,38.0,0.0,M86790117,0.0,0.0,0,0
189,PAYMENT,4435.94,C2033862266,284.0,0.0,M2000520537,0.0,0.0,0,0
234,CASH_IN,310530.12,C229656337,517.0,311047.12,C512767621,605256.91,294726.79,0,0
351,PAYMENT,7639.25,C1119582972,200742.0,193102.75,M1169091206,0.0,0.0,0,0
250,CASH_OUT,188047.15,C588411618,0.0,0.0,C783473529,324144.13,512191.28,0,0
325,PAYMENT,15754.52,C69743423,6238.0,0.0,M1618358033,0.0,0.0,0,0
204,CASH_IN,118718.19,C456814342,1448707.42,1567425.61,C78910877,136674.19,17955.99,0,0
209,CASH_IN,429533.42,C1363009187,12275.0,441808.42,C904985426,0.0,0.0,0,0
201,PAYMENT,9647.05,C871068832,0.0,0.0,M2096845977,0.0,0.0,0,0
403,CASH_IN,30887.66,C1040730459,9579.0,40466.66,C867889166,1677754.52,1646866.86,0,0
133,PAYMENT,15650.37,C42773086,459138.0,443487.63,M1825488088,0.0,0.0,0,0
138,PAYMENT,10149.25,C1756254254,9577.62,0.0,M175255613,0.0,0.0,0,0
349,PAYMENT,18896.33,C1420096051,38619.0,19722.67,M623455698,0.0,0.0,0,0
356,PAYMENT,2397.81,C75210804,0.0,0.0,M1877630889,0.0,0.0,0,0
278,PAYMENT,3192.67,C1884617405,0.0,0.0,M2039893992,0.0,0.0,0,0
227,PAYMENT,70354.26,C1651207141,0.0,0.0,M1693965838,0.0,0.0,0,0
179,CASH_IN,8196.59,C60860924,9869329.23,9877525.82,C211176072,492143.83,483947.24,0,0
308,CASH_IN,95701.07,C2124072111,31090.0,126791.07,C1688282022,1438690.0,1342988.93,0,0
396,CASH_IN,124720.42,C1291714777,11179018.58,11303739.0,C1308896866,294504.64,169784.22,0,0
371,CASH_IN,53177.29,C1021626935,2317262.8,2370440.09,C1545501482,389345.47,336168.19,0,0
337,PAYMENT,4204.79,C1560633583,147.0,0.0,M2144843438,0.0,0.0,0,0
11,PAYMENT,34083.44,C2021124343,20426.0,0.0,M670612969,0.0,0.0,0,0
190,PAYMENT,29043.88,C1681957812,0.0,0.0,M1234191417,0.0,0.0,0,0
43,CASH_OUT,46920.18,C239892799,0.0,0.0,C1132037962,129117.69,176037.87,0,0
17,CASH_OUT,297979.64,C518028230,298.0,0.0,C2135018843,36450.0,334429.64,0,0
18,CASH_OUT,234588.56,C1538370288,0.0,0.0,C1568920798,931117.11,866063.5,0,0
41,CASH_OUT,169961.94,C1891992879,0.0,0.0,C114910979,187049.23,681142.89,0,0
332,CASH_IN,229466.31,C376189879,3295794.87,3525261.19,C801547132,1144951.04,915484.72,0,0
253,PAYMENT,18282.09,C838913051,0.0,0.0,M660776464,0.0,0.0,0,0
238,CASH_IN,170478.97,C1492183998,7240370.3,7410849.26,C420371845,3114323.03,2943844.06,0,0
330,CASH_OUT,102767.21,C1036995313,0.0,0.0,C632500318,4803675.78,4906442.99,0,0
302,PAYMENT,14601.82,C1741576088,257271.44,242669.62,M153526364,0.0,0.0,0,0
401,PAYMENT,5687.74,C1535525956,31026.0,25338.26,M1263057777,0.0,0.0,0,0
326,PAYMENT,13307.79,C1567321204,247843.1,234535.31,M2047982509,0.0,0.0,0,0
256,CASH_IN,70778.07,C137904199,3926710.34,3997488.41,C1265834182,327868.94,257090.87,0,0
377,CASH_IN,252687.18,C352992792,117388.0,370075.18,C1014591565,0.0,0.0,0,0
17,CASH_OUT,76440.43,C836798060,4381.0,0.0,C437247257,325914.34,402354.77,0,0
139,PAYMENT,544.31,C1425499359,9618.83,9074.53,M1926675561,0.0,0.0,0,0
308,CASH_IN,152726.04,C1443255121,2485412.53,2638138.57,C1368596712,314901.65,162175.61,0,0
306,CASH_OUT,207692.53,C1417292228,22326.0,0.0,C121995581,193347.9,401040.43,0,0
214,PAYMENT,3788.16,C355523255,0.0,0.0,M1487101387,0.0,0.0,0,0
251,TRANSFER,149350.35,C1962863386,0.0,0.0,C487018190,1514025.88,1663376.23,0,0
329,CASH_IN,168970.7,C954182534,34242.0,203212.7,C1642986969,645125.77,476155.07,0,0
183,CASH_IN,357195.68,C749515342,1258.0,358453.68,C1984969338,444926.75,87731.07,0,0
19,PAYMENT,8542.21,C1230649764,12096.0,3553.79,M3964086,0.0,0.0,0,0
354,PAYMENT,4783.88,C567216281,64500.99,59717.11,M1455478140,0.0,0.0,0,0
18,CASH_IN,270047.85,C73066938,3556744.89,3826792.74,C1745029710,2015798.34,1814298.11,0,0
230,CASH_IN,210908.15,C1657272309,103291.0,314199.15,C936625621,0.0,0.0,0,0
282,PAYMENT,20176.85,C971814263,51850.0,31673.15,M1477954738,0.0,0.0,0,0
9,TRANSFER,2264477.35,C698071717,10585.0,0.0,C449775363,1476629.45,3887703.24,0,0
374,PAYMENT,23944.69,C76512011,774440.0,750495.31,M17449636,0.0,0.0,0,0
396,PAYMENT,137.51,C1410371687,4640.0,4502.49,M1351057472,0.0,0.0,0,0
354,CASH_OUT,15716.39,C2010096323,0.0,0.0,C92040631,354799.42,370515.81,0,0
330,CASH_IN,211023.19,C293940317,5168424.6,5379447.79,C335386827,1085156.67,1075469.86,0,0
160,CASH_OUT,146285.49,C1671869735,0.0,0.0,C166935160,335423.02,481708.51,0,0
180,PAYMENT,26950.02,C495486304,126.0,0.0,M1339787606,0.0,0.0,0,0
234,PAYMENT,6942.43,C144609309,125839.3,118896.87,M569248217,0.0,0.0,0,0
210,CASH_IN,337337.33,C917155778,7741.33,345078.66,C409974654,1770018.79,1432681.46,0,0
259,CASH_IN,5870.93,C19511225,100872.0,106742.93,C638868779,0.0,0.0,0,0
160,CASH_IN,61062.46,C234935799,1175658.51,1236720.97,C1274551835,227608.6,166546.14,0,0
131,CASH_OUT,565157.07,C951510302,417914.0,0.0,C646127870,0.0,565157.07,0,0
13,PAYMENT,38451.54,C1513783602,10325.0,0.0,M1614060082,0.0,0.0,0,0
350,CASH_OUT,544787.12,C242032147,16639.0,0.0,C962853094,282833.53,827620.65,0,0
300,CASH_OUT,232745.72,C243260555,0.0,0.0,C1821869387,2603135.73,2835881.46,0,0
161,TRANSFER,777007.52,C1906278814,0.0,0.0,C1225406756,3954564.35,4987615.11,0,0
180,CASH_OUT,97483.45,C552348386,52782.0,0.0,C546686293,137961.24,235444.69,0,0
44,PAYMENT,16114.35,C1199654200,30640.0,14525.65,M218263181,0.0,0.0,0,0
185,TRANSFER,3192852.24,C1891162787,358968.0,0.0,C1168538777,0.0,2985999.69,0,0
226,PAYMENT,12245.68,C1613418405,123817.61,111571.93,M252949200,0.0,0.0,0,0
379,PAYMENT,11953.7,C425951035,199002.0,187048.3,M41704771,0.0,0.0,0,0
253,CASH_OUT,78728.39,C1532026484,50393.0,0.0,C1348614580,204236.12,282964.52,0,0
20,CASH_IN,117039.55,C1056288818,5608220.52,5725260.07,C1772060086,6822345.58,6855922.05,0,0
159,CASH_OUT,24654.06,C489994476,0.0,0.0,C1591357704,719014.67,743668.73,0,0
349,PAYMENT,45813.13,C1060541508,22933.0,0.0,M1707467560,0.0,0.0,0,0
380,PAYMENT,4510.6,C1309890287,29206.0,24695.4,M1292619582,0.0,0.0,0,0
39,CASH_OUT,97938.84,C970268626,15311.0,0.0,C1197766490,61728.55,159667.39,0,0
179,CASH_OUT,233699.79,C2040790645,0.0,0.0,C1172148896,749917.74,983617.53,0,0
134,CASH_OUT,447959.16,C1808546881,4563.0,0.0,C71589904,350125.17,798084.34,0,0
261,CASH_IN,117836.53,C1876238893,451392.43,569228.96,C1577967483,166315.14,48478.61,0,0
161,PAYMENT,7477.32,C706939972,19932.0,12454.68,M1422740360,0.0,0.0,0,0
9,TRANSFER,2957330.91,C1709368837,0.0,0.0,C54142591,7782793.14,10403208.53,0,0
16,CASH_IN,154636.98,C979321395,1237332.83,1391969.81,C968614268,1455335.42,1300698.45,0,0
403,PAYMENT,5235.77,C1249024290,200126.27,194890.51,M1168953922,0.0,0.0,0,0
154,PAYMENT,5628.29,C1301165197,9992.92,4364.63,M515261192,0.0,0.0,0,0
308,PAYMENT,7447.15,C1980857774,0.0,0.0,M1277133868,0.0,0.0,0,0
22,PAYMENT,7625.59,C668677796,0.0,0.0,M226943082,0.0,0.0,0,0
203,CASH_OUT,163523.58,C116916550,40495.0,0.0,C1420397387,0.0,163523.58,0,0
20,PAYMENT,2422.7,C1774791523,124189.0,121766.3,M1406662836,0.0,0.0,0,0
230,CASH_OUT,5464.2,C661216949,12763.0,7298.8,C1384872849,0.0,5464.2,0,0
133,CASH_IN,664159.24,C1998718504,100382.0,764541.24,C368200877,0.0,0.0,0,0
284,PAYMENT,3001.42,C1894867632,0.0,0.0,M1429351970,0.0,0.0,0,0
134,CASH_OUT,343398.84,C18960536,0.0,0.0,C885524491,1296069.41,1639468.25,0,0
333,PAYMENT,5778.22,C1903464256,2059.0,0.0,M872164590,0.0,0.0,0,0
180,CASH_OUT,281916.4,C409384664,61881.0,0.0,C318435104,0.0,281916.4,0,0
383,PAYMENT,890.32,C448426774,10370.0,9479.68,M71105795,0.0,0.0,0,0
279,CASH_OUT,367966.93,C1485831518,0.0,0.0,C72099408,1008527.02,1376493.94,0,0
372,TRANSFER,983348.53,C390250885,0.0,0.0,C9874612,1864914.16,2848262.68,0,0
326,PAYMENT,6141.34,C1719132769,60882.95,54741.61,M107495896,0.0,0.0,0,0
34,CASH_OUT,7170.3,C543387945,106038.0,98867.7,C1691895783,358132.68,365302.98,0,0
94,PAYMENT,4556.21,C1201090562,0.0,0.0,M1598810889,0.0,0.0,0,0
393,CASH_OUT,215239.17,C393431172,0.0,0.0,C1241415620,1683517.34,1898756.51,0,0
277,CASH_IN,251874.78,C287209910,4842252.78,5094127.56,C1497945149,1196311.95,944437.16,0,0
179,TRANSFER,67015.22,C924792047,32006.0,0.0,C1258882672,0.0,67015.22,0,0
164,PAYMENT,1218.16,C356002694,0.0,0.0,M2126546421,0.0,0.0,0,0
397,CASH_OUT,102645.84,C1291265244,0.0,0.0,C10567259,296561.47,399207.31,0,0
382,CASH_OUT,222936.06,C1995816754,294875.91,71939.85,C75503575,1166254.26,1389190.33,0,0
163,PAYMENT,7552.23,C1216363733,0.0,0.0,M139849967,0.0,0.0,0,0
141,PAYMENT,4705.31,C325145530,40769.0,36063.69,M1487095663,0.0,0.0,0,0
522,PAYMENT,9129.22,C1237884171,36962.0,27832.78,M1642580126,0.0,0.0,0,0
573,PAYMENT,604.75,C1536108287,185511.01,184906.25,M701046755,0.0,0.0,0,0
253,CASH_IN,51676.98,C1020227593,2880480.35,2932157.33,C1781449058,224079.03,172402.04,0,0
43,PAYMENT,935.24,C2074432016,0.0,0.0,M880476380,0.0,0.0,0,0
393,CASH_OUT,335459.21,C1735216234,0.0,0.0,C1560432202,1819673.14,2155132.35,0,0
17,PAYMENT,25332.96,C115702142,93332.04,67999.08,M1530720258,0.0,0.0,0,0
403,CASH_IN,164143.44,C1541862581,13572449.72,13736593.15,C1895315859,9578417.32,9414273.88,0,0
133,PAYMENT,17759.75,C1403016775,0.0,0.0,M995270444,0.0,0.0,0,0
45,PAYMENT,2061.69,C404776123,0.0,0.0,M1293110887,0.0,0.0,0,0
249,PAYMENT,5379.89,C841636853,1016.0,0.0,M106301529,0.0,0.0,0,0
157,PAYMENT,19313.77,C1536162838,534151.43,514837.65,M1339817322,0.0,0.0,0,0
208,PAYMENT,8917.72,C99682220,9931.0,1013.28,M561692505,0.0,0.0,0,0
527,PAYMENT,13660.09,C502153606,0.0,0.0,M1563725806,0.0,0.0,0,0
376,CASH_OUT,155290.11,C1724028823,0.0,0.0,C804668167,676262.72,831552.83,0,0
162,PAYMENT,3499.49,C91544869,0.0,0.0,M1962283536,0.0,0.0,0,0
347,PAYMENT,7421.13,C1981698864,0.0,0.0,M1921987174,0.0,0.0,0,0
138,CASH_OUT,227092.39,C466337390,3135.0,0.0,C684459337,0.0,227092.39,0,0
132,CASH_OUT,209200.53,C265066672,0.0,0.0,C2008749582,2278560.88,2132145.05,0,0
355,PAYMENT,28399.26,C503832530,122458.0,94058.74,M1389515136,0.0,0.0,0,0
13,TRANSFER,634339.28,C2018260668,0.0,0.0,C1181579840,7431074.13,8542132.14,0,0
130,CASH_IN,81727.02,C103384216,19641469.72,19723196.75,C54576544,2104997.83,2023270.81,0,0
379,CASH_OUT,117412.12,C296410195,41111.0,0.0,C832854381,0.0,117412.12,0,0
380,TRANSFER,331884.39,C262073346,70827.83,0.0,C1867305118,537844.98,869729.37,0,0
36,CASH_IN,311833.52,C731895397,80452.0,392285.52,C511644518,0.0,0.0,0,0
398,PAYMENT,35275.46,C250547259,0.0,0.0,M2015718675,0.0,0.0,0,0
406,PAYMENT,1829.73,C1516755677,2370.0,540.27,M786304867,0.0,0.0,0,0
400,CASH_OUT,27331.15,C1842951097,172936.0,145604.85,C919009523,219122.24,246453.39,0,0
16,CASH_OUT,328565.57,C1988248306,0.0,0.0,C1079608646,515231.41,843796.98,0,0
15,CASH_OUT,391075.33,C1180500727,0.0,0.0,C1577744105,2118431.71,2677619.5,0,0
403,CASH_OUT,154296.36,C965812725,0.0,0.0,C973929404,718110.5,872406.85,0,0
350,CASH_IN,165638.98,C1658098528,8341604.09,8507243.07,C1057042982,4661790.71,4496151.73,0,0
371,CASH_OUT,304665.16,C781806260,38693.0,0.0,C824133625,1470487.61,1775152.77,0,0
165,CASH_IN,126473.39,C891021492,51211.0,177684.39,C614584038,592776.78,466303.4,0,0
351,CASH_OUT,367759.6,C1290873882,0.0,0.0,C541487291,992396.98,1360156.57,0,0
141,PAYMENT,13652.35,C410110664,406.0,0.0,M1982951930,0.0,0.0,0,0
131,CASH_IN,386021.66,C1119489582,6942465.45,7328487.11,C597642551,416462.71,30441.05,0,0
346,CASH_IN,177271.6,C2092041211,491505.27,668776.87,C594238554,189938.29,12666.69,0,0
166,CASH_OUT,61218.09,C1716103036,20601.0,0.0,C501730886,2641600.08,2702818.16,0,0
15,CASH_IN,336073.47,C462129070,115102.0,451175.47,C642592261,294684.2,0.0,0,0
205,CASH_IN,16431.58,C1692149912,7399683.16,7416114.74,C1830841114,1453363.45,1436931.87,0,0
131,CASH_OUT,39622.49,C632853797,11160.0,0.0,C499573949,952782.7,992405.19,0,0
188,CASH_IN,6600.1,C620913621,199388.03,205988.13,C1561780859,530631.21,524031.11,0,0
307,PAYMENT,16452.63,C219282524,6041.0,0.0,M639851729,0.0,0.0,0,0
164,TRANSFER,1341872.7,C611843972,0.0,0.0,C11990361,2120157.96,3462030.65,0,0
372,PAYMENT,19714.08,C1867690997,0.0,0.0,M1775069653,0.0,0.0,0,0
164,CASH_OUT,165558.16,C600006260,267.0,0.0,C920232624,0.0,165558.16,0,0
276,CASH_OUT,80297.97,C783693382,0.0,0.0,C882486534,407462.69,487760.66,0,0
133,TRANSFER,1094613.75,C1713084440,14646.0,0.0,C2130979494,1684104.07,2778717.81,0,0
130,CASH_IN,175673.05,C1202602085,2537187.62,2712860.67,C307803040,217145.84,380063.84,0,0
213,PAYMENT,10037.34,C1497234307,0.0,0.0,M538322837,0.0,0.0,0,0
161,CASH_IN,187631.64,C596730702,10849000.72,11036632.36,C1998689670,351893.15,0.0,0,0
240,PAYMENT,1398.62,C1690538769,79350.0,77951.38,M1521690042,0.0,0.0,0,0
691,CASH_IN,83742.44,C749785766,436991.76,520734.2,C1563581953,4578452.69,4494710.25,0,0
227,TRANSFER,555406.83,C773589093,0.0,0.0,C1619489362,3843750.53,4399157.36,0,0
357,PAYMENT,6124.91,C927515816,0.0,0.0,M436172090,0.0,0.0,0,0
282,CASH_IN,64301.0,C523037340,42745.0,107046.0,C1814738504,1786840.61,1722539.61,0,0
206,PAYMENT,37359.95,C1228982286,0.0,0.0,M1989772458,0.0,0.0,0,0
16,CASH_OUT,124900.26,C799956659,0.0,0.0,C747645347,416285.66,759960.69,0,0
303,PAYMENT,28325.44,C1105401898,52580.0,24254.56,M1849794893,0.0,0.0,0,0
322,TRANSFER,335235.58,C1371967793,120221.25,0.0,C560389711,625460.48,960696.06,0,0
216,PAYMENT,672.74,C447613772,0.0,0.0,M1767100310,0.0,0.0,0,0
226,CASH_OUT,598759.86,C1221724200,0.0,0.0,C1714126369,3172069.48,3770829.34,0,0
577,PAYMENT,3611.92,C438174731,15072.0,11460.08,M1435169437,0.0,0.0,0,0
371,PAYMENT,28986.4,C250250205,20290.0,0.0,M570407508,0.0,0.0,0,0
162,CASH_IN,124914.65,C247422129,75023.0,199937.65,C1315182174,0.0,0.0,0,0
370,TRANSFER,458108.49,C604735358,436.0,0.0,C640666866,647342.54,1105451.02,0,0
1,PAYMENT,2560.3,C1590129041,7257.0,4696.7,M1178777373,0.0,0.0,0,0
41,CASH_IN,258731.4,C769113882,4035560.99,4294292.39,C295655481,717105.41,458374.01,0,0
327,CASH_OUT,10788.1,C835253702,0.0,0.0,C1277740810,1983316.7,1994104.8,0,0
228,PAYMENT,10112.68,C1481401623,0.0,0.0,M35243184,0.0,0.0,0,0
284,PAYMENT,5308.52,C787898178,46561.0,41252.48,M194936389,0.0,0.0,0,0
250,CASH_IN,82531.59,C156593560,12518.0,95049.59,C1452466780,200591.94,118060.35,0,0
226,PAYMENT,85335.4,C809019185,7588.36,0.0,M899323458,0.0,0.0,0,0
310,PAYMENT,8055.28,C1824006870,14085.0,6029.72,M1641454143,0.0,0.0,0,0
19,CASH_OUT,178051.14,C1172090858,47365.22,0.0,C1514834483,1975566.28,2153617.41,0,0
159,CASH_OUT,230258.69,C2072185474,0.0,0.0,C2114312103,689503.08,919761.77,0,0
394,CASH_OUT,16174.84,C775467856,15493.0,0.0,C417937445,0.0,16174.84,0,0
133,CASH_OUT,56590.35,C1596972423,90707.0,34116.65,C1303365802,2538885.3,2595475.65,0,0
307,PAYMENT,45664.45,C352160424,35505.21,0.0,M1752015947,0.0,0.0,0,0
328,CASH_IN,82202.46,C264627658,4665.0,86867.46,C1865233320,213819.83,131617.37,0,0
134,CASH_OUT,263587.47,C1090233151,0.0,0.0,C52729272,754544.31,1018131.78,0,0
259,CASH_IN,189534.8,C806852813,9034340.83,9223875.63,C1919487848,462513.69,272978.89,0,0
19,CASH_OUT,162945.15,C476101511,29441.0,0.0,C916660230,55393.0,199012.29,0,0
298,CASH_IN,157955.78,C577108719,169423.0,327378.78,C1622451116,0.0,0.0,0,0
13,PAYMENT,19067.68,C887182200,519145.58,500077.91,M788998209,0.0,0.0,0,0
188,CASH_IN,45704.22,C1857477155,5190574.08,5236278.29,C273713327,472576.46,426872.24,0,0
314,CASH_IN,180523.67,C1886387116,88169.58,268693.25,C1930082957,1989667.35,1809143.68,0,0
162,CASH_IN,28201.78,C49773054,5592072.71,5620274.49,C520070607,456952.24,428750.46,0,0
378,PAYMENT,8931.36,C1267103376,31028.0,22096.64,M1407531204,0.0,0.0,0,0
41,CASH_OUT,114797.06,C99063385,0.0,0.0,C41157366,960849.61,1075646.67,0,0
322,CASH_OUT,326380.09,C233881462,21521.0,0.0,C1181748069,10719.33,337099.43,0,0
358,CASH_OUT,367491.64,C1956423156,0.0,0.0,C639854493,1086375.61,1453867.26,0,0
401,CASH_OUT,263064.51,C2057123396,0.0,0.0,C546331192,4521431.66,4784496.18,0,0
299,CASH_OUT,263768.24,C485410307,0.0,0.0,C1688923359,8065494.82,10667585.18,0,0
204,TRANSFER,2426547.3,C1605628925,92594.98,0.0,C1688233904,3994769.43,6421316.74,0,0
257,CASH_IN,243969.06,C879829683,2678.0,246647.06,C1321142017,0.0,0.0,0,0
376,TRANSFER,8588347.95,C909735867,91716.0,0.0,C1823146598,228333.32,8816681.28,0,0
276,CASH_OUT,116124.63,C1048509622,0.0,0.0,C247915897,825549.64,941674.28,0,0
11,CASH_IN,118453.47,C909390781,2915270.33,3033723.79,C1108635930,125956.32,7502.85,0,0
11,PAYMENT,2999.28,C935930188,0.0,0.0,M249937492,0.0,0.0,0,0
16,PAYMENT,2144.22,C965856995,0.0,0.0,M745881842,0.0,0.0,0,0
41,CASH_OUT,274130.43,C1594379061,0.0,0.0,C918480167,413930.25,688060.68,0,0
178,CASH_OUT,123193.11,C1792896639,0.0,0.0,C1697994092,294927.25,418120.36,0,0
305,PAYMENT,32574.45,C1183998065,23396.0,0.0,M518134741,0.0,0.0,0,0
38,CASH_IN,421904.04,C1688844739,5674534.43,6096438.47,C917768476,1408149.43,986245.4,0,0
131,PAYMENT,5581.56,C1464510824,0.0,0.0,M1405808751,0.0,0.0,0,0
185,CASH_IN,54716.56,C359542027,23345.0,78061.56,C723315168,1158867.66,1104151.09,0,0
251,CASH_OUT,13805.31,C1012498268,0.0,0.0,C1692912266,9582997.02,9596802.33,0,0
382,PAYMENT,13426.52,C658225133,20934.0,7507.48,M1465880715,0.0,0.0,0,0
325,CASH_OUT,45871.44,C1985362209,0.0,0.0,C632425207,3467408.89,3513280.33,0,0
203,CASH_OUT,168375.89,C967333530,0.0,0.0,C701998273,178730.74,347106.64,0,0
353,CASH_OUT,44110.41,C1652622059,153541.0,109430.59,C720569926,3853050.98,3897161.39,0,0
205,PAYMENT,7391.48,C563680561,15095.0,7703.52,M2110001786,0.0,0.0,0,0
350,CASH_IN,91273.81,C2028166377,5215174.48,5306448.29,C18794122,2374539.29,2283265.48,0,0
358,PAYMENT,15586.67,C613045415,0.0,0.0,M1408701962,0.0,0.0,0,0
34,CASH_OUT,105677.3,C664620505,0.0,0.0,C1428829757,828012.72,933690.02,0,0
16,CASH_IN,119588.01,C614340396,2077785.12,2197373.13,C1551945522,1726218.46,1606630.46,0,0
397,CASH_OUT,1752.54,C733157253,0.0,0.0,C1184210320,221947.3,223699.84,0,0
186,CASH_OUT,20143.15,C98809267,21255.0,1111.85,C1513039490,11432.81,31575.96,0,0
297,CASH_OUT,184283.66,C1898187415,0.0,0.0,C507641622,2525292.22,2709575.88,0,0
135,CASH_OUT,117036.21,C776241544,0.0,0.0,C589803008,1306681.23,1423717.44,0,0
306,CASH_OUT,141502.89,C1972827855,0.0,0.0,C1809044229,2048383.24,2189886.13,0,0
157,CASH_IN,214634.86,C656359834,17986721.39,18201356.25,C2054774691,3630469.01,3415834.15,0,0
254,CASH_OUT,192469.09,C534900640,0.0,0.0,C364219666,985413.85,1177882.94,0,0
133,CASH_OUT,217109.95,C214184792,20998.0,0.0,C1599060807,27635.12,244745.08,0,0
380,CASH_OUT,200594.25,C164955801,0.0,0.0,C1777811567,1344526.08,1798126.41,0,0
164,CASH_OUT,212167.82,C796352912,0.0,0.0,C780999513,323608.05,535775.87,0,0
378,CASH_OUT,194735.7,C34982246,0.0,0.0,C1906595101,1471474.07,1666209.77,0,0
186,CASH_IN,164346.45,C92149587,8725120.63,8889467.09,C1747498822,213451.57,49105.11,0,0
9,CASH_OUT,394996.13,C908314674,16135.0,0.0,C33083575,40983.0,881754.34,0,0
395,CASH_OUT,276491.73,C1144470764,22850.0,0.0,C849042008,2852636.49,3129128.23,0,0
132,PAYMENT,6042.32,C1661530760,0.0,0.0,M1246918430,0.0,0.0,0,0
403,CASH_OUT,64681.1,C879946989,6036.0,0.0,C2126636418,0.0,64681.1,0,0
411,TRANSFER,1240717.75,C2142112051,1240717.75,0.0,C853827129,0.0,0.0,1,0
40,PAYMENT,13474.65,C785233761,0.0,0.0,M2031768955,0.0,0.0,0,0
19,CASH_OUT,59505.89,C1273243005,50188.0,0.0,C2045346310,52076.23,742063.17,0,0
140,PAYMENT,20643.48,C133040113,794.0,0.0,M1052674422,0.0,0.0,0,0
164,CASH_OUT,101205.5,C1533358037,19865.0,0.0,C167998635,4172930.09,4274135.59,0,0
403,CASH_OUT,126898.85,C924963120,8571.0,0.0,C1102045527,0.0,126898.85,0,0
399,CASH_OUT,25983.77,C1400667188,0.0,0.0,C1902043164,195620.06,221603.84,0,0
211,PAYMENT,1831.52,C457919896,17605.0,15773.48,M2130951938,0.0,0.0,0,0
167,TRANSFER,489578.11,C28454778,21314.0,0.0,C1336513012,134507.88,624085.99,0,0
16,CASH_IN,373180.94,C1200547004,8046.0,381226.94,C1992329654,663248.45,290067.51,0,0
399,CASH_IN,236367.5,C1079367398,457632.04,693999.54,C309511436,732925.54,496558.04,0,0
133,PAYMENT,159.42,C680053875,232.0,72.58,M1491243454,0.0,0.0,0,0
396,CASH_IN,154629.97,C1876450943,3014557.14,3169187.11,C1371905497,12331195.75,12176565.78,0,0
132,PAYMENT,6337.87,C905522153,108445.83,102107.95,M28562840,0.0,0.0,0,0
231,CASH_OUT,48160.84,C69268533,4171.0,0.0,C398673379,3847846.63,3896007.47,0,0
211,CASH_OUT,188384.4,C1515519858,320173.0,131788.6,C1669637618,268754.85,457139.24,0,0
373,TRANSFER,423306.39,C883651406,0.0,0.0,C809440609,6499952.23,6923258.62,0,0
11,CASH_OUT,228288.84,C1135345665,44.0,0.0,C1520941958,2265472.58,2706906.11,0,0
352,PAYMENT,13389.42,C1032436600,99835.0,86445.58,M1515214067,0.0,0.0,0,0
232,PAYMENT,8617.68,C1032916882,137340.27,128722.59,M1685429950,0.0,0.0,0,0
325,PAYMENT,26198.39,C782107981,9033.0,0.0,M839441912,0.0,0.0,0,0
137,CASH_OUT,237981.62,C1637556793,42145.0,0.0,C1025410063,377986.87,615968.49,0,0
139,CASH_OUT,127891.6,C831059889,153272.0,25380.4,C948803369,397086.95,524978.55,0,0
227,PAYMENT,34783.19,C1419978009,223407.38,188624.19,M471552717,0.0,0.0,0,0
164,PAYMENT,3493.36,C956128749,166224.37,162731.01,M1138270435,0.0,0.0,0,0
16,CASH_IN,412225.39,C212061741,4645152.65,5057378.04,C633959745,2040434.14,1628208.75,0,0
163,PAYMENT,10989.51,C1205254937,78219.17,67229.66,M2100686905,0.0,0.0,0,0
179,TRANSFER,382941.11,C1738837506,53127.0,0.0,C1273357682,0.0,382941.11,0,0
153,CASH_IN,201509.71,C2035332667,5103969.82,5305479.53,C1034537634,1549666.22,1348156.51,0,0
35,CASH_OUT,219592.29,C830710325,17418.0,0.0,C1186553459,0.0,289449.35,0,0
44,PAYMENT,3751.89,C551716067,44673.0,40921.11,M1693885032,0.0,0.0,0,0
137,CASH_OUT,227599.0,C1354614650,0.0,0.0,C368873736,543058.69,770657.69,0,0
274,CASH_OUT,96509.05,C1476878427,0.0,0.0,C1207952667,9381115.26,9477624.3,0,0
355,PAYMENT,9400.36,C1848238253,5482.0,0.0,M1745243762,0.0,0.0,0,0
328,CASH_IN,635270.76,C254273890,2431778.38,3067049.15,C1280020890,1607251.91,971981.15,0,0
326,CASH_OUT,364597.8,C1130256288,0.0,0.0,C1735491737,538733.45,903331.25,0,0
43,TRANSFER,2430258.47,C1292307863,0.0,0.0,C1550593006,4007421.83,6501132.9,0,0
22,TRANSFER,289563.86,C513136393,21432.0,0.0,C187534499,150059.56,408249.06,0,0
252,PAYMENT,7600.94,C1371950475,75236.88,67635.93,M1240057611,0.0,0.0,0,0
184,CASH_IN,342976.7,C973554007,1445.0,344421.7,C1614797758,0.0,0.0,0,0
281,CASH_IN,193308.32,C739954214,31339.0,224647.32,C1844840200,0.0,0.0,0,0
596,PAYMENT,27984.23,C1714335764,0.0,0.0,M656704244,0.0,0.0,0,0
329,PAYMENT,11499.91,C1343648983,109.0,0.0,M517068062,0.0,0.0,0,0
180,CASH_OUT,176438.78,C2083286676,52003.0,0.0,C1717127147,244320.81,420759.6,0,0
250,CASH_OUT,49070.13,C1889409979,0.0,0.0,C921585806,808412.69,857482.82,0,0
214,PAYMENT,2708.11,C1259360144,25.0,0.0,M1491419779,0.0,0.0,0,0
403,CASH_OUT,116416.7,C1448890051,50604.0,0.0,C418009933,0.0,116416.7,0,0
249,CASH_IN,30967.68,C2053741214,11041790.06,11072757.74,C1436197352,582445.62,551477.94,0,0
252,CASH_IN,55477.34,C1671456681,8592335.03,8647812.37,C854080895,1560933.77,1505456.43,0,0
374,CASH_OUT,304959.33,C1776687740,0.0,0.0,C1494688243,1107708.67,1412668.01,0,0
204,CASH_OUT,20245.55,C285021483,0.0,0.0,C930173161,153945.0,174190.55,0,0
324,CASH_IN,326205.38,C1717101742,40203.0,366408.38,C409575506,1100186.38,773981.0,0,0
194,CASH_IN,48024.53,C1440708482,643272.24,691296.76,C1298739356,204320.56,156296.04,0,0
332,CASH_OUT,62227.86,C1631159563,1159.0,0.0,C314004338,0.0,62227.86,0,0
205,PAYMENT,3430.04,C578908290,0.0,0.0,M207799823,0.0,0.0,0,0
158,TRANSFER,947166.33,C1449325096,182.0,0.0,C547201241,272022.66,1155902.29,0,0
235,PAYMENT,24897.02,C333894907,147536.0,122638.98,M1556016294,0.0,0.0,0,0
230,CASH_IN,373344.36,C1383633423,10014.0,383358.36,C1171939278,1663974.75,1499930.13,0,0
370,CASH_OUT,282630.93,C1499823542,10292.0,0.0,C1143945876,334615.1,617246.03,0,0
305,PAYMENT,20788.99,C1456453891,57296.0,36507.01,M1261700124,0.0,0.0,0,0
349,PAYMENT,4084.29,C1487476157,0.0,0.0,M1615512584,0.0,0.0,0,0
254,CASH_OUT,45850.72,C237408298,387623.0,341772.28,C67016702,428893.05,474743.77,0,0
13,PAYMENT,162.62,C1698400323,107608.09,107445.47,M117821800,0.0,0.0,0,0
35,TRANSFER,1535702.42,C1704851409,50809.0,0.0,C1897172546,0.0,1535702.42,0,0
260,TRANSFER,882238.41,C669709556,187006.53,0.0,C888939352,1506039.17,2388277.58,0,0
259,PAYMENT,647.8,C640050661,9979.0,9331.2,M118220064,0.0,0.0,0,0
205,CASH_IN,144419.97,C837788356,7339686.62,7484106.59,C1454683123,381226.84,236806.87,0,0
331,PAYMENT,6701.45,C102350725,4501.0,0.0,M1291652228,0.0,0.0,0,0
254,PAYMENT,4421.55,C366837827,0.0,0.0,M2050864547,0.0,0.0,0,0
140,CASH_OUT,109730.62,C588368948,20676.0,0.0,C1768284925,0.0,109730.62,0,0
139,CASH_OUT,114988.44,C133325675,25973.0,0.0,C92063029,4942423.46,5057411.9,0,0
94,CASH_OUT,215150.17,C609549325,0.0,0.0,C1186916406,1203243.84,1418394.0,0,0
130,PAYMENT,17334.94,C696155191,0.0,0.0,M782910920,0.0,0.0,0,0
186,CASH_IN,221951.51,C932576040,5646320.46,5868271.96,C1734766662,1076127.6,854176.09,0,0
403,TRANSFER,656104.98,C1234153177,0.0,0.0,C1429285636,713258.94,1369363.91,0,0
353,CASH_IN,387851.95,C1385759461,805532.52,1193384.47,C272900825,797217.75,409365.8,0,0
373,CASH_OUT,319413.34,C884717813,31384.0,0.0,C781593836,1887.6,321300.95,0,0
258,TRANSFER,99990.3,C1555314888,297398.0,197407.7,C1281148423,0.0,99990.3,0,0
348,PAYMENT,5851.0,C414155312,51728.0,45877.0,M1194320571,0.0,0.0,0,0
135,PAYMENT,26986.33,C2115774326,60.0,0.0,M1529208227,0.0,0.0,0,0
353,PAYMENT,6537.13,C1841327310,0.0,0.0,M1255047018,0.0,0.0,0,0
132,CASH_OUT,2134.35,C1845456891,0.0,0.0,C2018432922,2158.48,4292.83,0,0
183,PAYMENT,1675.67,C135129391,127244.0,125568.33,M180527557,0.0,0.0,0,0
182,CASH_IN,32954.98,C1095383302,2192839.02,2225793.99,C1918787943,950725.15,1255097.32,0,0
12,CASH_OUT,200786.33,C1674912518,118.0,0.0,C1474464180,423093.06,1171219.56,0,0
326,PAYMENT,9377.38,C817726389,78915.04,69537.66,M458536047,0.0,0.0,0,0
38,CASH_OUT,368781.46,C473167423,298979.96,0.0,C1083694367,2525049.69,2893831.16,0,0
376,CASH_IN,19610.51,C1706407763,3357108.29,3376718.79,C272470649,230208.33,210597.82,0,0
140,PAYMENT,8709.97,C793311428,0.0,0.0,M301249971,0.0,0.0,0,0
661,CASH_OUT,347137.2,C1951929994,0.0,0.0,C672520615,808225.92,1155363.12,0,0
251,CASH_IN,366286.38,C2133001922,22868746.74,23235033.12,C2087500251,1046544.91,680258.53,0,0
6,PAYMENT,2223.47,C253983463,0.0,0.0,M1122885157,0.0,0.0,0,0
233,CASH_IN,18566.86,C724361393,12462.0,31028.86,C1316673521,352771.03,334204.17,0,0
207,PAYMENT,7886.18,C1614988347,43185.78,35299.59,M1813184606,0.0,0.0,0,0
208,PAYMENT,5137.87,C2003753606,22404.0,17266.13,M815176875,0.0,0.0,0,0
155,TRANSFER,1705967.34,C1341671284,192179.48,0.0,C28421418,2280462.1,3986429.45,0,0
34,CASH_IN,262011.83,C313512018,3458.0,265469.83,C137183368,173036.02,0.0,0,0
165,TRANSFER,189334.7,C1396003070,128047.57,0.0,C209532372,961171.14,1150505.84,0,0
177,CASH_OUT,89523.05,C1676032857,0.0,0.0,C190892584,511794.11,601317.16,0,0
404,PAYMENT,20737.42,C1770513425,0.0,0.0,M242989207,0.0,0.0,0,0
11,PAYMENT,1170.37,C1627626353,173678.0,172507.63,M1304737156,0.0,0.0,0,0
9,CASH_OUT,233599.3,C959170426,17280.0,0.0,C50569353,51973.0,68622.91,0,0
355,CASH_OUT,70366.87,C1728511606,77263.0,6896.13,C2140430029,0.0,70366.87,0,0
158,PAYMENT,8641.84,C1004498260,14898.84,6257.0,M807863688,0.0,0.0,0,0
160,PAYMENT,3756.56,C2002005897,83342.0,79585.44,M1912283814,0.0,0.0,0,0
42,CASH_IN,10075.81,C250972589,608226.66,618302.46,C961341325,1595368.5,1585292.69,0,0
207,CASH_IN,137419.31,C295666116,8521925.52,8659344.83,C1849843114,334336.8,196917.49,0,0
10,CASH_IN,273039.25,C1288826069,4605460.48,4878499.73,C596753014,282998.8,9959.55,0,0
373,CASH_OUT,35882.17,C979386653,46807.0,10924.83,C305494497,645785.82,681667.99,0,0
163,CASH_IN,454294.66,C1764061152,949963.22,1404257.88,C317809355,1051366.41,597071.75,0,0
225,CASH_OUT,64706.7,C380041441,5516.0,0.0,C1502327474,253786.31,318493.02,0,0
48,CASH_IN,73405.64,C1473359583,4336243.05,4409648.68,C1429736776,1331148.49,1257742.86,0,0
352,PAYMENT,24285.29,C1427831273,0.0,0.0,M1812866486,0.0,0.0,0,0
256,CASH_OUT,102836.62,C327969140,0.0,0.0,C285916647,264729.16,367565.79,0,0
397,CASH_OUT,521490.31,C1003738288,5047.0,0.0,C1092842402,0.0,521490.31,0,0
349,PAYMENT,13925.08,C209444219,10801.0,0.0,M287714134,0.0,0.0,0,0
203,CASH_OUT,89238.83,C853807904,0.0,0.0,C1133273009,3187487.55,3276726.39,0,0
186,CASH_IN,61746.75,C4194411,486565.36,548312.11,C1395820996,3221177.72,3159430.96,0,0
354,CASH_IN,89696.68,C349690667,5120876.06,5210572.73,C637698821,3013052.93,2923356.25,0,0
254,CASH_IN,233017.73,C1397971093,6496005.52,6729023.25,C1819708961,430874.36,197856.63,0,0
596,PAYMENT,1232.4,C242033779,193.0,0.0,M961783142,0.0,0.0,0,0
404,CASH_IN,345990.36,C1513749611,1587940.5,1933930.86,C1665090953,2228250.29,1882259.93,0,0
44,DEBIT,2853.68,C66687130,105.0,0.0,C1079634105,842556.22,845409.9,0,0
379,CASH_OUT,101262.33,C1142708422,0.0,0.0,C1565462485,2844777.15,2946039.48,0,0
250,CASH_IN,263286.47,C907658057,9266533.38,9529819.85,C487681484,834226.72,570940.25,0,0
276,PAYMENT,13430.11,C1866304285,40511.28,27081.17,M127753651,0.0,0.0,0,0
146,CASH_IN,49750.33,C1688097850,3977554.75,4027305.09,C1695410573,3227900.87,3178150.54,0,0
592,CASH_OUT,110583.43,C375192164,0.0,0.0,C23601988,284358.95,394942.38,0,0
163,PAYMENT,34352.19,C1880400011,52299.0,17946.81,M957052959,0.0,0.0,0,0
23,PAYMENT,14707.73,C1951048318,10139.0,0.0,M1874871416,0.0,0.0,0,0
263,CASH_OUT,187549.97,C2076790085,0.0,0.0,C422342907,14043893.17,14231443.14,0,0
328,TRANSFER,9262090.33,C224289450,1207.0,0.0,C1767652820,0.0,9067443.71,0,0
275,CASH_OUT,107694.17,C1665377052,0.0,0.0,C668355632,147779.81,255473.98,0,0
187,PAYMENT,9222.26,C1038819347,43198.54,33976.28,M1382190432,0.0,0.0,0,0
164,CASH_IN,161870.07,C1063494429,6984656.29,7146526.36,C705480294,6368544.98,6206674.91,0,0
19,PAYMENT,18139.52,C674696872,202975.0,184835.48,M800800865,0.0,0.0,0,0
329,PAYMENT,31305.41,C862144946,3080.0,0.0,M1032692333,0.0,0.0,0,0
178,PAYMENT,15152.82,C222421935,0.0,0.0,M64509745,0.0,0.0,0,0
208,CASH_IN,176474.24,C839589788,111792.0,288266.24,C282893223,1094643.56,918169.31,0,0
401,CASH_OUT,258420.7,C1124610883,105104.0,0.0,C1773861435,602745.94,861166.64,0,0
403,PAYMENT,4359.12,C711291354,410488.0,406128.88,M1295016022,0.0,0.0,0,0
383,CASH_OUT,158826.88,C1234981325,265792.85,106965.97,C593265862,473397.6,632224.48,0,0
284,CASH_OUT,59775.01,C670975482,131361.85,71586.84,C610159918,151147.29,210922.29,0,0
42,CASH_OUT,84934.84,C1542706934,101689.0,16754.16,C438712607,29396.8,114331.64,0,0
132,TRANSFER,1261891.75,C671476953,15790.0,0.0,C1413808889,2845468.76,4107360.51,0,0
38,CASH_OUT,278755.0,C359044513,0.0,0.0,C893913148,931118.12,1209873.12,0,0
396,PAYMENT,6326.42,C993888272,0.0,0.0,M116835741,0.0,0.0,0,0
164,CASH_OUT,83095.58,C1658835493,0.0,0.0,C327455583,957408.84,1040504.42,0,0
403,PAYMENT,2178.2,C1686319586,243061.14,240882.94,M910983026,0.0,0.0,0,0
326,PAYMENT,34128.72,C1925639650,83972.05,49843.33,M247542784,0.0,0.0,0,0
356,CASH_OUT,211401.0,C1568622953,118075.0,0.0,C1519136346,0.0,211401.0,0,0
254,CASH_IN,170886.37,C1197165735,15484555.23,15655441.61,C1190500317,1360537.64,1189651.27,0,0
306,CASH_OUT,282564.15,C1037715468,211.0,0.0,C191538065,955757.53,1238321.68,0,0
346,PAYMENT,75201.56,C1232846741,0.0,0.0,M90332696,0.0,0.0,0,0
397,PAYMENT,28246.5,C1075454355,10174.0,0.0,M924336475,0.0,0.0,0,0
347,PAYMENT,39515.58,C797379039,189643.5,150127.92,M1370840233,0.0,0.0,0,0
187,CASH_OUT,86732.47,C1956978249,5976.0,0.0,C1148495540,250766.79,337499.27,0,0
38,CASH_OUT,20618.35,C289017439,50772.0,30153.65,C1118568360,0.0,20618.35,0,0
323,PAYMENT,12546.72,C631447425,184.0,0.0,M84441114,0.0,0.0,0,0
407,PAYMENT,32847.88,C12854976,688.76,0.0,M2029558220,0.0,0.0,0,0
229,CASH_OUT,176861.91,C794210650,7074.0,0.0,C1082903633,0.0,176861.91,0,0
257,CASH_OUT,109994.49,C307841047,99495.0,0.0,C371547224,1580302.43,1690296.92,0,0
185,CASH_OUT,301441.89,C1409187780,11053.0,0.0,C259840433,2082807.88,2384249.77,0,0
130,PAYMENT,24241.43,C1756022626,11074.0,0.0,M745571016,0.0,0.0,0,0
375,CASH_IN,339295.27,C512629597,2590268.29,2929563.56,C521670467,438164.07,98868.8,0,0
154,TRANSFER,1819025.88,C1020686251,108837.0,0.0,C1468490468,93039.84,1912065.72,0,0
374,PAYMENT,8032.33,C1655120006,0.0,0.0,M1973963905,0.0,0.0,0,0
306,CASH_OUT,89650.28,C1104911203,0.0,0.0,C1859736497,2905739.04,2995389.32,0,0
12,CASH_OUT,130883.3,C919613475,906977.0,776093.7,C1517016560,783108.53,1526513.1,0,0
282,TRANSFER,371669.59,C686471933,371669.59,0.0,C173311273,0.0,0.0,1,0
567,CASH_IN,182568.09,C525414236,6939125.08,7121693.17,C672086651,692850.46,510282.37,0,0
275,PAYMENT,9906.33,C149723618,0.0,0.0,M55935258,0.0,0.0,0,0
282,PAYMENT,3713.95,C982844422,21068.0,17354.05,M988786249,0.0,0.0,0,0
15,TRANSFER,1869095.74,C556033356,80315.0,0.0,C1221245680,0.0,1869095.74,0,0
235,CASH_IN,320475.21,C1940507625,2387812.53,2708287.74,C198375834,1449593.48,1129118.27,0,0
207,PAYMENT,221.45,C1291416633,0.0,0.0,M446343017,0.0,0.0,0,0
259,CASH_OUT,216562.69,C1843912543,95402.0,0.0,C181728952,95970.71,312533.39,0,0
374,CASH_OUT,168002.5,C1164947894,0.0,0.0,C816825874,311237.68,479240.18,0,0
284,CASH_OUT,44469.29,C574480731,929.0,0.0,C2087738558,140090.05,184559.34,0,0
254,TRANSFER,119763.44,C1370666337,0.0,0.0,C1630306687,780803.79,900567.23,0,0
370,CASH_IN,348865.03,C401646258,6085.0,354950.03,C1198167820,2794329.4,2445464.37,0,0
157,PAYMENT,687.99,C74857309,0.0,0.0,M1476534131,0.0,0.0,0,0
281,PAYMENT,19578.69,C616058122,55910.0,36331.31,M2141280244,0.0,0.0,0,0
202,CASH_IN,47966.19,C527951081,1160342.4,1208308.59,C1056548648,151175.53,103209.34,0,0
162,PAYMENT,6211.37,C1624096569,56017.0,49805.63,M933126496,0.0,0.0,0,0
188,CASH_IN,305773.11,C1570618326,19927358.4,20233131.51,C281011897,3880766.75,3574993.64,0,0
159,CASH_OUT,80985.41,C1353978727,41.0,0.0,C777898346,69886.75,150872.16,0,0
285,CASH_OUT,239648.14,C1145065680,6763.22,0.0,C112923354,251346.75,490994.89,0,0
206,CASH_OUT,321358.02,C930612748,349134.56,27776.54,C887873623,842469.67,1163827.68,0,0
178,CASH_OUT,206619.82,C1013126960,218567.0,11947.18,C1453773148,43710.95,250330.77,0,0
565,CASH_IN,32505.87,C1691720290,339487.32,371993.19,C1642256680,64494.05,31988.18,0,0
201,TRANSFER,797056.86,C1949498716,0.0,0.0,C1048901206,846028.77,1643085.63,0,0
335,PAYMENT,8048.95,C393699201,8054.57,5.62,M1096647774,0.0,0.0,0,0
141,PAYMENT,13557.76,C213014061,0.0,0.0,M1832150950,0.0,0.0,0,0
376,CASH_IN,53769.66,C1845044339,2961205.61,3014975.26,C1554519484,234003.53,281768.19,0,0
348,CASH_OUT,156666.17,C2106406630,0.0,0.0,C2058256244,4675266.87,4831933.04,0,0
11,PAYMENT,3352.08,C2005701080,215260.96,211908.88,M1118773122,0.0,0.0,0,0
44,PAYMENT,9911.03,C1022045085,30564.0,20652.97,M1719177960,0.0,0.0,0,0
690,CASH_IN,147731.94,C632257489,19956.0,167687.94,C1382557394,0.0,0.0,0,0
164,PAYMENT,706.58,C351331818,0.0,0.0,M1043550394,0.0,0.0,0,0
324,CASH_OUT,236239.68,C1873363226,0.0,0.0,C1948264310,1182669.63,1418909.31,0,0
139,PAYMENT,4066.74,C266215551,0.0,0.0,M314108618,0.0,0.0,0,0
213,CASH_OUT,347421.9,C1029948862,0.0,0.0,C1058833089,4809497.33,5156919.23,0,0
305,CASH_OUT,496230.31,C883168415,155702.0,0.0,C447922760,0.0,496230.31,0,0
328,CASH_IN,304935.75,C1688273641,8415380.76,8720316.51,C1059786852,8767080.74,8462144.98,0,0
163,CASH_IN,152963.55,C246765852,349836.0,502799.55,C270351472,5565045.82,5412082.27,0,0
252,CASH_OUT,129480.14,C1465540480,0.0,0.0,C756472071,164389.36,293869.5,0,0
380,CASH_OUT,313968.84,C1611903347,214.0,0.0,C710753344,0.0,313968.84,0,0
254,PAYMENT,2653.2,C775045643,164225.3,161572.09,M432751616,0.0,0.0,0,0
283,CASH_IN,38237.86,C1725605344,50691.0,88928.86,C1275070048,73020.88,34783.02,0,0
10,CASH_IN,66086.29,C366299019,12629.0,78715.29,C301453570,0.0,0.0,0,0
471,PAYMENT,6127.32,C1845993622,0.0,0.0,M1745278868,0.0,0.0,0,0
690,PAYMENT,11256.7,C1280053039,0.0,0.0,M543704318,0.0,0.0,0,0
228,TRANSFER,917581.74,C1411449867,25192.0,0.0,C493730659,226403.86,1143985.6,0,0
326,TRANSFER,58281.13,C1408884155,34847.0,0.0,C295986250,0.0,58281.13,0,0
656,PAYMENT,125.75,C95970735,11007.0,10881.25,M1139476320,0.0,0.0,0,0
140,PAYMENT,3662.55,C1611118505,0.0,0.0,M197577983,0.0,0.0,0,0
287,PAYMENT,18706.28,C33437516,37964.0,19257.72,M1754199860,0.0,0.0,0,0
132,CASH_OUT,13101.21,C1453961117,849.0,0.0,C1208027783,104830.11,117931.32,0,0
307,CASH_OUT,42522.65,C1617565784,61686.0,19163.35,C527294388,1875183.29,1917705.94,0,0
256,TRANSFER,416695.73,C800739848,111732.0,0.0,C178451115,183436.59,600132.33,0,0
309,CASH_OUT,81722.43,C607025820,0.0,0.0,C729298668,361106.18,442828.61,0,0
14,PAYMENT,5269.57,C1625317477,99665.31,94395.74,M419648707,0.0,0.0,0,0
129,CASH_OUT,332779.04,C2008038019,0.0,0.0,C1836898074,346347.23,679126.26,0,0
20,CASH_IN,95073.73,C1645725206,27600.76,122674.49,C1954106567,144177.92,49104.19,0,0
95,CASH_IN,147361.31,C1194213214,8662789.94,8810151.26,C985929728,757722.89,610361.57,0,0
687,CASH_OUT,132444.29,C532698009,99237.0,0.0,C920829349,2433065.76,2565510.04,0,0
255,PAYMENT,6272.8,C2140880975,0.0,0.0,M107768535,0.0,0.0,0,0
9,TRANSFER,76110.08,C1272922187,0.0,0.0,C71555810,318323.43,414860.95,0,0
263,CASH_IN,220969.33,C332305474,37006.0,257975.33,C998361395,404366.55,183397.22,0,0
274,CASH_OUT,259833.09,C121658331,36944.0,0.0,C1658309550,0.0,259833.09,0,0
14,CASH_IN,59939.94,C235062151,937909.3,997849.23,C2119738619,349092.78,289152.84,0,0
567,PAYMENT,14269.32,C1617796296,589.0,0.0,M248223651,0.0,0.0,0,0
14,PAYMENT,5156.96,C2035986093,51140.0,45983.04,M1502820773,0.0,0.0,0,0
12,PAYMENT,1969.05,C1331244801,0.0,0.0,M931403463,0.0,0.0,0,0
153,PAYMENT,21076.06,C924674620,30363.0,9286.94,M1630367044,0.0,0.0,0,0
186,CASH_IN,215063.95,C1292081265,5787561.96,6002625.91,C1345852277,797467.81,582403.86,0,0
35,CASH_OUT,21637.71,C385981653,50491.0,28853.29,C1447218435,0.0,21637.71,0,0
283,PAYMENT,27658.88,C755468401,76849.67,49190.79,M70341522,0.0,0.0,0,0
184,CASH_OUT,61397.93,C2051079178,106206.0,44808.07,C744742086,567467.4,628865.34,0,0
252,PAYMENT,9204.49,C1828773916,0.0,0.0,M1250308178,0.0,0.0,0,0
323,CASH_IN,70196.11,C1109954846,15098.0,85294.11,C2081232272,1645831.92,1575635.81,0,0
45,PAYMENT,11322.09,C2064563553,41563.0,30240.91,M1234529620,0.0,0.0,0,0
184,CASH_OUT,104262.66,C92874727,0.0,0.0,C349795910,2909189.11,3013451.77,0,0
95,CASH_OUT,21830.99,C127078893,0.0,0.0,C465741984,4528998.91,4550829.9,0,0
33,CASH_IN,283894.27,C1295032764,13788806.03,14072700.3,C634490530,292107.58,8213.31,0,0
544,CASH_OUT,70509.17,C1859259300,10300.0,0.0,C1379609596,360157.29,430666.46,0,0
43,CASH_OUT,29534.63,C97988916,0.0,0.0,C91608705,674526.68,704061.31,0,0
311,PAYMENT,18967.06,C799353046,25088.0,6120.94,M1774280788,0.0,0.0,0,0
382,PAYMENT,11202.35,C1990350447,125.0,0.0,M1742360699,0.0,0.0,0,0
257,CASH_OUT,104042.33,C1000655544,3536.0,0.0,C1502372420,0.0,104042.33,0,0
131,PAYMENT,5395.65,C1544021329,58919.0,53523.35,M1557670824,0.0,0.0,0,0
203,CASH_OUT,73297.51,C1356958027,27073.0,0.0,C1824424575,0.0,73297.51,0,0
374,PAYMENT,820.29,C2076149740,0.0,0.0,M1554713318,0.0,0.0,0,0
355,CASH_OUT,128396.24,C446850855,1085.0,0.0,C198513489,3050926.58,3179322.82,0,0
159,CASH_OUT,162591.39,C47730998,29010.0,0.0,C413760632,2416027.19,2578618.58,0,0
644,PAYMENT,7757.62,C90526321,48822.62,41065.0,M1097195748,0.0,0.0,0,0
306,CASH_OUT,320331.78,C1857271051,1251.0,0.0,C475028668,1368632.45,1688964.23,0,0
15,TRANSFER,657419.31,C1304061544,323679.0,0.0,C1695689130,4592053.99,5249473.31,0,0
35,CASH_OUT,11071.06,C1956245467,0.0,0.0,C449805746,306248.43,317319.49,0,0
332,CASH_IN,87876.28,C925499243,872055.26,959931.54,C207646912,2901664.18,2813787.9,0,0
350,CASH_OUT,260609.94,C1443092174,0.0,0.0,C593496165,374386.0,634995.94,0,0
564,CASH_OUT,136960.58,C447990435,432006.38,295045.8,C1716364628,366193.97,503154.55,0,0
201,CASH_IN,339686.17,C413988645,307819.92,647506.09,C215084164,751393.44,411707.28,0,0
18,PAYMENT,6303.0,C1004368432,0.0,0.0,M144407512,0.0,0.0,0,0
402,CASH_OUT,402442.97,C1167883460,0.0,0.0,C594744648,2409059.88,2811502.85,0,0
259,TRANSFER,184631.03,C1382698840,0.0,0.0,C1220988859,311950.24,496581.28,0,0
278,CASH_OUT,108523.99,C897873001,133240.0,24716.01,C575639460,904218.24,1012742.24,0,0
303,CASH_IN,102782.23,C1046408621,3516268.2,3619050.42,C2060629311,1835331.6,1732549.37,0,0
10,PAYMENT,4388.63,C1085031237,1050682.71,1046294.08,M1994577825,0.0,0.0,0,0
37,TRANSFER,1086076.11,C671908580,18.0,0.0,C1812324808,409254.09,1495330.2,0,0
304,CASH_OUT,183661.9,C1129073906,0.0,0.0,C1560789001,658953.44,842615.34,0,0
225,CASH_OUT,118233.63,C1476169413,69475.0,0.0,C365230001,0.0,118233.63,0,0
277,CASH_IN,94147.81,C1513480246,10796746.73,10890894.54,C1364008990,264279.63,170131.82,0,0
300,PAYMENT,50862.32,C1773798557,105233.0,54370.68,M1648792502,0.0,0.0,0,0
159,CASH_OUT,362747.86,C384259481,0.0,0.0,C102911498,3115795.05,3478542.91,0,0
190,PAYMENT,2248.71,C51875187,107.0,0.0,M259934390,0.0,0.0,0,0
191,TRANSFER,175116.27,C946032469,0.0,0.0,C501736626,565482.68,740598.96,0,0
139,CASH_OUT,110089.31,C245910516,0.0,0.0,C343680565,971205.81,1081295.12,0,0
190,PAYMENT,10140.11,C183298707,21823.7,11683.59,M146442698,0.0,0.0,0,0
281,CASH_OUT,303582.12,C1680926968,101779.0,0.0,C1238911885,196620.06,500202.18,0,0
250,CASH_IN,241722.43,C343970790,10835.0,252557.43,C604237725,408273.24,166550.81,0,0
182,PAYMENT,5017.15,C1640984920,345125.78,340108.64,M1297379356,0.0,0.0,0,0
11,CASH_IN,341444.33,C1149117139,3717911.97,4059356.3,C688550272,760284.4,379813.64,0,0
324,DEBIT,2033.84,C1981295525,11163.0,9129.16,C723510510,1798969.69,1827219.61,0,0
354,PAYMENT,4732.4,C1275003799,0.0,0.0,M946399441,0.0,0.0,0,0
212,CASH_OUT,189381.84,C1331256346,20963.0,0.0,C1749698482,18809.84,208191.68,0,0
281,CASH_OUT,118916.24,C898422447,0.0,0.0,C1304730312,144527.41,263443.65,0,0
155,PAYMENT,8113.33,C1892708373,0.0,0.0,M1143674398,0.0,0.0,0,0
137,PAYMENT,7336.61,C1791224698,34375.0,27038.39,M2002858857,0.0,0.0,0,0
182,PAYMENT,1842.71,C2032580499,97007.75,95165.04,M501172793,0.0,0.0,0,0
256,CASH_IN,20738.52,C721134547,1930540.97,1951279.49,C376517752,176329.24,228145.3,0,0
279,PAYMENT,1423.88,C1415827575,127830.25,126406.36,M1482862500,0.0,0.0,0,0
21,TRANSFER,665271.38,C1457627311,0.0,0.0,C704021390,689213.26,1354484.65,0,0
205,CASH_OUT,144020.63,C621251108,17486.96,0.0,C1949050212,378571.78,522592.41,0,0
380,PAYMENT,8098.81,C605820197,9910.0,1811.19,M896191935,0.0,0.0,0,0
236,CASH_IN,180065.63,C104946246,143863.0,323928.63,C2065283975,526736.8,346671.17,0,0
39,CASH_IN,363539.12,C656599347,126592.0,490131.12,C96264759,0.0,0.0,0,0
304,PAYMENT,38699.05,C268170412,114096.15,75397.1,M236479885,0.0,0.0,0,0
400,CASH_OUT,268118.91,C1357728044,121240.98,0.0,C963148397,2037843.36,2305962.27,0,0
208,CASH_OUT,237629.06,C103643924,344214.0,106584.94,C410686175,3358158.56,3653642.86,0,0
188,TRANSFER,318870.53,C877777179,0.0,0.0,C1571901875,9130005.53,9448876.06,0,0
14,CASH_OUT,117510.75,C1030981590,222032.0,104521.25,C92253489,20938.0,0.0,0,0
249,CASH_OUT,370967.74,C495192957,0.0,0.0,C515630629,6856980.23,7227947.96,0,0
177,CASH_IN,462283.39,C2066049904,302757.0,765040.39,C1148773487,218896.75,0.0,0,0
358,PAYMENT,17895.7,C1016420875,84.0,0.0,M1422246982,0.0,0.0,0,0
37,CASH_OUT,250466.23,C710896989,122734.0,0.0,C1274972974,202258.24,452724.46,0,0
274,CASH_OUT,7847.8,C1056511127,0.0,0.0,C275593450,3637499.47,3645347.27,0,0
260,CASH_OUT,583.99,C1645338605,20403.0,19819.01,C823493178,413885.61,414469.6,0,0
321,CASH_IN,226820.12,C579993062,7746125.89,7972946.01,C1744019717,518367.52,291547.4,0,0
19,CASH_IN,127261.97,C1830475002,10882266.09,11009528.06,C441417757,306712.88,179450.91,0,0
164,PAYMENT,3618.13,C1138748977,679.0,0.0,M843926749,0.0,0.0,0,0
134,CASH_IN,127796.3,C1452026650,129524.0,257320.3,C2042062531,427177.48,299381.19,0,0
203,CASH_IN,148517.64,C1980310819,134858.0,283375.64,C322179216,294852.8,146335.16,0,0
355,PAYMENT,21765.4,C1797333253,626826.0,605060.6,M1637658082,0.0,0.0,0,0
306,CASH_IN,129415.11,C99591349,20710.0,150125.11,C241275753,73078.79,0.0,0,0
187,CASH_IN,58406.72,C220291313,247900.91,306307.63,C1387674302,8746346.44,8687939.72,0,0
394,PAYMENT,24914.73,C1282782372,246535.0,221620.27,M1626765145,0.0,0.0,0,0
10,PAYMENT,13670.13,C198841028,14036.0,365.87,M412952101,0.0,0.0,0,0
177,CASH_OUT,133730.31,C78545426,9984.0,0.0,C687383386,0.0,133730.31,0,0
95,CASH_OUT,48933.74,C1720261425,0.0,0.0,C2125196372,2674604.02,2723537.76,0,0
249,TRANSFER,380381.78,C2110318341,0.0,0.0,C568419755,8126515.68,8506897.46,0,0
185,CASH_OUT,11447.81,C1576676363,1436.0,0.0,C1333301440,242945.06,207615.87,0,0
230,CASH_IN,433185.93,C896692599,1753554.23,2186740.17,C828599091,1920100.2,1486914.26,0,0
19,CASH_OUT,57192.28,C1957415450,48714.0,0.0,C1094712572,2822210.53,2711136.37,0,0
304,CASH_IN,404769.83,C530885921,59580.0,464349.83,C586194222,628642.98,9437.08,0,0
158,DEBIT,2710.43,C2064937241,8547.0,5836.57,C1603954656,23317.51,26027.94,0,0
161,CASH_OUT,40962.01,C403705040,0.0,0.0,C398869984,1241154.17,1236954.9,0,0
277,CASH_OUT,169413.66,C1536952856,107834.0,0.0,C263049186,79611.14,249024.8,0,0
587,PAYMENT,17517.55,C341020229,251315.0,233797.45,M1911860553,0.0,0.0,0,0
347,CASH_OUT,268068.51,C866411681,0.0,0.0,C1729891129,361527.04,629595.55,0,0
258,CASH_IN,65791.36,C720980917,9904722.27,9970513.62,C2064240547,544115.37,478324.01,0,0
18,CASH_IN,179853.32,C689905494,75688.0,255541.32,C227319937,3133893.61,2839594.85,0,0
38,CASH_OUT,134869.35,C572760153,0.0,0.0,C630911413,26297984.38,26432853.72,0,0
328,CASH_OUT,323419.2,C1149505431,0.0,0.0,C1440231271,9795138.62,10118557.82,0,0
8,TRANSFER,632928.99,C1860045641,1745.0,0.0,C2135727675,6115.0,286319.74,0,0
43,CASH_IN,260599.25,C971339444,172.0,260771.25,C550001304,152267.57,0.0,0,0
370,TRANSFER,216504.94,C2014103400,0.0,0.0,C1429318584,2224576.21,2441081.16,0,0
250,CASH_IN,82934.22,C1618489427,329913.5,412847.72,C1077347054,405439.04,322504.81,0,0
375,CASH_OUT,160572.58,C762953466,51718.0,0.0,C198150968,197061.57,357634.15,0,0
139,PAYMENT,12546.99,C1925638557,539899.0,527352.01,M951098301,0.0,0.0,0,0
184,PAYMENT,6585.08,C760744827,50454.0,43868.92,M1700634222,0.0,0.0,0,0
164,PAYMENT,2861.36,C251260320,43367.0,40505.64,M1942684371,0.0,0.0,0,0
178,CASH_OUT,314704.17,C626943089,7992.0,0.0,C1029955204,938148.76,1252852.92,0,0
311,CASH_IN,153753.88,C1609518048,4516679.43,4670433.31,C727580391,274740.79,120986.91,0,0
348,CASH_OUT,231053.46,C66967898,101.0,0.0,C24367890,0.0,231053.46,0,0
301,CASH_OUT,272251.96,C374868226,0.0,0.0,C1232888293,4638595.79,4910847.75,0,0
402,PAYMENT,15063.0,C537334189,0.0,0.0,M332132818,0.0,0.0,0,0
162,TRANSFER,272848.33,C1228387547,0.0,0.0,C997503967,391540.94,664389.27,0,0
283,CASH_OUT,145716.13,C396877865,0.0,0.0,C63455014,3077873.7,3223589.83,0,0
44,CASH_OUT,89707.69,C489169368,18941.0,0.0,C536805263,0.0,89707.69,0,0
374,PAYMENT,23074.85,C658008788,242293.0,219218.15,M2075287887,0.0,0.0,0,0
157,CASH_OUT,452218.01,C627226049,12868.0,0.0,C271536551,602033.65,1054251.66,0,0
322,CASH_OUT,277194.43,C46735334,14973.0,0.0,C1902346737,1600911.0,1878105.44,0,0
405,PAYMENT,8625.16,C529763626,0.0,0.0,M1365249747,0.0,0.0,0,0
134,CASH_IN,179921.2,C197564121,2283496.21,2463417.41,C1196638263,639216.76,459295.56,0,0
185,CASH_OUT,59970.36,C791743172,75355.0,15384.64,C651583422,0.0,59970.36,0,0
166,CASH_OUT,61346.54,C1962535636,0.0,0.0,C305020785,298860.47,360207.01,0,0
229,PAYMENT,5701.27,C322934786,62579.61,56878.34,M471134131,0.0,0.0,0,0
42,CASH_OUT,286001.79,C1270776870,180.0,0.0,C74463565,155146.43,441148.22,0,0
306,CASH_IN,469447.87,C1914965139,15028.0,484475.87,C1249668009,171326.91,0.0,0,0
94,TRANSFER,473644.36,C1121585332,56181.0,0.0,C539912984,37421.97,511066.34,0,0
33,CASH_OUT,13546.58,C953786058,0.0,0.0,C283101808,223441.07,236987.65,0,0
232,CASH_IN,253141.85,C1034698914,15364145.13,15617286.99,C1636370094,326421.55,73279.7,0,0
14,CASH_IN,151373.79,C1122396875,5195610.68,5346984.47,C628707749,415617.04,0.0,0,0
204,CASH_OUT,43063.63,C184728444,0.0,0.0,C652326753,333177.87,376241.5,0,0
545,CASH_OUT,284571.9,C859461059,0.0,0.0,C1660837509,1442323.11,1726895.0,0,0
140,CASH_IN,130247.11,C1142521603,7570.0,137817.11,C1996294372,165355.41,35108.3,0,0
304,CASH_OUT,296724.03,C572261721,0.0,0.0,C132356123,1990277.39,2287001.42,0,0
162,CASH_IN,7662.66,C840423664,44073.0,51735.66,C1214686265,254108.36,0.0,0,0
37,CASH_OUT,34730.93,C1623726456,0.0,0.0,C1378486603,95576.71,130307.64,0,0
403,PAYMENT,27160.31,C665083033,21177.32,0.0,M737437570,0.0,0.0,0,0
20,PAYMENT,12687.5,C298906999,22.0,0.0,M2043501533,0.0,0.0,0,0
304,PAYMENT,24722.84,C1655202750,0.0,0.0,M1803734192,0.0,0.0,0,0
1,CASH_IN,46442.24,C2037806977,6027300.81,6073743.04,C601893033,101427.29,54985.05,0,0
212,PAYMENT,6410.28,C2116454209,0.0,0.0,M237674578,0.0,0.0,0,0
326,CASH_OUT,252517.18,C2131088263,9427.06,0.0,C1955028006,696817.85,949335.03,0,0
163,CASH_OUT,285149.67,C1282087189,0.0,0.0,C1723728844,719309.19,1004458.86,0,0
369,PAYMENT,13629.05,C356443014,5915.0,0.0,M1440358379,0.0,0.0,0,0
299,PAYMENT,2126.04,C4549023,0.0,0.0,M891805664,0.0,0.0,0,0
43,CASH_OUT,342905.88,C417972207,72096.0,0.0,C510613433,0.0,342905.88,0,0
22,CASH_IN,191999.77,C943673321,3401125.71,3593125.49,C1090426423,441668.83,249669.05,0,0
395,CASH_OUT,146117.2,C245905225,0.0,0.0,C1657232896,502161.86,648279.07,0,0
19,CASH_IN,39404.35,C1616481810,14736245.39,14775649.74,C302189206,46116.71,6712.37,0,0
19,PAYMENT,789.05,C1095397990,0.0,0.0,M115543500,0.0,0.0,0,0
277,CASH_OUT,156891.85,C970491110,0.0,0.0,C270994037,280298.89,437190.75,0,0
401,CASH_OUT,189998.36,C543859825,394.0,0.0,C351928460,469128.67,659127.03,0,0
396,CASH_IN,37408.74,C208013747,14405.0,51813.74,C84649823,137821.15,100412.41,0,0
231,TRANSFER,850035.73,C1347417860,14828.0,0.0,C1256009972,0.0,850035.73,0,0
330,CASH_OUT,84657.6,C850689461,151764.0,67106.4,C316140081,0.0,84657.6,0,0
612,TRANSFER,385335.81,C359188562,0.0,0.0,C1616806905,1737747.57,2123083.38,0,0
253,TRANSFER,72371.5,C856722939,0.0,0.0,C1973934667,431933.54,504305.04,0,0
182,PAYMENT,16402.89,C495325240,21068.0,4665.11,M506668937,0.0,0.0,0,0
35,CASH_OUT,115861.99,C1106120894,0.0,0.0,C165903084,2848112.96,2587560.8,0,0
120,PAYMENT,13751.74,C451694664,60816.0,47064.26,M2101709973,0.0,0.0,0,0
35,CASH_IN,191139.7,C979126355,168226.0,359365.7,C652286045,0.0,0.0,0,0
250,CASH_IN,50228.44,C708364445,19521916.19,19572144.63,C352745767,523669.36,473440.92,0,0
162,CASH_OUT,175805.68,C1876635262,198587.0,22781.32,C1028116967,0.0,175805.68,0,0
155,CASH_IN,368876.04,C259607794,1384.0,370260.04,C1876192997,0.0,0.0,0,0
228,CASH_IN,79608.15,C19975577,5409969.16,5489577.31,C1964165905,311506.99,231898.84,0,0
304,CASH_IN,121000.88,C1794873899,575895.0,696895.88,C1081346423,1088513.61,967512.73,0,0
17,PAYMENT,5975.16,C1727887773,15133.49,9158.32,M286206154,0.0,0.0,0,0
233,CASH_OUT,528667.92,C1797820403,76.0,0.0,C603200546,196755.43,725423.35,0,0
45,CASH_OUT,162598.94,C1265197741,72410.52,0.0,C107947216,294446.84,457045.78,0,0
687,CASH_OUT,62741.8,C436524016,382055.0,319313.2,C2147216328,3956136.79,4018878.59,0,0
120,PAYMENT,5149.82,C1771723961,0.0,0.0,M1278575343,0.0,0.0,0,0
599,PAYMENT,3496.07,C1862074609,22119.0,18622.93,M707283730,0.0,0.0,0,0
250,CASH_OUT,71271.3,C1982670476,50383.0,0.0,C1638156015,1039538.04,1110809.34,0,0
44,CASH_IN,225575.36,C436926224,11161.0,236736.36,C372210652,0.0,0.0,0,0
404,CASH_OUT,171425.52,C2096833846,7587.38,0.0,C869889620,639860.42,811285.94,0,0
517,PAYMENT,65044.17,C150484023,53056.0,0.0,M1957546833,0.0,0.0,0,0
156,PAYMENT,9757.91,C595121117,113299.52,103541.61,M162003512,0.0,0.0,0,0
251,CASH_OUT,24870.36,C625412961,0.0,0.0,C993884064,694624.83,719495.19,0,0
258,CASH_OUT,224262.48,C2127002887,0.0,0.0,C950286142,445080.25,669342.74,0,0
251,CASH_OUT,144772.2,C326346390,338.0,0.0,C444545957,0.0,144772.2,0,0
228,CASH_IN,174649.0,C410598699,164516.15,339165.15,C1778469130,184384.44,9735.44,0,0
162,CASH_OUT,165943.25,C243305160,0.0,0.0,C1729656905,281053.5,446996.75,0,0
324,CASH_OUT,203692.89,C1796257337,30689.0,0.0,C1679442062,101209.9,304902.79,0,0
261,CASH_OUT,52793.71,C1557608684,0.0,0.0,C1385920351,2937993.75,2990787.46,0,0
189,CASH_OUT,478.46,C627267812,6004.0,5525.54,C597159026,2921600.79,2922079.24,0,0
250,CASH_OUT,80473.9,C454758326,80339.0,0.0,C1275379663,484310.83,564784.73,0,0
597,CASH_IN,403903.79,C775147591,1400916.17,1804819.96,C1324569338,20561313.53,20157409.74,0,0
369,PAYMENT,26311.72,C282683054,90067.0,63755.28,M1107288950,0.0,0.0,0,0
181,PAYMENT,32700.9,C1131147619,73167.0,40466.1,M1769277132,0.0,0.0,0,0
8,PAYMENT,522.22,C1381895283,0.0,0.0,M2060825992,0.0,0.0,0,0
167,PAYMENT,3569.72,C1369267759,32834.0,29264.28,M1836369762,0.0,0.0,0,0
235,CASH_OUT,163609.05,C1466656961,12439.0,0.0,C1046580913,4745482.6,4909091.65,0,0
216,PAYMENT,9421.83,C1661685310,30993.0,21571.17,M623942370,0.0,0.0,0,0
229,CASH_IN,336454.61,C1994328333,11221.0,347675.61,C658422178,0.0,0.0,0,0
260,CASH_OUT,75078.31,C990335337,377302.0,302223.69,C1476644273,409275.59,484353.9,0,0
204,CASH_IN,6100.98,C1356426340,1511356.24,1517457.22,C10873128,277200.28,271099.3,0,0
9,CASH_IN,381847.42,C1726550049,556167.06,938014.48,C1634190383,856007.47,849253.45,0,0
252,CASH_OUT,191891.59,C1075995554,1850.0,0.0,C231389004,0.0,191891.59,0,0
260,CASH_OUT,105429.39,C2036904145,0.0,0.0,C69698692,302675.43,408104.82,0,0
187,CASH_IN,52529.48,C774477888,348231.49,400760.97,C343817190,150721.19,98191.7,0,0
321,CASH_IN,184396.91,C929794107,36387.0,220783.91,C1557342987,11292.92,0.0,0,0
17,PAYMENT,3377.65,C1873796092,358189.46,354811.81,M1092490061,0.0,0.0,0,0
180,CASH_OUT,49993.85,C1279023678,0.0,0.0,C1197805755,6253711.09,6303704.94,0,0
41,PAYMENT,9884.77,C72575710,939474.37,929589.6,M247221072,0.0,0.0,0,0
323,CASH_OUT,31685.59,C1537639352,110008.0,78322.41,C1958221092,0.0,31685.59,0,0
18,TRANSFER,77856.9,C980066375,0.0,0.0,C318978263,80982.0,0.0,0,0
165,PAYMENT,653.9,C1807586694,0.0,0.0,M2011246048,0.0,0.0,0,0
33,CASH_OUT,101773.64,C1847064966,0.0,0.0,C518369125,135424.69,237198.33,0,0
44,TRANSFER,626660.7,C901660753,0.0,0.0,C1489234944,1429714.09,2056374.79,0,0
230,PAYMENT,5100.29,C1534886815,1717.0,0.0,M375723318,0.0,0.0,0,0
348,CASH_IN,243199.08,C1449941011,11116.0,254315.08,C1108571049,200083.15,0.0,0,0
18,CASH_OUT,208061.33,C1652276000,0.0,0.0,C1886942808,2508360.49,2716421.82,0,0
35,PAYMENT,6669.09,C551119228,62996.51,56327.42,M1286591847,0.0,0.0,0,0
156,CASH_OUT,169910.31,C2108008479,0.0,0.0,C1658016240,198700.05,368610.35,0,0
333,PAYMENT,3146.75,C237543644,3695.32,548.57,M1067204670,0.0,0.0,0,0
251,PAYMENT,35303.13,C1616290152,51424.0,16120.87,M685900306,0.0,0.0,0,0
256,CASH_IN,222708.27,C1721114823,90872.0,313580.27,C2122837554,0.0,0.0,0,0
226,CASH_OUT,361032.98,C238344510,180641.0,0.0,C753054136,161152.92,522185.89,0,0
229,PAYMENT,15382.21,C1947227485,23496.0,8113.79,M179027454,0.0,0.0,0,0
303,PAYMENT,15107.01,C1213786737,0.0,0.0,M1851863017,0.0,0.0,0,0
132,PAYMENT,26524.67,C100069464,25723.0,0.0,M947362912,0.0,0.0,0,0
13,CASH_OUT,35762.0,C1234175328,29870.0,0.0,C1149582388,0.0,0.0,0,0
235,CASH_OUT,109554.62,C582374445,0.0,0.0,C876883658,636258.1,745812.72,0,0
251,PAYMENT,35901.31,C1130968679,230447.95,194546.64,M2080882008,0.0,0.0,0,0
377,CASH_OUT,124813.76,C2041033989,0.0,0.0,C1661372411,708102.05,832915.82,0,0
13,TRANSFER,180361.6,C1424231967,0.0,0.0,C951732022,518537.09,698898.69,0,0
140,CASH_OUT,273979.03,C1655455612,0.0,0.0,C762526638,308571.15,582550.18,0,0
254,PAYMENT,6706.51,C1922838216,80924.03,74217.52,M1033936758,0.0,0.0,0,0
140,CASH_OUT,31235.31,C1091780797,0.0,0.0,C1246471431,1250161.27,1281396.58,0,0
377,CASH_IN,99000.71,C1394660468,4104500.0,4203500.71,C1954584147,305131.63,206130.92,0,0
399,PAYMENT,28553.09,C1607069872,201344.0,172790.91,M318476917,0.0,0.0,0,0
132,PAYMENT,1966.08,C559601637,0.0,0.0,M2118075056,0.0,0.0,0,0
137,CASH_IN,82109.88,C472068547,7584.0,89693.88,C187564652,0.0,0.0,0,0
11,CASH_OUT,34329.13,C518213848,33775.0,0.0,C1899458851,1090140.16,1124469.29,0,0
505,DEBIT,800.06,C1409799915,205495.0,204694.94,C7096437,75097.13,75897.18,0,0
201,PAYMENT,8584.31,C832128945,52784.0,44199.69,M497337716,0.0,0.0,0,0
256,PAYMENT,13533.87,C894632727,0.0,0.0,M1235277009,0.0,0.0,0,0
308,CASH_OUT,94457.88,C336752458,0.0,0.0,C72392056,1610104.06,1704561.94,0,0
42,CASH_OUT,173520.8,C623396011,0.0,0.0,C330208735,214190.8,387711.6,0,0
328,PAYMENT,724.83,C1141469497,0.0,0.0,M475489149,0.0,0.0,0,0
304,CASH_OUT,148659.8,C647760943,305770.0,157110.2,C1025792795,0.0,148659.8,0,0
186,CASH_OUT,204669.11,C57958702,0.0,0.0,C822476275,8425445.25,8630114.37,0,0
250,CASH_IN,117309.75,C1239450216,74299.0,191608.75,C2030371122,386666.33,269356.58,0,0
378,TRANSFER,426809.75,C43750327,0.0,0.0,C2007170778,446020.82,872830.58,0,0
130,CASH_IN,24321.79,C641757470,1975882.18,2000203.97,C440143685,180799.02,156477.23,0,0
182,TRANSFER,344860.7,C1594731913,0.0,0.0,C1023059185,2793426.1,3138286.8,0,0
16,CASH_OUT,81384.83,C2061516463,0.0,0.0,C98639111,171796.39,206812.15,0,0
206,PAYMENT,17234.44,C850313702,128389.0,111154.56,M619272356,0.0,0.0,0,0
41,CASH_IN,53659.57,C197126959,4539887.84,4593547.41,C1899017066,2325705.28,2272045.71,0,0
210,CASH_OUT,37359.34,C962046406,0.0,0.0,C380327906,808705.6,846064.93,0,0
369,CASH_IN,269393.54,C1122019357,16250.0,285643.54,C1432928060,21253.2,0.0,0,0
281,DEBIT,5479.14,C537589220,502347.0,496867.86,C872036727,60918.29,66397.43,0,0
282,PAYMENT,22271.66,C578598045,67559.84,45288.19,M155289795,0.0,0.0,0,0
19,CASH_IN,5239.31,C1379454137,5075089.76,5080329.07,C573017234,1947601.07,1942361.76,0,0
45,PAYMENT,14045.45,C464419140,34876.4,20830.96,M505847030,0.0,0.0,0,0
379,CASH_OUT,159036.19,C114537316,0.0,0.0,C1688833065,2315477.88,2474514.07,0,0
250,PAYMENT,1480.41,C1724515408,460050.99,458570.58,M286210792,0.0,0.0,0,0
134,CASH_OUT,105582.6,C1740177866,43194.0,0.0,C1354283763,1860995.1,1966577.7,0,0
332,PAYMENT,7518.76,C342733601,117.0,0.0,M1770085896,0.0,0.0,0,0
400,CASH_IN,208125.08,C1056718910,114575.0,322700.08,C1206256046,23806.32,0.0,0,0
234,CASH_IN,83858.57,C948745329,4616527.92,4700386.49,C517329817,331980.23,248121.66,0,0
305,CASH_OUT,115244.16,C944873501,701.0,0.0,C326518086,0.0,115244.16,0,0
231,CASH_OUT,197437.06,C384354478,0.0,0.0,C1878441856,1254858.31,1452295.36,0,0
44,CASH_OUT,158596.82,C1588671459,0.0,0.0,C1126506281,2029433.4,2188030.22,0,0
17,PAYMENT,20352.0,C1592126879,228322.18,207970.17,M1846146276,0.0,0.0,0,0
13,CASH_OUT,75925.05,C1646095838,0.0,0.0,C863357957,2172319.09,2248244.15,0,0
260,CASH_IN,282118.38,C1624053034,5397331.85,5679450.23,C1234971247,2891327.7,2609209.32,0,0
335,CASH_IN,153358.21,C1723160380,4149531.64,4302889.85,C100147559,852090.99,698732.78,0,0
351,CASH_OUT,230969.23,C919181371,0.0,0.0,C846720919,309279.34,540248.57,0,0
19,PAYMENT,7988.09,C2122139098,0.0,0.0,M1364946362,0.0,0.0,0,0
407,CASH_IN,108034.3,C1931573899,4357392.56,4465426.86,C1552048375,2410237.68,2302203.38,0,0
275,TRANSFER,1117000.03,C973181766,0.0,0.0,C1216254870,1250653.65,2367653.67,0,0
10,PAYMENT,10099.94,C833690232,45817.0,35717.06,M1902520066,0.0,0.0,0,0
304,TRANSFER,19724434.23,C1842795401,28526.06,0.0,C602402217,37463179.39,77730831.86,0,0
300,PAYMENT,6081.18,C1359263454,0.0,0.0,M1929146753,0.0,0.0,0,0
180,CASH_OUT,208907.6,C53704482,0.0,0.0,C844898840,242814.92,451722.52,0,0
285,PAYMENT,1585.94,C906306789,149.0,0.0,M1565574008,0.0,0.0,0,0
380,CASH_IN,81747.93,C1633212917,22117549.54,22199297.47,C1513298278,1472491.72,1390743.8,0,0
132,PAYMENT,5960.89,C505519086,107873.0,101912.11,M1695794427,0.0,0.0,0,0
39,CASH_IN,540125.29,C91296057,6713.0,546838.29,C1377735234,2316254.88,1776129.59,0,0
326,PAYMENT,6671.8,C1869179239,72570.0,65898.2,M324857510,0.0,0.0,0,0
13,TRANSFER,154901.06,C472995714,0.0,0.0,C1078235766,188394.46,204525.92,0,0
257,CASH_IN,45258.55,C146645705,11144.0,56402.55,C1851176521,0.0,0.0,0,0
375,CASH_IN,184551.39,C1152265398,13040616.27,13225167.66,C1007595772,262286.98,77735.59,0,0
210,CASH_OUT,256884.14,C1747879336,0.0,0.0,C1065303427,4616335.87,4873220.01,0,0
256,CASH_IN,176003.85,C1621400051,730874.42,906878.27,C1698593276,6934889.58,6758885.73,0,0
251,PAYMENT,12170.9,C1249637861,41736.0,29565.1,M1546920018,0.0,0.0,0,0
9,CASH_IN,270021.99,C2109062834,54581.0,324602.99,C1865370526,92722.24,0.0,0,0
250,PAYMENT,2915.35,C2967777,0.0,0.0,M1794207058,0.0,0.0,0,0
236,CASH_IN,406575.74,C1989290642,1625233.45,2031809.19,C683583019,533819.69,127243.95,0,0
11,CASH_IN,210492.34,C2022200062,278254.44,488746.78,C1353512285,526863.19,698219.65,0,0
354,PAYMENT,4603.52,C2065491623,50608.0,46004.48,M1981759796,0.0,0.0,0,0
204,TRANSFER,239931.1,C893023747,0.0,0.0,C331448150,664008.81,903939.91,0,0
301,CASH_IN,108457.89,C1123858310,18471654.88,18580112.77,C2093238029,1397230.07,1545442.77,0,0
10,PAYMENT,10497.44,C1437673029,231289.0,220791.56,M918373161,0.0,0.0,0,0
158,TRANSFER,167666.51,C2095837881,463474.83,295808.32,C1760554809,2539179.07,2706845.59,0,0
186,CASH_OUT,94579.48,C1610335303,0.0,0.0,C1220025796,2776753.99,2871333.48,0,0
303,CASH_OUT,665409.25,C545409879,295841.0,0.0,C540921867,984735.94,1650145.19,0,0
164,CASH_IN,136378.62,C1718738405,873154.54,1009533.16,C240276055,374556.84,238178.22,0,0
305,PAYMENT,12272.34,C169482586,189097.53,176825.19,M174943489,0.0,0.0,0,0
204,CASH_IN,234868.29,C1573242372,0.0,234868.29,C433977547,829812.08,594943.78,0,0
153,PAYMENT,7257.27,C825965276,0.0,0.0,M1084125974,0.0,0.0,0,0
135,DEBIT,232.5,C1618030074,49698.0,49465.5,C484124907,88826.04,89058.54,0,0
399,PAYMENT,4822.58,C1014715550,0.0,0.0,M88368342,0.0,0.0,0,0
355,CASH_OUT,279346.57,C100373952,0.0,0.0,C1079297265,1336042.53,1615389.1,0,0
183,PAYMENT,2086.02,C222015289,422.0,0.0,M147557581,0.0,0.0,0,0
201,CASH_IN,72959.97,C2038944524,2371905.34,2444865.31,C1009195400,2936535.12,2863575.15,0,0
659,PAYMENT,22122.68,C784819889,0.0,0.0,M953487646,0.0,0.0,0,0
379,PAYMENT,4480.57,C1298832209,35813.0,31332.43,M877624605,0.0,0.0,0,0
179,CASH_OUT,228135.22,C606590463,0.0,0.0,C1598454946,390187.02,618322.25,0,0
129,CASH_OUT,130381.67,C1949777575,0.0,0.0,C1781467470,462463.48,592845.15,0,0
250,CASH_IN,202784.15,C1132934977,53420.0,256204.15,C2014277342,0.0,0.0,0,0
278,PAYMENT,4666.58,C494052917,57914.58,53248.0,M396639879,0.0,0.0,0,0
408,TRANSFER,515414.65,C86058828,27245.0,0.0,C2122827741,0.0,515414.65,0,0
228,CASH_OUT,221557.81,C1215805105,14478.0,0.0,C776290381,957203.94,1178761.75,0,0
398,PAYMENT,22042.62,C188458064,153490.0,131447.38,M1561242410,0.0,0.0,0,0
284,CASH_OUT,291179.62,C1236227672,0.0,0.0,C528051320,1754489.43,2045669.05,0,0
142,PAYMENT,8444.22,C1778036870,99480.0,91035.78,M1773767572,0.0,0.0,0,0
399,CASH_OUT,33553.83,C1795229549,613724.36,580170.52,C1668183574,597070.98,630624.81,0,0
207,CASH_OUT,232209.92,C852337974,15320.0,0.0,C676893927,264514.03,496723.96,0,0
202,TRANSFER,398223.24,C1957254936,0.0,0.0,C1142071453,1606956.15,2005179.39,0,0
20,CASH_OUT,34109.18,C1626762843,0.0,0.0,C1965816690,150108.58,184217.76,0,0
20,PAYMENT,4926.45,C892809123,255430.0,250503.55,M1866598028,0.0,0.0,0,0
231,CASH_IN,167562.64,C724438172,1448409.03,1615971.66,C1675290549,1147360.31,979797.67,0,0
306,PAYMENT,3198.29,C1399533284,15776.0,12577.71,M241422975,0.0,0.0,0,0
284,CASH_IN,100972.8,C212352155,3410928.98,3511901.77,C1930129803,177750.55,76777.75,0,0
133,CASH_OUT,16131.74,C846907423,0.0,0.0,C404815150,142631.49,158763.23,0,0
40,PAYMENT,1003.39,C551260292,55257.93,54254.54,M399577783,0.0,0.0,0,0
381,CASH_OUT,92766.29,C2138002644,148531.0,55764.71,C484691279,0.0,92766.29,0,0
35,PAYMENT,3519.61,C111631772,7553.0,4033.39,M1100507372,0.0,0.0,0,0
164,CASH_IN,231693.34,C1055331982,5406896.58,5638589.92,C1025242698,561081.12,329387.78,0,0
404,CASH_OUT,105757.59,C1319598563,0.0,0.0,C190361359,833030.57,938788.17,0,0
19,CASH_IN,117252.3,C981547537,6008.0,123260.3,C920627879,29655.0,0.0,0,0
403,PAYMENT,15616.84,C1687916294,32225.0,16608.16,M828107988,0.0,0.0,0,0
184,CASH_IN,14718.7,C1117593224,1528537.68,1543256.38,C233955428,648549.82,633831.11,0,0
11,PAYMENT,5762.98,C1265000240,0.0,0.0,M290222290,0.0,0.0,0,0
260,PAYMENT,8074.94,C1870526477,514.0,0.0,M213549838,0.0,0.0,0,0
15,CASH_OUT,34437.48,C1803057687,698502.6,664065.12,C467642285,0.0,34437.48,0,0
354,TRANSFER,228501.71,C760968303,0.0,0.0,C1073741752,666572.96,895074.67,0,0
235,CASH_OUT,172971.89,C1694023052,0.0,0.0,C2038208617,2983740.49,3194838.69,0,0
260,CASH_OUT,63209.51,C920763588,0.0,0.0,C1488789593,591996.23,655205.75,0,0
158,CASH_IN,204681.37,C580566180,13455969.6,13660650.97,C388897348,2841506.0,2636824.63,0,0
22,CASH_IN,510630.75,C1343312986,8540428.05,9051058.8,C1736918986,1003659.6,493028.85,0,0
353,PAYMENT,8328.88,C1511783595,515338.0,507009.12,M1116012066,0.0,0.0,0,0
206,TRANSFER,233607.32,C1846600273,0.0,0.0,C966429962,434978.88,668586.2,0,0
96,PAYMENT,6471.42,C1361641296,0.0,0.0,M1472899180,0.0,0.0,0,0
256,CASH_IN,93483.08,C2008774096,2518359.13,2611842.21,C236758694,1774150.39,1680667.31,0,0
9,CASH_OUT,257584.95,C1232073284,16636.0,0.0,C1470515582,0.0,129642.42,0,0
306,CASH_OUT,152655.77,C1093895617,0.0,0.0,C639137192,3678015.62,3830671.38,0,0
330,CASH_OUT,437647.63,C1592697311,0.0,0.0,C1607471178,513123.17,950770.8,0,0
12,CASH_IN,89708.03,C1277187433,13618546.28,13708254.32,C478816447,2273051.34,2183343.31,0,0
227,PAYMENT,59259.64,C709956712,15824.0,0.0,M411775920,0.0,0.0,0,0
163,CASH_OUT,126910.83,C817013163,8235.0,0.0,C1606716156,0.0,126910.83,0,0
349,PAYMENT,49588.73,C459096305,16386.0,0.0,M441552772,0.0,0.0,0,0
305,CASH_OUT,117357.96,C1814488923,12711.0,0.0,C42230105,84124.88,201482.84,0,0
262,CASH_IN,209192.37,C1945729886,16588454.88,16797647.25,C1541356473,966449.04,757256.67,0,0
379,TRANSFER,109503.01,C1773269020,314635.0,205131.99,C956520259,0.0,109503.01,0,0
350,CASH_IN,334474.14,C808508521,3744797.57,4079271.71,C1975083683,388996.53,54522.39,0,0
38,CASH_OUT,54978.28,C1097083069,0.0,0.0,C2048528025,69652.72,174187.21,0,0
326,CASH_OUT,713119.88,C216959304,0.0,0.0,C1559955237,5794697.12,6507817.01,0,0
253,CASH_IN,492977.38,C193643373,27578.0,520555.38,C1129957485,1116535.38,623558.0,0,0
9,TRANSFER,687734.01,C2079579934,50544.0,0.0,C2068216232,556924.91,1244658.92,0,0
380,CASH_IN,233555.63,C274464700,398408.0,631963.63,C1935275204,0.0,0.0,0,0
394,PAYMENT,14637.23,C1318350187,51140.66,36503.43,M649033906,0.0,0.0,0,0
184,TRANSFER,218197.42,C750619670,130471.0,0.0,C302761679,0.0,218197.42,0,0
298,CASH_IN,76915.82,C158782030,7614255.28,7691171.1,C453985262,90227.03,13311.21,0,0
257,PAYMENT,13588.34,C1501852561,0.0,0.0,M2716617,0.0,0.0,0,0
346,CASH_IN,266747.36,C1229103469,82.0,266829.36,C1542338521,0.0,0.0,0,0
232,CASH_IN,272837.12,C1005187979,7679873.03,7952710.15,C876904201,1213840.14,941003.02,0,0
186,CASH_OUT,78697.66,C592447554,0.0,0.0,C1461720902,1097547.42,976526.2,0,0
324,CASH_IN,1823.39,C984511999,22212.0,24035.39,C1137637240,817229.62,815406.24,0,0
38,TRANSFER,994569.48,C1981386599,0.0,0.0,C598132143,2325502.97,3320072.45,0,0
235,PAYMENT,1027.69,C1730869236,219017.05,217989.36,M957410838,0.0,0.0,0,0
136,PAYMENT,14573.03,C97216736,0.0,0.0,M1166432293,0.0,0.0,0,0
691,PAYMENT,4716.59,C1517034529,30781.0,26064.41,M1126815506,0.0,0.0,0,0
21,TRANSFER,117176.34,C1254166037,13197.0,0.0,C1418781611,0.0,117176.34,0,0
134,PAYMENT,3644.01,C1216714894,117169.0,113524.99,M156143940,0.0,0.0,0,0
203,CASH_IN,67349.12,C1754896456,4164010.08,4231359.2,C512419183,1023076.47,955727.36,0,0
205,PAYMENT,13388.35,C1623669195,70710.0,57321.65,M280838851,0.0,0.0,0,0
234,CASH_IN,217801.95,C623464982,31212.0,249013.95,C1300068206,113785.61,0.0,0,0
154,PAYMENT,9967.23,C438832419,0.0,0.0,M825144887,0.0,0.0,0,0
37,PAYMENT,2807.89,C965785418,0.0,0.0,M1645791894,0.0,0.0,0,0
328,TRANSFER,9202694.12,C2130293395,24869.0,0.0,C1488784031,9910.02,9212604.14,0,0
13,PAYMENT,1308.92,C431495940,6052.45,4743.54,M570444610,0.0,0.0,0,0
209,CASH_IN,222855.58,C1707179773,6027700.75,6250556.33,C169152884,3870638.25,3647782.67,0,0
281,PAYMENT,6787.96,C1032604807,0.0,0.0,M1216144275,0.0,0.0,0,0
275,CASH_OUT,343196.85,C1010524874,107016.0,0.0,C2054221503,924271.26,1267468.1,0,0
396,CASH_IN,230364.87,C1390272817,18354637.57,18585002.44,C1306132545,307689.99,77325.13,0,0
210,CASH_IN,242942.79,C836940556,1246831.32,1489774.11,C1933382491,862126.43,619183.65,0,0
378,CASH_OUT,58314.1,C1417664150,75520.0,17205.9,C303839764,0.0,58314.1,0,0
384,PAYMENT,29731.36,C505117723,4456.9,0.0,M602243866,0.0,0.0,0,0
140,PAYMENT,242.96,C208568360,15616.0,15373.04,M374811132,0.0,0.0,0,0
205,PAYMENT,3542.54,C1904260494,95158.11,91615.57,M1292376951,0.0,0.0,0,0
297,TRANSFER,301437.48,C798537709,0.0,0.0,C1962590212,503678.94,805116.42,0,0
323,TRANSFER,521181.45,C426341716,0.0,0.0,C901592001,1983187.29,2504368.74,0,0
353,CASH_OUT,223958.9,C1746155690,16073.0,0.0,C1075962436,1486003.47,1709962.37,0,0
42,CASH_OUT,163395.51,C1503662481,34621.0,0.0,C1040988184,159791.07,323186.58,0,0
283,CASH_OUT,197533.37,C1975348833,53968.0,0.0,C1910303979,519111.94,716645.32,0,0
298,PAYMENT,37764.21,C1924032829,0.0,0.0,M306426324,0.0,0.0,0,0
396,CASH_OUT,21303.67,C28158983,0.0,0.0,C1412635870,4162199.6,4183503.26,0,0
356,CASH_OUT,242491.29,C438960263,0.0,0.0,C286622811,4467970.09,4710461.38,0,0
307,CASH_OUT,169317.43,C1034096572,0.0,0.0,C47507632,1417030.76,1586348.19,0,0
420,CASH_OUT,220566.74,C1240441005,20656.0,0.0,C1555866025,626577.31,847144.06,0,0
308,CASH_OUT,168005.68,C1136169775,229048.74,61043.07,C1061220739,230870.37,398876.05,0,0
281,PAYMENT,2496.22,C39292483,0.0,0.0,M1455099635,0.0,0.0,0,0
131,CASH_IN,70106.39,C334165361,2753768.35,2823874.74,C1445073744,5802271.05,5732164.66,0,0
183,CASH_OUT,202284.94,C762983263,0.0,0.0,C1421826342,3177022.54,3379307.48,0,0
332,CASH_OUT,109997.81,C411127903,0.0,0.0,C1854443711,341701.34,451699.15,0,0
188,CASH_OUT,53873.17,C1227347598,75513.24,21640.07,C1191137164,5625531.48,5679404.65,0,0
129,CASH_IN,56488.92,C1245903152,10250749.22,10307238.14,C414529223,86048.15,29559.23,0,0
355,PAYMENT,16767.57,C1145922062,0.0,0.0,M689659255,0.0,0.0,0,0
259,PAYMENT,7510.86,C2022241037,7604.47,93.61,M446031805,0.0,0.0,0,0
228,CASH_IN,99620.87,C1877085099,159351.0,258971.87,C197050297,406821.9,307201.04,0,0
449,CASH_IN,271691.91,C1649886574,7420376.01,7692067.92,C123718311,725430.29,453738.38,0,0
347,CASH_IN,272938.9,C25524507,1354268.83,1627207.74,C1966333167,4105843.61,3832904.7,0,0
137,TRANSFER,258246.34,C70994611,29831.0,0.0,C1797282967,347442.85,605689.19,0,0
182,PAYMENT,3946.79,C1073220717,20969.0,17022.21,M200224868,0.0,0.0,0,0
256,CASH_OUT,124665.55,C627797226,291.0,0.0,C1874994820,1194053.08,1318718.63,0,0
179,CASH_IN,50389.4,C1233407662,9037870.66,9088260.06,C903755203,2236251.22,2216019.25,0,0
132,PAYMENT,26408.76,C1786481465,0.0,0.0,M69535279,0.0,0.0,0,0
159,TRANSFER,1170719.74,C556857632,40682.0,0.0,C131413213,0.0,1031716.41,0,0
378,PAYMENT,4452.81,C1496445108,51212.0,46759.19,M1975444265,0.0,0.0,0,0
193,PAYMENT,6529.94,C1582904338,0.0,0.0,M1116193320,0.0,0.0,0,0
21,CASH_IN,206750.27,C1068194128,17485.0,224235.27,C1916256663,0.0,0.0,0,0
208,CASH_OUT,116669.77,C546024126,0.0,0.0,C1460221297,2705688.56,2822358.33,0,0
20,PAYMENT,3990.53,C1883754098,132073.6,128083.07,M449729871,0.0,0.0,0,0
206,TRANSFER,946558.47,C1115345220,5518.0,0.0,C1202066352,672275.04,1618833.5,0,0
380,PAYMENT,3689.65,C1208993829,1263.0,0.0,M1680353029,0.0,0.0,0,0
548,CASH_OUT,222496.58,C256686973,61853.0,0.0,C469678864,705855.45,928352.03,0,0
204,PAYMENT,9590.72,C894606558,0.0,0.0,M1046795920,0.0,0.0,0,0
21,CASH_OUT,10791.13,C1904073214,10234.0,0.0,C1700543499,493779.83,504570.95,0,0
321,PAYMENT,12696.26,C825299556,967.43,0.0,M2045942273,0.0,0.0,0,0
38,PAYMENT,3990.65,C1123728695,0.0,0.0,M1537331629,0.0,0.0,0,0
131,CASH_IN,201074.51,C1150082705,10964.0,212038.51,C1677631604,543553.76,342479.25,0,0
180,PAYMENT,3611.53,C1647427039,21571.0,17959.47,M1547394677,0.0,0.0,0,0
14,CASH_OUT,137998.33,C1251729809,0.0,0.0,C295922423,1792576.6,2952628.62,0,0
234,CASH_OUT,183399.48,C1789364853,0.0,0.0,C842020437,1018424.59,1201824.07,0,0
324,CASH_IN,99885.89,C53107446,18390748.24,18490634.13,C1621754441,413069.01,313183.12,0,0
398,CASH_OUT,227119.66,C941266086,29908.0,0.0,C986812496,0.0,227119.66,0,0
37,PAYMENT,4777.11,C326887209,0.0,0.0,M1101006810,0.0,0.0,0,0
139,PAYMENT,9357.96,C653788073,1445.0,0.0,M1144631872,0.0,0.0,0,0
35,CASH_IN,69104.76,C1051972975,6881026.7,6950131.46,C365242741,1218024.87,1198454.88,0,0
692,PAYMENT,5890.1,C1055034580,11341.0,5450.9,M666944306,0.0,0.0,0,0
302,PAYMENT,6580.24,C337200958,3216.98,0.0,M604565885,0.0,0.0,0,0
354,CASH_OUT,207487.65,C504073025,16042.0,0.0,C1379897049,11302247.88,11509735.52,0,0
232,CASH_IN,19624.03,C731466,5240135.94,5259759.97,C930049545,166931.87,147307.84,0,0
136,CASH_IN,119254.85,C747972106,27650.0,146904.85,C1970776617,84123.11,0.0,0,0
303,PAYMENT,4387.48,C1979357872,178210.74,173823.26,M1611600038,0.0,0.0,0,0
400,TRANSFER,140585.92,C402213859,0.0,0.0,C1093808596,209006.88,349592.8,0,0
230,CASH_OUT,24898.85,C1575541283,0.0,0.0,C1335912837,1357634.33,1382533.19,0,0
279,CASH_OUT,341248.78,C1092487311,0.0,0.0,C1790337022,1913589.23,2254838.0,0,0
329,PAYMENT,43193.41,C918038220,5138.0,0.0,M1828014683,0.0,0.0,0,0
234,PAYMENT,10805.21,C1348365070,414889.56,404084.35,M419806640,0.0,0.0,0,0
356,CASH_OUT,25540.99,C1723904446,202654.0,177113.01,C1486971046,130772.48,156313.47,0,0
204,CASH_OUT,295983.85,C1960241714,0.0,0.0,C1622381503,4163139.52,4459123.38,0,0
156,TRANSFER,213724.51,C444629586,0.0,0.0,C1917642117,475866.51,689591.02,0,0
251,PAYMENT,2011.52,C2096652942,0.0,0.0,M1800484865,0.0,0.0,0,0
403,CASH_OUT,167666.18,C36724306,0.0,0.0,C438422853,263768.63,431434.81,0,0
136,PAYMENT,14208.11,C1301619708,0.0,0.0,M1246796606,0.0,0.0,0,0
14,PAYMENT,2685.4,C1648390960,74674.9,71989.5,M117875593,0.0,0.0,0,0
289,PAYMENT,9428.15,C797253926,102293.0,92864.85,M2120607493,0.0,0.0,0,0
347,TRANSFER,1845600.2,C225194894,8316.0,0.0,C371684665,13333557.05,15179157.25,0,0
284,PAYMENT,53397.91,C727115179,0.0,0.0,M364771022,0.0,0.0,0,0
16,PAYMENT,23357.51,C139193536,0.0,0.0,M1517294531,0.0,0.0,0,0
138,PAYMENT,17343.57,C2084587795,0.0,0.0,M2009738732,0.0,0.0,0,0
325,CASH_IN,26115.99,C797835871,4795010.91,4821126.9,C161349047,15995193.98,15969077.99,0,0
228,CASH_OUT,39872.75,C1645590137,0.0,0.0,C643640327,315808.12,355680.87,0,0
356,PAYMENT,10997.07,C633607682,0.0,0.0,M614622562,0.0,0.0,0,0
298,CASH_OUT,6516.99,C192669724,10329.0,3812.01,C1908947412,1387304.79,1393821.77,0,0
307,PAYMENT,48299.72,C753752846,0.0,0.0,M521660793,0.0,0.0,0,0
522,TRANSFER,2980914.44,C741932158,0.0,0.0,C1643556001,13048582.49,16029496.93,0,0
153,CASH_OUT,252778.63,C98469064,91197.0,0.0,C116073869,0.0,252778.63,0,0
157,TRANSFER,356526.13,C436020090,0.0,0.0,C1136381403,4150132.19,4506658.32,0,0
331,CASH_OUT,118318.02,C1354105922,21249.0,0.0,C557575184,0.0,118318.02,0,0
313,DEBIT,1654.42,C346220014,35063.0,33408.58,C1761274780,92035.57,93690.0,0,0
212,CASH_OUT,68270.98,C800274717,696.0,0.0,C549110474,1185865.8,1254136.78,0,0
253,TRANSFER,1457314.66,C961119515,1140.0,0.0,C1091071707,54975.13,1512289.79,0,0
14,PAYMENT,12518.05,C611648667,214643.65,202125.6,M1311843171,0.0,0.0,0,0
153,CASH_IN,408378.58,C665256748,119337.0,527715.58,C1489234944,2663899.69,2255521.1,0,0
397,CASH_IN,302517.65,C1562479363,593.0,303110.65,C1542797803,0.0,0.0,0,0
321,PAYMENT,3596.27,C109568923,51300.0,47703.73,M93657016,0.0,0.0,0,0
138,PAYMENT,4565.97,C726384514,0.0,0.0,M1871786424,0.0,0.0,0,0
201,TRANSFER,218053.77,C1485743055,0.0,0.0,C6424052,669061.14,887114.91,0,0
34,TRANSFER,83387.0,C664063748,0.0,0.0,C1688639655,1928327.17,2011714.17,0,0
276,PAYMENT,14987.35,C1039648152,0.0,0.0,M1496831021,0.0,0.0,0,0
204,PAYMENT,9909.25,C399171272,307803.0,297893.75,M296324093,0.0,0.0,0,0
139,CASH_IN,143175.84,C82277464,207779.0,350954.84,C11754346,0.0,0.0,0,0
301,PAYMENT,5972.19,C1288541367,20722.0,14749.81,M1134273911,0.0,0.0,0,0
156,CASH_OUT,471388.72,C982542053,199426.0,0.0,C1895772255,70725.4,542114.12,0,0
135,CASH_OUT,183402.08,C415819034,25391.0,0.0,C1987226700,338458.21,521860.29,0,0
565,CASH_IN,198924.25,C1943058541,1229411.28,1428335.53,C192004638,1791929.61,1593005.36,0,0
306,PAYMENT,6426.05,C739337280,0.0,0.0,M9276541,0.0,0.0,0,0
203,CASH_IN,133009.82,C1080229580,10021523.41,10154533.23,C1196831410,746487.18,613477.37,0,0
688,CASH_IN,215967.69,C645606071,6931829.05,7147796.74,C1087355695,2100447.41,1884479.72,0,0
234,CASH_OUT,142831.72,C1890434014,5025.0,0.0,C289801484,495561.17,638392.89,0,0
287,TRANSFER,92649.02,C1190223572,0.0,0.0,C1812514214,3399255.97,3491904.98,0,0
349,CASH_IN,138457.55,C1146151258,0.0,138457.55,C1798323453,242100.28,596729.74,0,0
402,CASH_IN,307185.15,C1957343306,7770670.92,8077856.07,C911269101,8465757.94,8158572.79,0,0
231,PAYMENT,2129.16,C117852211,0.0,0.0,M1658669104,0.0,0.0,0,0
204,TRANSFER,527565.38,C1770389822,0.0,0.0,C808537312,2000543.42,2528108.8,0,0
164,PAYMENT,25798.13,C488426106,232557.47,206759.34,M632572095,0.0,0.0,0,0
186,CASH_OUT,63134.05,C2001841754,0.0,0.0,C1319072039,1407511.57,1470645.61,0,0
260,PAYMENT,13633.39,C934626291,0.0,0.0,M351967318,0.0,0.0,0,0
375,CASH_OUT,301959.14,C2098033569,0.0,0.0,C503900711,1912737.82,2214696.96,0,0
46,CASH_IN,161647.78,C195981136,3023259.03,3184906.81,C1891031939,334042.64,172394.86,0,0
230,PAYMENT,21870.6,C1741905547,31029.0,9158.4,M1719479101,0.0,0.0,0,0
402,PAYMENT,9644.88,C1984287802,160686.0,151041.12,M2093939612,0.0,0.0,0,0
401,PAYMENT,22331.25,C44174240,17769.0,0.0,M147393282,0.0,0.0,0,0
213,PAYMENT,7060.57,C40300729,0.0,0.0,M799289542,0.0,0.0,0,0
396,CASH_OUT,324406.15,C1010389275,0.0,0.0,C1696050225,864554.62,1188960.78,0,0
157,CASH_OUT,261274.89,C1248630818,81450.0,0.0,C1373643272,248536.01,509810.89,0,0
253,CASH_OUT,121224.57,C1836902193,0.0,0.0,C683533148,202941.26,324165.83,0,0
284,CASH_OUT,229403.31,C1548421740,0.0,0.0,C492873220,597001.38,826404.68,0,0
204,CASH_IN,30490.37,C1690862474,5088309.28,5118799.65,C1909264725,1051610.9,1021120.53,0,0
301,PAYMENT,9261.68,C671383734,21589.0,12327.32,M2120717292,0.0,0.0,0,0
360,PAYMENT,23070.3,C249172955,0.0,0.0,M672700493,0.0,0.0,0,0
216,CASH_OUT,80410.86,C1888620053,19010.73,0.0,C1908502255,968708.52,1063478.13,0,0
210,TRANSFER,773537.16,C1712472916,20311.0,0.0,C1816008404,694346.07,1467883.23,0,0
323,CASH_OUT,415987.04,C532625982,0.0,0.0,C1201493441,1246513.94,1662500.98,0,0
306,CASH_OUT,60327.02,C1485087215,22636.0,0.0,C87342206,0.0,60327.02,0,0
22,CASH_IN,97962.53,C40118319,7953960.98,8051923.51,C1528067001,168076.52,70113.99,0,0
370,PAYMENT,19724.78,C1789464761,20234.0,509.22,M7057489,0.0,0.0,0,0
17,PAYMENT,14868.09,C84794585,0.0,0.0,M465222411,0.0,0.0,0,0
187,PAYMENT,14652.13,C612090966,49889.0,35236.87,M1569797651,0.0,0.0,0,0
255,CASH_OUT,141576.05,C218812218,176199.15,34623.09,C1375120259,1744939.82,1886515.88,0,0
327,CASH_OUT,343983.99,C1956796900,0.0,0.0,C236282128,1865114.99,2209098.98,0,0
304,PAYMENT,46850.61,C744201281,41841.26,0.0,M177267123,0.0,0.0,0,0
323,PAYMENT,59542.55,C1404505219,26184.0,0.0,M780693485,0.0,0.0,0,0
380,PAYMENT,10993.78,C249956732,15923.0,4929.22,M1757097324,0.0,0.0,0,0
191,PAYMENT,2863.26,C2107851943,87266.0,84402.74,M1783871890,0.0,0.0,0,0
142,CASH_OUT,24580.28,C1619377807,7984.0,0.0,C826046512,170303.22,194883.5,0,0
401,CASH_OUT,326321.46,C1498879783,0.0,0.0,C238732802,6165484.56,6491806.01,0,0
36,PAYMENT,19062.2,C880647380,181534.58,162472.38,M1704879721,0.0,0.0,0,0
203,CASH_OUT,430981.09,C278614581,574.0,0.0,C1384307695,0.0,430981.09,0,0
287,TRANSFER,511446.51,C859281653,0.0,0.0,C1737929664,1133733.78,1645180.3,0,0
234,TRANSFER,627931.86,C1336052005,15034.0,0.0,C853468282,1025709.76,1653641.62,0,0
158,CASH_OUT,64416.73,C1668452227,0.0,0.0,C1809373351,3843748.7,3908165.43,0,0
396,PAYMENT,9232.49,C1341034854,0.0,0.0,M212472864,0.0,0.0,0,0
37,CASH_OUT,442588.29,C692709818,237559.63,0.0,C76381459,756027.82,1198616.11,0,0
210,CASH_IN,305443.84,C84472488,22118.0,327561.84,C165865091,459350.72,153906.87,0,0
509,CASH_IN,159196.46,C2046786611,4515118.44,4674314.9,C275227534,1520898.77,1361702.31,0,0
44,CASH_OUT,380969.75,C1305074828,0.0,0.0,C436918485,1969827.14,2350796.88,0,0
408,PAYMENT,20481.68,C76300234,969.59,0.0,M1381407466,0.0,0.0,0,0
325,CASH_OUT,444355.2,C206727100,20430.0,0.0,C610075717,4196107.42,4640462.62,0,0
202,CASH_IN,165953.03,C1467699899,188599.0,354552.03,C1278237196,664452.19,498499.16,0,0
137,CASH_IN,158003.47,C1019421575,77256.0,235259.47,C751962339,0.0,0.0,0,0
276,CASH_OUT,147788.59,C897856749,922.0,0.0,C565939678,1305216.51,1453005.1,0,0
132,CASH_OUT,484022.57,C1301828202,351482.0,0.0,C1490709893,370723.82,854746.39,0,0
42,PAYMENT,4945.05,C1426352606,104540.0,99594.95,M2042485548,0.0,0.0,0,0
257,CASH_IN,90134.26,C1125292244,21723558.45,21813692.71,C1659228739,1192588.41,1102454.15,0,0
228,CASH_OUT,81316.43,C744049452,0.0,0.0,C1490143030,494487.34,575803.77,0,0
258,PAYMENT,2385.56,C1054502871,0.0,0.0,M535544207,0.0,0.0,0,0
211,CASH_OUT,286600.17,C9032293,10776.0,0.0,C101496982,213812.9,500413.07,0,0
184,CASH_IN,165613.3,C1230295080,275409.19,441022.49,C2078519188,389372.82,223759.52,0,0
260,PAYMENT,6446.89,C1018808969,0.0,0.0,M1986365247,0.0,0.0,0,0
19,PAYMENT,3607.74,C1355738845,0.0,0.0,M1348540627,0.0,0.0,0,0
358,CASH_OUT,84163.71,C519837301,4860.01,0.0,C1469853892,1100722.46,1184886.17,0,0
35,CASH_OUT,268810.66,C936312647,0.0,0.0,C1448525331,604865.06,873675.72,0,0
35,CASH_OUT,150093.99,C1254660924,0.0,0.0,C833384012,287981.57,438075.56,0,0
203,CASH_IN,17266.82,C1161176917,19577547.26,19594814.08,C1161520171,10272861.31,10255594.49,0,0
179,CASH_OUT,166872.71,C905068601,0.0,0.0,C2119325294,348036.96,514909.67,0,0
257,CASH_IN,72015.7,C93742055,77.0,72092.7,C779911843,155824.54,83808.84,0,0
544,CASH_IN,407270.28,C1189117587,132349.26,539619.55,C301149301,508791.75,101521.47,0,0
400,CASH_OUT,219107.95,C1430341656,62005.0,0.0,C619738921,0.0,219107.95,0,0
396,CASH_OUT,2112.8,C669321534,27665.0,25552.2,C1638661689,13314.78,15427.58,0,0
688,CASH_IN,41829.35,C1578776563,9522818.22,9564647.57,C922186560,1427072.91,1385243.56,0,0
398,CASH_IN,131173.15,C1032639576,212145.21,343318.36,C1163799738,365632.73,234459.58,0,0
522,PAYMENT,1033.97,C765609058,550.0,0.0,M2144513392,0.0,0.0,0,0
160,CASH_OUT,6493.74,C2057081393,55290.0,48796.26,C1319136671,0.0,6493.74,0,0
155,PAYMENT,1609.49,C406571648,10247.0,8637.51,M1322319135,0.0,0.0,0,0
329,CASH_IN,17530.14,C1586930043,238106.45,255636.6,C1602953885,145280.57,127750.42,0,0
15,CASH_OUT,423637.73,C91729628,41764.0,0.0,C685910558,252121.54,675759.27,0,0
15,PAYMENT,7518.52,C2137547902,23476.99,15958.47,M629718229,0.0,0.0,0,0
37,PAYMENT,2833.05,C1253994899,10470.0,7636.95,M893656535,0.0,0.0,0,0
143,CASH_OUT,270928.07,C1995678854,119180.29,0.0,C1270744516,3761435.84,4032363.91,0,0
48,TRANSFER,126987.28,C1299705307,30268.0,0.0,C817976631,204839.38,331826.67,0,0
402,CASH_IN,311855.77,C587026534,30938.0,342793.77,C27619104,252392.82,0.0,0,0
284,PAYMENT,13052.86,C1457705774,0.0,0.0,M2061318387,0.0,0.0,0,0
396,CASH_OUT,144611.85,C1542944381,64.0,0.0,C1600612787,0.0,144611.85,0,0
397,CASH_OUT,17391.77,C1896684144,0.0,0.0,C516425315,266796.79,284188.56,0,0
15,TRANSFER,444361.9,C1188028740,152728.18,0.0,C1014923261,4577857.62,5022219.52,0,0
298,PAYMENT,33230.24,C2002183456,21738.0,0.0,M1547359233,0.0,0.0,0,0
132,PAYMENT,17874.33,C1477862084,29430.22,11555.89,M2002447895,0.0,0.0,0,0
156,PAYMENT,16485.4,C1550222816,0.0,0.0,M1984272591,0.0,0.0,0,0
182,PAYMENT,7692.36,C1271692109,0.0,0.0,M1710367824,0.0,0.0,0,0
183,CASH_OUT,402176.58,C729686395,39776.21,0.0,C1984961027,2659684.65,3061861.23,0,0
136,CASH_IN,33174.24,C990833551,9191868.46,9225042.7,C647563959,2366033.6,2332859.36,0,0
187,CASH_OUT,78299.21,C24195282,0.0,0.0,C2086531378,3091046.27,3169345.48,0,0
251,TRANSFER,664655.32,C1817792502,0.0,0.0,C109014704,995567.43,1660222.75,0,0
14,CASH_OUT,123412.63,C610521999,0.0,0.0,C1306829635,1045507.57,1168920.2,0,0
44,PAYMENT,5752.12,C1083858145,188227.34,182475.22,M988951806,0.0,0.0,0,0
280,PAYMENT,1643.14,C1997436348,19673.73,18030.59,M2107873206,0.0,0.0,0,0
311,PAYMENT,5739.57,C1608574917,156511.0,150771.43,M2132758164,0.0,0.0,0,0
214,PAYMENT,32674.96,C588610724,0.0,0.0,M179094089,0.0,0.0,0,0
347,CASH_IN,364958.91,C854139288,4956452.6,5321411.5,C1144945300,480537.64,115578.73,0,0
153,CASH_OUT,111481.2,C1883239504,16942.0,0.0,C587874771,39300.71,150781.91,0,0
349,CASH_OUT,83811.49,C1373495808,0.0,0.0,C512383175,115057.03,198868.52,0,0
329,PAYMENT,5699.76,C2056329034,0.0,0.0,M282374874,0.0,0.0,0,0
282,CASH_OUT,4068.65,C1528315144,40742.0,36673.35,C779954377,0.0,4068.65,0,0
48,TRANSFER,3499604.75,C2093220519,0.0,0.0,C1001755781,5885187.37,9384792.12,0,0
252,CASH_OUT,6305.19,C717964152,357426.0,351120.81,C675597769,457968.71,464273.9,0,0
289,CASH_OUT,8994.25,C801010519,0.0,0.0,C712532884,144463.82,153458.07,0,0
206,CASH_OUT,89146.47,C1227872596,0.0,0.0,C201558073,2377893.58,2467040.05,0,0
406,CASH_OUT,31330.52,C1916571533,144139.0,112808.48,C1150606540,15626.4,46956.92,0,0
226,PAYMENT,33081.65,C1187015289,30711.0,0.0,M223590081,0.0,0.0,0,0
297,PAYMENT,7903.57,C170495454,0.0,0.0,M1370332196,0.0,0.0,0,0
13,PAYMENT,10410.36,C544755644,82903.0,72492.64,M314375991,0.0,0.0,0,0
228,TRANSFER,500805.7,C318629424,0.0,0.0,C1887446125,4673681.95,5174487.64,0,0
136,PAYMENT,4850.45,C839795481,0.0,0.0,M1577703908,0.0,0.0,0,0
201,PAYMENT,2721.44,C1602698888,0.0,0.0,M568265919,0.0,0.0,0,0
563,CASH_OUT,88635.69,C2033311273,0.0,0.0,C838483507,950828.94,1039464.63,0,0
236,PAYMENT,11550.53,C465606893,144548.0,132997.47,M561750057,0.0,0.0,0,0
159,PAYMENT,5578.36,C1765128299,257742.0,252163.64,M936729378,0.0,0.0,0,0
212,CASH_OUT,218778.45,C1557778747,0.0,0.0,C1034361687,1909904.86,2128683.3,0,0
259,CASH_OUT,137932.75,C1825849652,30090.0,0.0,C1647963211,901867.16,1039799.92,0,0
208,PAYMENT,7800.95,C1175671477,403130.28,395329.33,M1287792667,0.0,0.0,0,0
16,TRANSFER,825979.18,C2069747542,0.0,0.0,C1325930160,3054891.71,3880870.89,0,0
18,CASH_OUT,59203.11,C478682592,5097.0,0.0,C700702276,344190.0,403393.12,0,0
207,CASH_OUT,155950.89,C378282302,0.0,0.0,C1158050563,384483.86,540434.75,0,0
130,CASH_OUT,198751.01,C1499712681,0.0,0.0,C2042285913,2837152.52,3035903.53,0,0
257,CASH_OUT,165270.59,C1361229513,10028.0,0.0,C232267762,0.0,165270.59,0,0
44,TRANSFER,967316.13,C1234261209,214844.0,0.0,C940921906,473366.13,1440682.27,0,0
155,CASH_OUT,322195.75,C1936222144,0.0,0.0,C1838141539,7078309.46,7400505.2,0,0
402,CASH_OUT,51445.59,C38863241,0.0,0.0,C1151513036,61580.79,113026.38,0,0
207,CASH_OUT,180804.95,C1484176299,726.0,0.0,C1090131602,206122.3,386927.25,0,0
406,PAYMENT,57806.02,C133345051,0.0,0.0,M1172691887,0.0,0.0,0,0
185,CASH_OUT,49602.32,C520852495,723.0,0.0,C228719482,488710.0,359227.32,0,0
687,PAYMENT,12464.73,C545940841,309.0,0.0,M429496079,0.0,0.0,0,0
405,PAYMENT,1117.61,C928807010,32473.0,31355.39,M151975237,0.0,0.0,0,0
35,CASH_OUT,305853.64,C825466197,433.0,0.0,C249822251,0.0,305853.64,0,0
236,CASH_OUT,252151.55,C12630390,0.0,0.0,C911109425,578464.68,830616.23,0,0
307,PAYMENT,19829.11,C830243382,59595.0,39765.89,M2098548470,0.0,0.0,0,0
212,CASH_IN,24263.54,C1490674585,6530498.77,6554762.31,C1650447203,2531775.57,2507512.03,0,0
274,CASH_IN,307636.51,C832861127,11441879.86,11749516.37,C1176811988,27384485.62,27076849.11,0,0
10,PAYMENT,1580.79,C1886578216,75237.28,73656.49,M132149120,0.0,0.0,0,0
157,CASH_IN,149654.81,C295595644,1663439.73,1813094.54,C554679262,1554468.15,1404813.34,0,0
376,TRANSFER,148934.49,C1014426258,0.0,0.0,C1740130848,1654884.31,1803818.8,0,0
210,CASH_OUT,552117.38,C2000544081,0.0,0.0,C997669736,710080.31,1262197.69,0,0
405,CASH_OUT,563.62,C290173851,19986.0,19422.38,C2137486004,802226.08,802789.7,0,0
303,TRANSFER,835123.6,C726961082,7040.0,0.0,C1593727989,17056.28,852179.88,0,0
299,PAYMENT,2243.82,C826790773,0.0,0.0,M15994328,0.0,0.0,0,0
34,PAYMENT,8727.33,C611751983,19290.93,10563.6,M1853784044,0.0,0.0,0,0
184,PAYMENT,12029.55,C1313634014,0.0,0.0,M2094648593,0.0,0.0,0,0
131,PAYMENT,19848.87,C47831514,10313.0,0.0,M939885094,0.0,0.0,0,0
659,TRANSFER,1148701.25,C782218016,0.0,0.0,C732237812,5915632.75,7064334.0,0,0
259,CASH_OUT,31586.36,C1483929174,165498.0,133911.64,C310186539,514606.9,546193.27,0,0
41,CASH_OUT,177610.03,C638869189,0.0,0.0,C1775890892,472644.62,650254.64,0,0
522,CASH_OUT,174946.58,C255380321,111478.0,0.0,C210339919,8212.65,183159.23,0,0
298,CASH_IN,155757.74,C292744786,6205509.23,6361266.97,C652133306,711691.5,555933.76,0,0
380,CASH_IN,50420.72,C142438785,732918.42,783339.14,C1048196142,302791.03,252370.31,0,0
202,PAYMENT,7603.5,C910959197,30642.0,23038.5,M1089930023,0.0,0.0,0,0
275,CASH_OUT,140555.77,C1930615514,0.0,0.0,C879842,2555371.84,2695927.61,0,0
306,CASH_IN,130723.34,C484908905,16697887.65,16828610.99,C1578417320,5746262.02,5615538.68,0,0
231,CASH_IN,121210.07,C579737859,11853.0,133063.07,C1557278373,649428.41,528218.34,0,0
19,PAYMENT,4467.84,C2103191549,0.0,0.0,M21864535,0.0,0.0,0,0
544,PAYMENT,23699.16,C693051043,0.0,0.0,M108951265,0.0,0.0,0,0
7,PAYMENT,2471.35,C733249744,71914.0,69442.65,M2053123554,0.0,0.0,0,0
324,CASH_OUT,130371.51,C468872958,0.0,0.0,C869864042,3328983.41,3459354.93,0,0
38,CASH_OUT,204413.23,C278454389,0.0,0.0,C1839984104,4556819.86,4761233.09,0,0
154,CASH_OUT,218016.54,C1785023286,1521.0,0.0,C80645055,1316224.07,1534240.62,0,0
10,CASH_OUT,130311.86,C1826219500,20290.0,0.0,C974777645,9066.0,223554.69,0,0
163,CASH_OUT,200762.78,C130158416,121173.23,0.0,C1060130945,316372.95,517135.73,0,0
351,CASH_IN,238274.11,C1159919224,1592650.96,1830925.07,C1545666185,23390940.92,23152666.81,0,0
352,PAYMENT,6470.45,C1559300067,117821.0,111350.55,M531884807,0.0,0.0,0,0
402,CASH_OUT,69134.74,C1528484480,228.0,0.0,C1471957325,30157.69,99292.43,0,0
522,CASH_OUT,30240.04,C1586958486,6.0,0.0,C1404056956,42564.34,72804.38,0,0
94,PAYMENT,7354.81,C632608106,55639.0,48284.19,M1692566054,0.0,0.0,0,0
282,CASH_OUT,236406.86,C1161411818,0.0,0.0,C644188111,2475757.99,2712164.84,0,0
322,CASH_OUT,234904.01,C1519118942,18002.0,0.0,C216210056,2330.61,237234.63,0,0
334,CASH_OUT,25902.42,C1126921624,51649.0,25746.58,C233053146,294496.77,320399.19,0,0
155,PAYMENT,17321.11,C965100506,320300.01,302978.9,M1063859893,0.0,0.0,0,0
691,CASH_OUT,136.68,C1562469448,11155.0,11018.32,C1691638609,348968.99,349105.68,0,0
355,CASH_IN,484197.57,C1854314476,4169637.29,4653834.86,C2068432397,816941.56,358063.76,0,0
202,PAYMENT,4712.67,C560102144,20246.0,15533.33,M1541046731,0.0,0.0,0,0
13,PAYMENT,26581.9,C169787404,51523.0,24941.1,M193329896,0.0,0.0,0,0
183,CASH_IN,164997.32,C244951683,10873228.38,11038225.71,C862227306,1460158.44,1295161.12,0,0
325,PAYMENT,24923.75,C332518065,157923.0,132999.25,M976126508,0.0,0.0,0,0
35,TRANSFER,1246069.02,C1404561362,35628.49,0.0,C1088896353,3529445.42,4775514.45,0,0
227,CASH_IN,391676.09,C211321726,875227.44,1266903.53,C1329243476,2157605.98,1765929.89,0,0
192,PAYMENT,1791.2,C394724194,0.0,0.0,M1741477836,0.0,0.0,0,0
179,CASH_IN,175965.97,C1356217020,1299941.09,1475907.06,C2021443195,5327508.4,5151542.43,0,0
398,CASH_IN,252099.64,C293576443,27378.0,279477.64,C487075619,183846.69,0.0,0,0
204,PAYMENT,6789.26,C1546530961,675492.0,668702.74,M984192974,0.0,0.0,0,0
298,CASH_IN,129868.61,C1456808094,104474.0,234342.61,C249914491,59409.98,0.0,0,0
232,PAYMENT,6876.02,C577022051,0.0,0.0,M1558798142,0.0,0.0,0,0
250,CASH_OUT,79917.19,C392375611,0.0,0.0,C1857871112,1535482.11,1615399.3,0,0
129,CASH_IN,113281.34,C170598215,5095924.53,5209205.86,C1929439657,275041.55,161760.21,0,0
514,CASH_OUT,367223.94,C182685939,0.0,0.0,C1091058602,2604984.76,2972208.7,0,0
163,PAYMENT,16677.34,C731964321,0.0,0.0,M1079020877,0.0,0.0,0,0
332,PAYMENT,9530.87,C2023314968,104351.0,94820.13,M1848764286,0.0,0.0,0,0
334,CASH_OUT,133771.33,C1376394986,14455.0,0.0,C1275950336,1671978.95,1805750.28,0,0
43,TRANSFER,1201637.16,C920637736,3102.0,0.0,C439917369,7279264.01,8480901.17,0,0
94,PAYMENT,10664.47,C1401142032,161763.0,151098.53,M1793826628,0.0,0.0,0,0
15,CASH_OUT,320427.75,C1792010375,0.0,0.0,C338760636,4360862.26,4244676.97,0,0
36,PAYMENT,1637.23,C1889306748,21532.0,19894.77,M1025165855,0.0,0.0,0,0
401,CASH_OUT,301013.13,C533419163,20217.0,0.0,C1328281178,551705.32,852718.45,0,0
260,PAYMENT,1436.43,C1859530829,79652.0,78215.57,M1586365494,0.0,0.0,0,0
45,PAYMENT,12911.03,C1275487256,325.0,0.0,M2135318932,0.0,0.0,0,0
490,PAYMENT,10932.66,C1742533695,0.0,0.0,M2015113756,0.0,0.0,0,0
327,PAYMENT,52716.63,C1568851205,30359.0,0.0,M1985339515,0.0,0.0,0,0
326,PAYMENT,24544.28,C1992052535,29.0,0.0,M744317621,0.0,0.0,0,0
405,PAYMENT,3202.17,C719784623,10861.0,7658.83,M513024849,0.0,0.0,0,0
33,CASH_OUT,152818.53,C1790491569,0.0,0.0,C183660831,1779520.41,1932338.94,0,0
141,PAYMENT,8473.72,C306900628,0.0,0.0,M1857617663,0.0,0.0,0,0
131,CASH_OUT,118890.68,C589515724,522.0,0.0,C486118646,0.0,118890.68,0,0
136,CASH_OUT,42469.71,C1876903487,0.0,0.0,C428930603,1571190.19,1451119.94,0,0
142,PAYMENT,11081.06,C406477822,83996.32,72915.27,M1715759658,0.0,0.0,0,0
10,CASH_OUT,277433.25,C1515169837,50530.0,0.0,C1700603554,785008.53,1471437.69,0,0
43,TRANSFER,577935.64,C1644082148,0.0,0.0,C2041258598,11063831.91,11641767.56,0,0
403,CASH_OUT,117559.43,C503723203,34241.0,0.0,C2125824001,165838.54,283397.98,0,0
349,CASH_OUT,170819.36,C1231989578,170720.78,0.0,C1503844614,1286406.84,984010.06,0,0
12,PAYMENT,19554.96,C1571863630,691601.0,672046.04,M918766454,0.0,0.0,0,0
207,CASH_OUT,174913.64,C1334904247,0.0,0.0,C1529729472,479503.47,654417.11,0,0
349,CASH_OUT,306187.53,C2092962571,467507.79,161320.26,C228388258,877469.42,1183656.95,0,0
371,PAYMENT,5516.68,C2070938481,0.0,0.0,M1832438186,0.0,0.0,0,0
160,PAYMENT,11382.18,C915661236,163599.0,152216.82,M960535610,0.0,0.0,0,0
164,TRANSFER,389536.39,C1313458783,48485.22,0.0,C2104375220,572818.55,962354.95,0,0
301,PAYMENT,53458.97,C1182888826,0.0,0.0,M1777686434,0.0,0.0,0,0
14,CASH_OUT,179298.38,C962312584,80732.0,0.0,C1289462509,3182992.96,3362291.34,0,0
234,CASH_IN,431347.89,C518231424,21151031.46,21582379.35,C1359953204,1780031.28,1348683.39,0,0
306,CASH_IN,263716.19,C1365640637,11667.0,275383.19,C434376049,198317.07,0.0,0,0
250,PAYMENT,19917.89,C638928583,7357.45,0.0,M2085329933,0.0,0.0,0,0
18,TRANSFER,693131.63,C1244014916,140308.57,0.0,C638208853,805406.97,1293171.75,0,0
20,CASH_IN,226109.67,C880270492,22687.0,248796.67,C84255845,1627291.33,1401181.66,0,0
275,CASH_IN,30751.5,C141401095,85435.0,116186.5,C1086975596,429934.97,399183.47,0,0
187,CASH_IN,275927.81,C1867979459,25122675.67,25398603.47,C239700190,1359378.39,1083450.58,0,0
182,CASH_OUT,609216.86,C1544023267,15281.0,0.0,C2104590009,0.0,609216.86,0,0
328,CASH_IN,108715.43,C2004677581,30610.0,139325.43,C294331298,269113.69,160398.26,0,0
203,CASH_OUT,150048.98,C380559992,0.0,0.0,C1662063067,663736.11,813785.09,0,0
208,PAYMENT,20694.42,C2119223339,11403.0,0.0,M288553111,0.0,0.0,0,0
229,CASH_IN,102936.54,C156554992,6284032.33,6386968.88,C1863279855,1247944.11,1145007.57,0,0
324,CASH_OUT,349368.39,C1240922425,0.0,0.0,C1720199936,3882997.48,4232365.88,0,0
45,PAYMENT,2081.9,C846513378,49168.0,47086.1,M1617447879,0.0,0.0,0,0
188,TRANSFER,436096.43,C914857865,117300.36,0.0,C910112924,791529.35,1227625.77,0,0
404,PAYMENT,1067.93,C391717678,349.0,0.0,M1102318105,0.0,0.0,0,0
377,TRANSFER,863576.95,C1905557845,0.0,0.0,C2001357061,4813725.64,5677302.59,0,0
187,CASH_OUT,59826.15,C212071290,0.0,0.0,C360843099,171201.87,231028.03,0,0
332,PAYMENT,27221.74,C25837963,11910.48,0.0,M1305877297,0.0,0.0,0,0
329,CASH_OUT,313158.18,C1640807684,0.0,0.0,C187035792,629683.95,942842.13,0,0
542,CASH_OUT,58660.7,C1730573063,52586.0,0.0,C159812966,1461127.6,1519788.3,0,0
688,DEBIT,909.91,C100155334,15562.0,14652.09,C82420684,202347.93,203257.84,0,0
330,PAYMENT,7154.83,C1160164870,7331.08,176.25,M1659970672,0.0,0.0,0,0
305,PAYMENT,77004.36,C231212733,100185.0,23180.64,M991766923,0.0,0.0,0,0
17,DEBIT,1952.63,C424503929,20397.0,18444.37,C976815969,1834656.21,1414480.82,0,0
204,CASH_OUT,82290.49,C624059983,127932.0,45641.51,C1521469542,5338188.83,5420479.33,0,0
256,CASH_OUT,179150.65,C1679981945,0.0,0.0,C1177023020,7214904.85,7394055.5,0,0
372,CASH_OUT,77632.93,C1703440130,0.0,0.0,C957412781,139993.1,217626.03,0,0
187,CASH_OUT,170884.02,C816913382,0.0,0.0,C977213884,349350.01,520234.04,0,0
276,TRANSFER,923416.33,C32650502,0.0,0.0,C1135569774,1484111.74,2407528.07,0,0
158,CASH_OUT,260608.12,C1998493866,0.0,0.0,C231701257,496991.81,757599.93,0,0
255,PAYMENT,26646.28,C1976196198,10144.0,0.0,M1468149416,0.0,0.0,0,0
158,PAYMENT,4328.79,C768094107,0.0,0.0,M1575116173,0.0,0.0,0,0
229,CASH_IN,194161.5,C115375787,13733.0,207894.5,C1758058127,5004534.39,4810372.89,0,0
44,TRANSFER,287551.67,C81212905,134344.06,0.0,C912535903,2855536.72,3143088.39,0,0
157,CASH_IN,110599.22,C15857804,0.0,110599.22,C1759284839,116950.45,6351.23,0,0
153,PAYMENT,26456.66,C970124651,148.0,0.0,M547553425,0.0,0.0,0,0
357,PAYMENT,1971.06,C1208789873,0.0,0.0,M1802221732,0.0,0.0,0,0
43,PAYMENT,22713.08,C1257751557,0.0,0.0,M384656769,0.0,0.0,0,0
322,CASH_OUT,203905.35,C1977588681,34848.0,0.0,C927133401,120995.45,324900.8,0,0
256,TRANSFER,184534.4,C1931360035,0.0,0.0,C1447426958,4984641.86,5169176.26,0,0
353,PAYMENT,10869.11,C714679443,15917.0,5047.89,M1795570056,0.0,0.0,0,0
207,CASH_OUT,169875.15,C204180048,0.0,0.0,C1613559553,448751.88,618627.02,0,0
303,TRANSFER,6495975.21,C788004161,0.0,0.0,C1899617893,6677147.1,13173122.31,0,0
187,TRANSFER,258083.62,C320808950,0.0,0.0,C1123182064,419859.8,677943.42,0,0
213,PAYMENT,2552.03,C195168546,27842.0,25289.97,M2108813805,0.0,0.0,0,0
306,CASH_OUT,67317.83,C1256773063,20722.0,0.0,C1195788513,3335838.56,3403156.39,0,0
232,CASH_OUT,139986.85,C473897282,26.0,0.0,C116762033,7831.03,147817.88,0,0
378,PAYMENT,228.44,C2098565693,250733.22,250504.78,M556970615,0.0,0.0,0,0
260,TRANSFER,270004.88,C620155521,2515.0,0.0,C1226301730,0.0,270004.88,0,0
283,TRANSFER,759128.06,C1878716660,0.0,0.0,C787812524,5678876.71,6438004.77,0,0
323,CASH_IN,352433.7,C1175008406,784140.92,1136574.62,C345405202,2550110.7,2197677.0,0,0
709,CASH_OUT,454740.76,C1347937602,58003.0,0.0,C1126567051,0.0,454740.76,0,0
329,TRANSFER,124691.04,C1648108095,0.0,0.0,C1060239013,268125.35,392816.4,0,0
282,CASH_IN,62216.97,C1956566933,18232656.11,18294873.07,C896006968,3077756.37,3015539.4,0,0
252,CASH_IN,282751.17,C1589754060,7051295.9,7334047.07,C599476630,1207385.34,924634.17,0,0
396,PAYMENT,5963.33,C1046210775,0.0,0.0,M1773676760,0.0,0.0,0,0
14,CASH_OUT,127379.24,C1273377228,204838.0,77458.76,C232785081,50017.0,428288.34,0,0
226,PAYMENT,45965.87,C1594620203,10749.0,0.0,M1219727016,0.0,0.0,0,0
211,CASH_OUT,181716.65,C1140570091,21533.34,0.0,C541676159,310119.3,491835.95,0,0
253,CASH_IN,253073.78,C800298883,15841.0,268914.78,C1893655611,128145.83,0.0,0,0
327,CASH_IN,348081.3,C1805504486,176723.0,524804.3,C33639893,0.0,0.0,0,0
11,PAYMENT,15406.11,C538729000,15486.0,79.89,M919030742,0.0,0.0,0,0
165,PAYMENT,3846.31,C881027041,50778.0,46931.69,M506950896,0.0,0.0,0,0
260,TRANSFER,68456.73,C1988168604,0.0,0.0,C594906296,2803561.08,2872017.82,0,0
253,CASH_OUT,96074.24,C1595831383,7341.0,0.0,C1664311247,0.0,96074.24,0,0
235,CASH_OUT,69569.8,C2080859856,0.0,0.0,C1586714022,1106328.42,1175898.22,0,0
45,PAYMENT,10248.0,C2025797263,27298.0,17050.0,M482692290,0.0,0.0,0,0
203,CASH_IN,119806.49,C1727687077,1943895.14,2063701.63,C958453487,132450.13,12643.64,0,0
228,PAYMENT,32951.23,C585815431,31379.0,0.0,M1837100769,0.0,0.0,0,0
153,CASH_OUT,56538.23,C1256836072,81683.0,25144.77,C57882404,1335498.69,1392036.92,0,0
397,CASH_OUT,305925.11,C2044351113,0.0,0.0,C1208702051,488998.33,794923.43,0,0
325,PAYMENT,20451.87,C1885831661,260897.0,240445.13,M1083594854,0.0,0.0,0,0
276,PAYMENT,6803.24,C1629809036,84905.74,78102.49,M1939553291,0.0,0.0,0,0
350,CASH_IN,84211.99,C991752123,14608482.03,14692694.02,C1180665378,853685.66,769473.67,0,0
369,CASH_IN,168652.33,C1626176793,11357.0,180009.33,C137084725,2346959.14,2178306.81,0,0
44,TRANSFER,625503.94,C159215057,51141.0,0.0,C1529478020,410160.01,1035663.95,0,0
348,CASH_OUT,166140.96,C101164237,776945.09,610804.13,C1272546866,380701.54,546842.5,0,0
20,CASH_IN,149488.26,C722815045,34544.0,184032.26,C124902955,0.0,0.0,0,0
404,CASH_IN,249671.35,C1938040452,165.0,249836.35,C228567965,82984.2,0.0,0,0
137,CASH_OUT,315742.19,C116490775,449663.12,133920.93,C2009345756,22359.43,338101.61,0,0
230,CASH_IN,255636.62,C1227175045,7579.0,263215.62,C1376468729,1773255.31,1517618.69,0,0
21,TRANSFER,804878.65,C16748193,41154.71,0.0,C2020875465,1195242.9,2000121.55,0,0
162,CASH_IN,389764.22,C1330385503,154535.0,544299.22,C980307017,2420024.5,2030260.28,0,0
11,CASH_OUT,590397.54,C377492479,172068.0,0.0,C2114819378,0.0,439026.58,0,0
260,CASH_IN,5347.51,C2130825178,2313595.53,2318943.05,C311192118,1261839.74,1256492.23,0,0
38,CASH_OUT,237492.34,C632719826,50144.0,0.0,C1970968244,0.0,237492.34,0,0
130,CASH_IN,34336.24,C1411040611,302446.0,336782.24,C1909358294,398051.4,363715.16,0,0
301,CASH_IN,498268.48,C1479880254,20688.0,518956.48,C1587670601,1344851.55,846583.07,0,0
394,CASH_IN,24747.25,C830690167,21438.0,46185.25,C1554208945,4183765.64,4159018.39,0,0
36,CASH_IN,115490.96,C1660880719,9960058.98,10075549.95,C1753089361,562418.26,446927.3,0,0
139,CASH_IN,83066.23,C978065480,39997.0,123063.23,C1846812189,325190.21,242123.98,0,0
17,TRANSFER,108100.91,C214902935,100418.54,0.0,C720870935,113842.33,326115.32,0,0
403,PAYMENT,13009.71,C2023706466,0.0,0.0,M1721998674,0.0,0.0,0,0
17,CASH_IN,11557.47,C905506730,3212904.35,3224461.82,C1949519175,50444.36,38886.89,0,0
332,CASH_OUT,25110.92,C1089946300,0.0,0.0,C282327526,11436085.64,11291040.29,0,0
185,PAYMENT,6618.35,C737455929,164879.62,158261.27,M1776088376,0.0,0.0,0,0
44,CASH_OUT,75549.32,C730573309,0.0,0.0,C33059198,781504.07,857053.39,0,0
163,CASH_OUT,36976.35,C2013092827,3445.0,0.0,C1037045436,4832561.84,4869538.2,0,0
130,TRANSFER,201643.14,C116849195,0.0,0.0,C1809970047,431882.74,633525.87,0,0
355,TRANSFER,4184363.88,C1305659903,0.0,0.0,C1544241719,5332896.19,9517260.06,0,0
207,PAYMENT,11673.22,C83181045,0.0,0.0,M1518378539,0.0,0.0,0,0
181,PAYMENT,18904.92,C1696566494,0.0,0.0,M616028306,0.0,0.0,0,0
394,CASH_IN,186919.37,C1687851568,2922140.09,3109059.46,C1231114916,204906.84,17987.47,0,0
24,CASH_OUT,203978.52,C1275349022,309280.0,105301.48,C918399937,4731951.45,4935929.96,0,0
401,PAYMENT,17696.96,C1400204008,105361.0,87664.04,M900898257,0.0,0.0,0,0
326,CASH_IN,40663.35,C181983949,122696.0,163359.35,C1632644989,0.0,0.0,0,0
19,DEBIT,2849.26,C1462124559,301176.0,298326.74,C1559592937,406530.74,409380.0,0,0
396,PAYMENT,8295.37,C1960102845,297134.35,288838.98,M1365963092,0.0,0.0,0,0
380,CASH_OUT,269456.83,C1886729079,104.0,0.0,C1815636491,912130.29,1181587.12,0,0
179,PAYMENT,17476.72,C1120111393,51423.0,33946.28,M641249563,0.0,0.0,0,0
231,CASH_OUT,22925.47,C1142815872,0.0,0.0,C1242584406,4344779.77,4367705.24,0,0
236,CASH_OUT,90882.51,C674065786,7287.0,0.0,C1209505023,21244.98,112127.49,0,0
43,CASH_OUT,178927.98,C1475399519,0.0,0.0,C1751823172,344390.81,659902.38,0,0
36,PAYMENT,5574.79,C365432978,0.0,0.0,M1078317063,0.0,0.0,0,0
322,PAYMENT,39962.06,C682136461,40141.0,178.94,M1311887682,0.0,0.0,0,0
353,CASH_OUT,81319.63,C1772601221,0.0,0.0,C1368108635,104899.97,287589.09,0,0
14,CASH_OUT,84913.85,C2145777901,239340.63,154426.78,C105002686,3160567.82,4668463.83,0,0
13,PAYMENT,2026.13,C1457748682,204290.54,202264.41,M1340916345,0.0,0.0,0,0
158,PAYMENT,5077.6,C444576997,0.0,0.0,M1234603923,0.0,0.0,0,0
400,TRANSFER,243144.25,C622021116,0.0,0.0,C599408411,314762.81,557907.05,0,0
204,CASH_OUT,484408.6,C1312245183,0.0,0.0,C289306012,2283586.26,2767994.85,0,0
131,CASH_OUT,275143.65,C2054659280,10576.0,0.0,C1525629089,0.0,253651.67,0,0
38,CASH_IN,81018.51,C436425493,9844293.33,9925311.84,C875194455,385041.64,304023.13,0,0
255,CASH_OUT,239720.07,C1136476624,0.0,0.0,C1620527761,1899377.53,2139097.6,0,0
140,PAYMENT,5664.43,C223999218,0.0,0.0,M361265174,0.0,0.0,0,0
349,PAYMENT,18650.06,C245683313,0.0,0.0,M280660006,0.0,0.0,0,0
153,PAYMENT,4470.45,C925220635,0.0,0.0,M2115300309,0.0,0.0,0,0
308,CASH_OUT,5575.58,C1186010751,41505.94,35930.35,C1293349647,807074.46,812650.04,0,0
232,CASH_OUT,171850.36,C1868675039,0.0,0.0,C507264964,6727606.01,6899456.37,0,0
326,PAYMENT,13703.85,C68613615,0.0,0.0,M779998892,0.0,0.0,0,0
210,PAYMENT,4315.37,C896318505,0.0,0.0,M500109938,0.0,0.0,0,0
235,PAYMENT,5205.48,C1315174034,70418.0,65212.52,M978714040,0.0,0.0,0,0
393,PAYMENT,35349.3,C289956205,10402.0,0.0,M528827664,0.0,0.0,0,0
373,CASH_OUT,64144.41,C1955505128,12.0,0.0,C1839132249,1666569.1,1730713.51,0,0
157,CASH_IN,165806.56,C1428035283,5501474.9,5667281.46,C1735891221,1396879.44,1231072.88,0,0
211,CASH_IN,53071.22,C334678128,15203792.01,15256863.24,C1484535470,81103.56,28032.33,0,0
330,CASH_IN,12852.88,C1457413211,23626.0,36478.88,C1302010760,1059620.63,1046767.75,0,0
165,CASH_IN,202925.49,C1698756711,364.0,203289.49,C1695000536,0.0,0.0,0,0
212,PAYMENT,20313.75,C1905145013,0.0,0.0,M1644023300,0.0,0.0,0,0
141,CASH_IN,481244.86,C480451842,12179394.64,12660639.5,C1194351489,1358585.08,877340.22,0,0
327,PAYMENT,8504.29,C1258092969,0.0,0.0,M1946075877,0.0,0.0,0,0
181,PAYMENT,1563.61,C1204939695,23364.0,21800.39,M325359467,0.0,0.0,0,0
277,TRANSFER,61979.87,C1258821178,281009.0,219029.13,C782332962,1392024.66,1454004.53,0,0
587,CASH_IN,61134.04,C395057395,263.0,61397.04,C1081157565,102335.0,41200.96,0,0
178,PAYMENT,26462.88,C1296364171,0.0,0.0,M1564800128,0.0,0.0,0,0
203,CASH_OUT,255563.46,C173707943,31178.0,0.0,C774005176,4130045.85,4385609.31,0,0
328,PAYMENT,26798.96,C2095484255,19751.51,0.0,M690785775,0.0,0.0,0,0
251,PAYMENT,60302.11,C1812467344,489.0,0.0,M1453446748,0.0,0.0,0,0
132,PAYMENT,11844.11,C1095830551,0.0,0.0,M358258505,0.0,0.0,0,0
18,PAYMENT,6268.24,C80401909,448845.4,442577.16,M1255208543,0.0,0.0,0,0
144,TRANSFER,618615.31,C511691545,0.0,0.0,C24559281,1887700.83,2506316.14,0,0
153,CASH_OUT,129603.31,C1250068524,972.0,0.0,C397682642,420497.01,550100.32,0,0
184,PAYMENT,12752.15,C668201268,0.0,0.0,M903939425,0.0,0.0,0,0
283,CASH_IN,67823.89,C1120654819,5734630.86,5802454.75,C1594031803,4143075.09,4075251.2,0,0
36,PAYMENT,5148.52,C1248311750,0.0,0.0,M1536142759,0.0,0.0,0,0
273,CASH_IN,332994.75,C14819245,26995212.76,27328207.51,C1707094482,4109196.34,3776201.59,0,0
396,CASH_IN,91353.82,C2055741139,916063.28,1007417.1,C695757778,121017.97,29664.16,0,0
10,PAYMENT,10754.71,C1669946736,1835295.25,1824540.54,M242504866,0.0,0.0,0,0
14,PAYMENT,19.39,C1897774306,0.0,0.0,M2115914180,0.0,0.0,0,0
255,PAYMENT,5954.55,C527071393,50278.0,44323.45,M394927193,0.0,0.0,0,0
302,PAYMENT,16079.51,C1897733256,0.0,0.0,M1911409419,0.0,0.0,0,0
34,PAYMENT,6182.45,C162512933,93197.88,87015.43,M935278500,0.0,0.0,0,0
518,PAYMENT,5144.08,C734477509,120199.0,115054.92,M393779727,0.0,0.0,0,0
16,PAYMENT,4920.87,C1191128678,0.0,0.0,M1405530305,0.0,0.0,0,0
249,PAYMENT,7926.61,C1485567374,0.0,0.0,M481703178,0.0,0.0,0,0
229,CASH_OUT,157621.1,C1333024385,49846.0,0.0,C1477799634,81428.99,239050.09,0,0
608,CASH_OUT,203911.98,C2064756394,14207.0,0.0,C1582435712,193749.86,397661.85,0,0
253,PAYMENT,42841.75,C1257573032,47074.0,4232.25,M1177912050,0.0,0.0,0,0
379,CASH_IN,345737.77,C1341205571,1409931.54,1755669.31,C1780692169,468301.92,122564.16,0,0
372,TRANSFER,297197.0,C604790711,0.0,0.0,C468286502,1137721.04,1434918.04,0,0
308,PAYMENT,22229.52,C1172486076,7257.0,0.0,M2109033609,0.0,0.0,0,0
376,CASH_OUT,399233.51,C306747166,12548.0,0.0,C2128649847,316218.65,715452.16,0,0
692,CASH_OUT,10832.49,C49883175,227850.0,217017.51,C1460207569,0.0,10832.49,0,0
306,CASH_OUT,200264.19,C1699994682,0.0,0.0,C553365291,1665802.4,1866066.59,0,0
212,CASH_OUT,232402.64,C528470225,0.0,0.0,C235075727,329725.9,562128.54,0,0
274,CASH_OUT,49361.08,C484652838,0.0,0.0,C1523350003,127144.54,176505.63,0,0
10,PAYMENT,10002.22,C1111726961,15668.0,5665.78,M1775528619,0.0,0.0,0,0
226,PAYMENT,6369.83,C1049961903,0.0,0.0,M2000231125,0.0,0.0,0,0
21,PAYMENT,15687.66,C282029109,0.0,0.0,M1811099698,0.0,0.0,0,0
275,CASH_OUT,12646.16,C1561816848,50748.0,38101.84,C744582563,7098159.78,7110805.95,0,0
253,CASH_IN,168182.63,C1417237347,0.0,168182.63,C1888222756,340806.0,172623.37,0,0
333,CASH_OUT,198944.77,C2048962744,4073.0,0.0,C499108281,3051906.55,3250851.32,0,0
139,CASH_OUT,261794.1,C1566057192,0.0,0.0,C733399699,3981431.36,4243225.45,0,0
596,PAYMENT,31012.67,C830965140,18034.2,0.0,M1922254504,0.0,0.0,0,0
260,PAYMENT,5239.67,C1043781908,29429.0,24189.33,M285439087,0.0,0.0,0,0
334,TRANSFER,108803.46,C1992083052,24068.0,0.0,C1432397900,664604.87,773408.34,0,0
300,PAYMENT,31809.24,C1516967064,15128.0,0.0,M1142607155,0.0,0.0,0,0
162,CASH_IN,127369.14,C744510342,601.0,127970.14,C204037821,0.0,0.0,0,0
134,TRANSFER,792552.99,C1523657245,65287.0,0.0,C811722682,259410.24,1051963.23,0,0
330,PAYMENT,639.96,C1263920922,0.0,0.0,M1857889104,0.0,0.0,0,0
184,CASH_IN,95772.66,C1176413598,758368.65,854141.31,C1337720486,1854285.41,1758512.75,0,0
349,CASH_OUT,245096.18,C757482361,237.0,0.0,C403756890,594873.36,839969.54,0,0
177,CASH_OUT,32133.73,C1744077268,0.0,0.0,C1798751919,86548.32,118682.05,0,0
234,CASH_OUT,43518.11,C1207501288,0.0,0.0,C1930159909,491194.66,534712.77,0,0
252,CASH_OUT,79177.43,C1474463066,0.0,0.0,C1264851251,7279663.32,7358840.75,0,0
138,CASH_IN,170182.69,C1618611231,41680.0,211862.69,C299664397,0.0,0.0,0,0
135,CASH_IN,330351.31,C1223076875,1228700.29,1559051.6,C680853641,781964.39,451613.08,0,0
370,TRANSFER,228830.44,C2029903423,0.0,0.0,C1213359698,97730667.92,97959498.36,0,0
397,PAYMENT,6150.07,C1350843395,0.0,0.0,M1428112463,0.0,0.0,0,0
257,PAYMENT,4508.82,C1478051273,59599.0,55090.18,M1764887673,0.0,0.0,0,0
165,PAYMENT,6776.6,C602412343,2582.0,0.0,M613300604,0.0,0.0,0,0
136,PAYMENT,1850.99,C1926111136,73231.76,71380.77,M1604097694,0.0,0.0,0,0
303,TRANSFER,29035.6,C2051423127,101865.0,72829.4,C747889264,1196411.43,1225447.03,0,0
16,CASH_OUT,177240.01,C922969542,20722.0,0.0,C1232058643,999563.81,1184613.78,0,0
15,CASH_OUT,220238.18,C2139908966,40629.0,0.0,C1096829320,46685.24,266923.42,0,0
235,CASH_IN,40034.3,C9612533,4689667.73,4729702.03,C1046193556,237327.63,197293.33,0,0
188,PAYMENT,14660.38,C262014844,0.0,0.0,M493839009,0.0,0.0,0,0
275,CASH_IN,125630.94,C746697798,2169649.27,2295280.21,C1018901286,892290.05,766659.11,0,0
205,PAYMENT,25456.46,C1181726909,211072.3,185615.83,M2128000363,0.0,0.0,0,0
356,PAYMENT,6360.9,C84552986,4714.0,0.0,M491678662,0.0,0.0,0,0
253,TRANSFER,1534741.03,C947684200,0.0,0.0,C631524784,8565418.77,10100159.79,0,0
154,PAYMENT,6594.98,C906524047,0.0,0.0,M1528748616,0.0,0.0,0,0
181,CASH_OUT,20986.79,C551139299,0.0,0.0,C355730543,669052.38,690039.16,0,0
299,CASH_OUT,33.79,C2068704767,0.0,0.0,C949639461,2832.56,2866.35,0,0
182,CASH_OUT,72826.41,C2142726782,47552.44,0.0,C99638035,386228.83,459055.24,0,0
331,CASH_OUT,45956.48,C1388275099,76310.02,30353.54,C1729501618,567039.57,612996.05,0,0
394,CASH_OUT,146839.33,C1558534130,147563.0,723.67,C1323487580,0.0,146839.33,0,0
379,CASH_IN,165396.24,C230906224,20823.0,186219.24,C345415922,1412682.29,1247286.06,0,0
304,PAYMENT,15101.9,C1831639338,174036.92,158935.02,M1118315209,0.0,0.0,0,0
378,CASH_OUT,144223.69,C1240565982,32159.0,0.0,C687904109,4294708.12,4438931.81,0,0
182,PAYMENT,16892.67,C1027673104,818748.0,801855.33,M1836135999,0.0,0.0,0,0
249,PAYMENT,45108.35,C1883162070,0.0,0.0,M1632965053,0.0,0.0,0,0
180,CASH_OUT,162430.63,C1218611171,198514.0,36083.37,C1961866200,0.0,162430.63,0,0
11,CASH_OUT,231548.18,C986696197,157995.71,0.0,C80979254,257494.0,815597.58,0,0
16,CASH_IN,81518.87,C259345172,24549598.03,24631116.89,C1061720437,187688.29,106169.42,0,0
240,CASH_IN,73169.63,C1648595052,29738.0,102907.63,C183542316,0.0,0.0,0,0
259,PAYMENT,7054.04,C1614454903,9856.0,2801.96,M1445192257,0.0,0.0,0,0
160,CASH_IN,138973.84,C1174117591,5414422.9,5553396.74,C28966640,1379002.33,1240028.49,0,0
156,PAYMENT,24468.47,C164817794,295.0,0.0,M974887342,0.0,0.0,0,0
20,PAYMENT,6969.66,C43018856,645.0,0.0,M44464797,0.0,0.0,0,0
351,CASH_OUT,161670.96,C1762924579,8077.0,0.0,C672174006,0.0,161670.96,0,0
157,PAYMENT,27466.24,C599774001,20537.0,0.0,M2079145982,0.0,0.0,0,0
346,CASH_IN,3890.64,C1364711424,5098.0,8988.64,C827028311,0.0,0.0,0,0
522,PAYMENT,9834.62,C1816259074,0.0,0.0,M1679958845,0.0,0.0,0,0
210,PAYMENT,2197.43,C1383885149,0.0,0.0,M636848109,0.0,0.0,0,0
355,CASH_IN,10905.1,C1129162700,7210593.22,7221498.32,C177477556,136980.52,126075.42,0,0
280,CASH_OUT,269416.3,C1018548758,0.0,0.0,C1773799217,457652.5,727068.8,0,0
307,CASH_OUT,42108.11,C2033190682,0.0,0.0,C703592419,79582910.31,79625018.43,0,0
357,CASH_OUT,39.43,C1446146192,11354.0,11314.57,C1292181092,4268907.6,4140999.89,0,0
252,CASH_IN,126781.83,C1690265082,145307.0,272088.83,C1176191795,10331.54,0.0,0,0
406,PAYMENT,29051.61,C99946808,0.0,0.0,M41993768,0.0,0.0,0,0
156,PAYMENT,10153.72,C2084311458,549.0,0.0,M441084447,0.0,0.0,0,0
153,PAYMENT,1649.85,C1608837587,18973.0,17323.15,M85299593,0.0,0.0,0,0
138,CASH_OUT,133129.73,C1266653515,0.0,0.0,C1147962700,549033.31,682163.04,0,0
400,CASH_IN,35164.51,C2122184172,8868040.17,8903204.68,C1709252867,1228734.04,1193569.53,0,0
262,PAYMENT,332.9,C1751396774,95388.17,95055.27,M1280528426,0.0,0.0,0,0
402,PAYMENT,41945.19,C506497584,24225.0,0.0,M44208689,0.0,0.0,0,0
134,CASH_OUT,15242.73,C1757276700,82042.0,66799.27,C1567774332,1263425.02,1278667.74,0,0
187,CASH_OUT,46930.98,C69043597,0.0,0.0,C1881443676,222551.93,269482.91,0,0
17,CASH_OUT,16220.01,C1325968899,0.0,0.0,C1261329785,1808488.32,1824708.33,0,0
356,PAYMENT,6264.13,C1372309258,5556.0,0.0,M1607724794,0.0,0.0,0,0
406,PAYMENT,9711.87,C1794130710,10455.0,743.13,M1346901439,0.0,0.0,0,0
136,PAYMENT,12712.24,C1349033891,91169.6,78457.36,M1998551547,0.0,0.0,0,0
228,CASH_OUT,255428.95,C834075190,0.0,0.0,C1061754439,1281087.99,1536516.94,0,0
39,PAYMENT,25435.2,C491653269,0.0,0.0,M517190442,0.0,0.0,0,0
177,CASH_OUT,387168.69,C318083848,24903.0,0.0,C121940480,349718.19,736886.88,0,0
255,CASH_OUT,284326.15,C1320151586,10155.82,0.0,C485339886,296843.1,581169.25,0,0
163,CASH_OUT,86059.9,C1617258507,0.0,0.0,C1273674528,1092516.25,1178576.15,0,0
236,PAYMENT,5470.97,C106951690,15144.0,9673.03,M1578127943,0.0,0.0,0,0
259,PAYMENT,10483.92,C1562940982,19891.0,9407.08,M1500904881,0.0,0.0,0,0
233,PAYMENT,5380.3,C2122685899,0.0,0.0,M282527134,0.0,0.0,0,0
120,PAYMENT,10398.85,C1268878703,0.0,0.0,M657197021,0.0,0.0,0,0
207,CASH_IN,80769.59,C1066619066,613.0,81382.59,C1384598746,10625530.78,10544761.18,0,0
16,PAYMENT,11421.96,C440295427,201366.44,189944.49,M463336030,0.0,0.0,0,0
403,CASH_OUT,111200.75,C2124227391,0.0,0.0,C1664716114,450087.93,561288.68,0,0
407,CASH_OUT,142670.49,C1415106229,0.0,0.0,C1189704402,432640.24,575310.73,0,0
308,PAYMENT,37113.85,C1730878575,0.0,0.0,M1425028098,0.0,0.0,0,0
398,PAYMENT,9557.82,C867548899,10040.0,482.18,M317889909,0.0,0.0,0,0
284,PAYMENT,4469.34,C1907932221,0.0,0.0,M357604358,0.0,0.0,0,0
182,CASH_OUT,11512.54,C1555568544,0.0,0.0,C31581400,1547208.74,1558721.28,0,0
357,CASH_OUT,142282.97,C415579079,164850.0,22567.03,C1769429598,245764.92,388047.9,0,0
42,CASH_OUT,80499.03,C1528662224,53482.0,0.0,C603426183,10483.0,147793.54,0,0
329,TRANSFER,643609.53,C1734339370,49612.0,0.0,C447710688,421597.52,1065207.05,0,0
346,CASH_OUT,53365.14,C1242949402,146085.2,92720.06,C1937830462,0.0,53365.14,0,0
234,CASH_IN,51718.91,C1870571992,2346255.69,2397974.6,C795923737,106190.51,54471.6,0,0
354,CASH_IN,13492.41,C2009644579,128.0,13620.41,C1455202267,75658.46,62166.05,0,0
6,CASH_IN,256430.45,C2029744843,3152579.73,3409010.17,C1675375648,627077.54,271152.52,0,0
356,CASH_OUT,138317.23,C379246242,99832.0,0.0,C1884243696,37479.6,175796.83,0,0
334,CASH_OUT,27148.68,C1531734715,0.0,0.0,C1979786209,1021475.35,1048624.04,0,0
38,PAYMENT,8071.65,C1530402614,0.0,0.0,M439092160,0.0,0.0,0,0
256,TRANSFER,28280.29,C820259695,0.0,0.0,C507538622,6535447.45,6563727.74,0,0
356,CASH_OUT,236091.05,C785172707,0.0,0.0,C834507227,2202225.28,2438316.33,0,0
403,CASH_IN,54730.36,C1211115149,8154387.44,8209117.8,C432299607,87601.14,32870.78,0,0
131,CASH_OUT,149402.25,C1438417314,124038.0,0.0,C952450487,423234.55,572636.8,0,0
180,CASH_OUT,149579.84,C1096880158,0.0,0.0,C1244762702,5527931.18,5458263.2,0,0
273,PAYMENT,5928.02,C780361736,151515.35,145587.33,M1936235131,0.0,0.0,0,0
546,PAYMENT,15509.7,C2126656319,22080.0,6570.3,M494047195,0.0,0.0,0,0
356,CASH_IN,214269.32,C1372848705,2089136.32,2303405.64,C724309576,439053.93,224784.61,0,0
276,CASH_IN,487906.77,C2007513007,2324697.66,2812604.43,C875006090,6629064.72,6141157.94,0,0
705,CASH_OUT,299109.54,C1937609453,218440.87,0.0,C1175684124,2102933.72,2402043.26,0,0
346,CASH_IN,171761.55,C596892720,4034086.56,4205848.11,C1042898817,289586.39,117824.85,0,0
188,PAYMENT,20292.0,C773109175,0.0,0.0,M1517637828,0.0,0.0,0,0
231,CASH_IN,135701.42,C1522306122,7386656.01,7522357.43,C273676561,4925357.88,4789656.45,0,0
131,TRANSFER,653795.95,C877424923,21880.0,0.0,C899699848,38325.26,692121.21,0,0
186,CASH_OUT,164171.03,C1397184213,53596.38,0.0,C172568266,178850.34,343021.37,0,0
281,CASH_OUT,64433.64,C1938691763,0.0,0.0,C1403437092,103413.87,167847.51,0,0
132,TRANSFER,476649.25,C1770004583,61480.0,0.0,C785139268,0.0,476649.25,0,0
306,PAYMENT,19176.32,C454177953,0.0,0.0,M699858074,0.0,0.0,0,0
14,PAYMENT,13531.54,C381181648,9285.0,0.0,M444356651,0.0,0.0,0,0
201,CASH_IN,192828.86,C447404492,1014154.61,1206983.47,C2042736066,403099.03,210270.17,0,0
207,TRANSFER,264944.31,C393192006,0.0,0.0,C1871087990,893137.33,1158081.64,0,0
303,PAYMENT,66335.62,C2140587810,41953.0,0.0,M348798467,0.0,0.0,0,0
187,CASH_IN,18687.78,C586671366,377498.38,396186.16,C1877930541,1370337.49,1351649.71,0,0
347,CASH_OUT,159036.05,C415097519,20729.0,0.0,C2134700080,1666036.56,1825072.61,0,0
15,CASH_OUT,107381.97,C1957513789,0.0,0.0,C1725436103,1201808.6,1309190.56,0,0
276,CASH_IN,230768.79,C988634778,26661.0,257429.79,C1009251748,388582.71,157813.92,0,0
380,PAYMENT,3061.73,C1131252597,897.0,0.0,M1984180407,0.0,0.0,0,0
345,CASH_IN,2784.72,C2001466743,7540049.52,7542834.24,C1288720849,226339.29,223554.57,0,0
188,PAYMENT,8594.53,C532536766,0.0,0.0,M1716436195,0.0,0.0,0,0
259,PAYMENT,12823.71,C1018515824,0.0,0.0,M261486293,0.0,0.0,0,0
134,PAYMENT,15813.3,C1930551547,0.0,0.0,M769916227,0.0,0.0,0,0
395,PAYMENT,8539.74,C448757065,20969.0,12429.26,M102396028,0.0,0.0,0,0
355,PAYMENT,315.9,C1188869149,66720.96,66405.05,M1285173998,0.0,0.0,0,0
372,CASH_IN,205192.66,C1812245954,52699.0,257891.66,C1998021270,65305.13,0.0,0,0
336,PAYMENT,2347.2,C849811910,30621.0,28273.8,M522733232,0.0,0.0,0,0
162,CASH_OUT,166793.25,C1423705015,0.0,0.0,C1396683227,1152065.56,1318858.81,0,0
469,PAYMENT,10317.3,C1368923824,223655.44,213338.13,M457582099,0.0,0.0,0,0
178,PAYMENT,6216.92,C1155872896,0.0,0.0,M433430115,0.0,0.0,0,0
189,CASH_OUT,159080.88,C1373747248,0.0,0.0,C1673750653,473708.12,632789.0,0,0
301,PAYMENT,40352.3,C836722032,40320.0,0.0,M1226744160,0.0,0.0,0,0
206,CASH_OUT,33888.65,C670207384,4516.0,0.0,C1214525348,1235161.09,1269049.74,0,0
161,CASH_OUT,42489.91,C1529140682,0.0,0.0,C1346387859,149655.27,192145.18,0,0
380,CASH_IN,198488.94,C1080681050,11286873.64,11485362.58,C783515350,997548.42,799059.48,0,0
158,CASH_OUT,45390.71,C607168934,0.0,0.0,C356600887,396434.24,441824.95,0,0
400,CASH_OUT,446665.82,C54743944,40017.0,0.0,C1993330831,400146.13,846811.95,0,0
210,PAYMENT,11292.61,C1072329394,23479.0,12186.39,M750893466,0.0,0.0,0,0
15,CASH_OUT,3047.87,C1840098325,7031.0,3983.13,C1761865559,226650.23,229698.1,0,0
275,CASH_OUT,297411.9,C56563564,0.0,0.0,C1717484158,781542.91,1078954.8,0,0
230,CASH_OUT,341130.69,C2091679169,6595.0,0.0,C1172165649,0.0,341130.69,0,0
495,CASH_IN,110634.7,C185836692,69854.0,180488.7,C1860659212,0.0,0.0,0,0
14,PAYMENT,3951.55,C2018475429,242386.96,238435.4,M1930137941,0.0,0.0,0,0
187,CASH_OUT,187550.98,C1927441719,0.0,0.0,C1547681984,5274220.4,5461771.38,0,0
692,CASH_OUT,131894.96,C1509332370,16132.0,0.0,C2014983078,4916561.97,5048456.93,0,0
254,TRANSFER,246193.8,C1245630447,0.0,0.0,C2067139868,262408.36,508602.16,0,0
153,CASH_OUT,347533.05,C1014709927,0.0,0.0,C1477818575,1861443.14,2208976.19,0,0
187,PAYMENT,80.19,C767719274,7809.0,7728.81,M1832338094,0.0,0.0,0,0
10,CASH_IN,165849.12,C467997855,6717730.0,6883579.12,C1656764903,1159186.08,993336.96,0,0
45,CASH_OUT,146074.06,C1491921743,78445.29,0.0,C1163027534,746641.39,892715.45,0,0
455,PAYMENT,13036.43,C54431453,0.0,0.0,M657468662,0.0,0.0,0,0
308,CASH_OUT,462674.14,C780986222,0.0,0.0,C51238680,1769892.69,2232566.83,0,0
164,CASH_OUT,140263.49,C380369006,0.0,0.0,C1266225071,180575.26,320838.75,0,0
278,CASH_IN,326327.93,C470718257,2418171.12,2744499.05,C835495003,832570.9,506242.97,0,0
378,PAYMENT,22669.35,C526135462,0.0,0.0,M607403507,0.0,0.0,0,0
228,TRANSFER,290025.42,C1765413451,0.0,0.0,C361549835,879048.92,1169074.33,0,0
380,CASH_IN,541374.94,C494339113,1193850.32,1735225.26,C75616335,3497569.68,2956194.74,0,0
260,CASH_OUT,230998.87,C1814286096,0.0,0.0,C1675714194,1570133.78,1801132.65,0,0
278,PAYMENT,6038.18,C143433073,42115.0,36076.82,M1038030763,0.0,0.0,0,0
205,CASH_OUT,42654.23,C1083564730,25390.0,0.0,C334274835,2233490.85,2276145.09,0,0
135,TRANSFER,567370.08,C739592278,16464.0,0.0,C1104502107,708260.22,1275630.3,0,0
300,PAYMENT,24442.01,C1680788600,82332.0,57889.99,M1415417865,0.0,0.0,0,0
18,CASH_IN,45892.99,C1282200662,2065321.67,2111214.66,C116145090,574630.11,477968.12,0,0
236,CASH_OUT,71786.64,C610901995,5690.47,0.0,C1212247259,315805.13,387591.77,0,0
256,CASH_OUT,92079.39,C56176888,0.0,0.0,C1727838828,5891350.17,5983429.56,0,0
370,CASH_OUT,291509.48,C2017898590,0.0,0.0,C456543527,21943389.14,22234898.62,0,0
522,CASH_OUT,84083.28,C492366990,56934.0,0.0,C1519304854,92464.73,176548.02,0,0
233,PAYMENT,3457.41,C1682734273,35278.0,31820.59,M1929904091,0.0,0.0,0,0
37,CASH_IN,100851.23,C145273462,2020683.75,2121534.98,C64140252,358639.17,383698.37,0,0
162,TRANSFER,602798.59,C404486345,0.0,0.0,C1586592417,1364590.99,1967389.58,0,0
94,PAYMENT,994.02,C393033790,42112.0,41117.98,M1248204229,0.0,0.0,0,0
211,PAYMENT,7128.95,C1921007250,85213.0,78084.05,M1943755296,0.0,0.0,0,0
347,PAYMENT,4683.69,C879454536,3004.0,0.0,M1372094831,0.0,0.0,0,0
236,CASH_OUT,10436.61,C407799879,36647.0,26210.39,C1604355093,65602.27,76038.88,0,0
380,PAYMENT,14704.36,C1061715248,335849.57,321145.21,M1230548126,0.0,0.0,0,0
375,PAYMENT,6945.83,C513492872,0.0,0.0,M389890843,0.0,0.0,0,0
130,PAYMENT,4902.32,C1014261042,1558523.6,1553621.28,M1513370146,0.0,0.0,0,0
139,CASH_OUT,157763.3,C1501540848,0.0,0.0,C621014131,5704367.81,5862131.11,0,0
134,CASH_OUT,22608.76,C183394159,14939.0,0.0,C525312193,330534.29,353143.04,0,0
187,CASH_OUT,214616.98,C1678060031,0.0,0.0,C1839374887,1445532.77,1660149.75,0,0
393,PAYMENT,8917.9,C924995917,0.0,0.0,M493735894,0.0,0.0,0,0
13,CASH_OUT,43867.03,C1234802197,0.0,0.0,C1774579266,1960027.3,2003894.33,0,0
398,CASH_OUT,249766.3,C86857352,0.0,0.0,C476890811,807586.83,1057353.13,0,0
211,CASH_IN,365132.42,C1619703826,1233641.86,1598774.27,C354203249,627644.75,262512.34,0,0
210,PAYMENT,9461.29,C831646528,90882.0,81420.71,M732784066,0.0,0.0,0,0
11,CASH_OUT,18037.96,C1740476775,0.0,0.0,C2000319738,1166102.0,1184139.96,0,0
17,CASH_OUT,109236.73,C1515803790,0.0,0.0,C20695355,129114.27,238351.0,0,0
236,CASH_IN,337249.45,C353021657,52609.0,389858.45,C1932094316,0.0,0.0,0,0
226,PAYMENT,35638.87,C840839322,414170.0,378531.13,M784920586,0.0,0.0,0,0
45,CASH_IN,8584.44,C315219318,8265.0,16849.44,C624037968,532059.22,523474.78,0,0
34,CASH_IN,111631.2,C1139601869,21946.0,133577.2,C54670272,0.0,0.0,0,0
38,CASH_IN,557846.65,C1569801444,90282.0,648128.65,C843871625,312951.9,0.0,0,0
162,CASH_IN,59381.25,C839307480,3554653.16,3614034.42,C898071925,86840.82,27459.57,0,0
154,TRANSFER,8816.86,C1036843115,1037.0,0.0,C582969450,724338.52,733155.38,0,0
164,PAYMENT,9931.2,C1347764742,13846.0,3914.8,M930526956,0.0,0.0,0,0
11,CASH_OUT,825767.41,C482685641,51055.0,0.0,C298251125,0.0,708676.26,0,0
226,PAYMENT,1939.84,C1764054847,298.0,0.0,M1564913397,0.0,0.0,0,0
179,CASH_OUT,35251.14,C1902461343,0.0,0.0,C1720112356,367219.61,402470.75,0,0
358,PAYMENT,37439.42,C201136708,21824.0,0.0,M702926013,0.0,0.0,0,0
203,CASH_OUT,105369.0,C1327874295,0.0,0.0,C102125325,3396528.17,3501897.17,0,0
397,CASH_IN,29656.89,C1791722282,2100906.5,2130563.4,C129675524,1513921.76,1484264.86,0,0
17,PAYMENT,12165.86,C2086721141,0.0,0.0,M577133962,0.0,0.0,0,0
132,CASH_OUT,246758.39,C315936552,0.0,0.0,C145075709,279515.68,526274.07,0,0
159,CASH_OUT,143772.2,C2110870914,291746.79,147974.59,C645957826,246903.01,390675.21,0,0
405,CASH_OUT,157384.37,C1385959109,598996.32,441611.95,C1148991130,1393599.75,1550984.11,0,0
235,PAYMENT,35108.38,C1990124255,0.0,0.0,M1422775024,0.0,0.0,0,0
238,PAYMENT,6685.55,C348482931,10878.0,4192.45,M232295801,0.0,0.0,0,0
373,CASH_OUT,332055.25,C103804861,0.0,0.0,C220930466,601935.27,933990.52,0,0
306,CASH_OUT,60995.39,C1879338521,10365.0,0.0,C758242778,9008654.83,9069650.22,0,0
259,PAYMENT,7157.7,C1179584403,0.0,0.0,M1425874580,0.0,0.0,0,0
38,CASH_OUT,194544.66,C1423510863,50318.0,0.0,C489421462,983242.7,1177787.35,0,0
165,PAYMENT,12785.13,C271390928,31571.81,18786.68,M37278103,0.0,0.0,0,0
234,CASH_OUT,201303.53,C358427726,38792.0,0.0,C2077065730,436059.81,637363.35,0,0
306,PAYMENT,20019.63,C1356740966,7617.0,0.0,M809341200,0.0,0.0,0,0
346,CASH_IN,85386.74,C930613169,12194.0,97580.74,C1887088467,0.0,0.0,0,0
331,CASH_IN,268910.18,C1282677285,24813.0,293723.18,C368665616,403001.78,134091.6,0,0
329,PAYMENT,2923.48,C1609326400,0.0,0.0,M1886362215,0.0,0.0,0,0
178,TRANSFER,1069966.15,C548779775,0.0,0.0,C1846733689,4127506.64,5524494.34,0,0
334,CASH_IN,117488.89,C926462405,12124634.64,12242123.53,C1666405138,1676814.62,1559325.72,0,0
262,PAYMENT,1448.62,C1490711710,6785.0,5336.38,M783032537,0.0,0.0,0,0
177,CASH_OUT,198531.79,C505434472,244362.0,45830.21,C1228567311,128379.69,326911.48,0,0
232,CASH_IN,5766.04,C1171738746,4443.0,10209.04,C1633218398,224195.25,218429.21,0,0
305,PAYMENT,12713.89,C1137804810,0.0,0.0,M1750325323,0.0,0.0,0,0
306,CASH_OUT,46425.36,C406877115,0.0,0.0,C1829498645,8336408.74,8382834.11,0,0
355,PAYMENT,21581.6,C611594210,0.0,0.0,M1862837493,0.0,0.0,0,0
162,PAYMENT,9351.55,C1139621431,285118.24,275766.69,M202405568,0.0,0.0,0,0
356,CASH_OUT,117098.1,C1576747186,212069.0,94970.9,C1712148332,1040781.34,1157879.44,0,0
137,CASH_OUT,10770.89,C882339810,33889.0,23118.11,C1348607391,923123.92,933894.81,0,0
356,TRANSFER,25111.64,C1468136870,49867.09,24755.45,C736325226,8235107.96,8260219.61,0,0
136,CASH_OUT,342008.75,C142449441,331627.04,0.0,C1197338093,468832.15,810840.9,0,0
404,CASH_OUT,262575.77,C1584626362,154619.0,0.0,C2125686073,1813014.93,2075590.7,0,0
203,CASH_OUT,50094.84,C1528739284,0.0,0.0,C1274560939,445106.32,495201.15,0,0
162,CASH_OUT,139352.13,C1860494007,5438.0,0.0,C1253491990,0.0,139352.13,0,0
201,CASH_OUT,137947.49,C2123438421,0.0,0.0,C1596321574,1676976.53,1814924.02,0,0
45,PAYMENT,1692.62,C1856190434,116646.0,114953.38,M1463341417,0.0,0.0,0,0
325,CASH_OUT,173682.59,C67141390,0.0,0.0,C539610913,3966729.71,4140412.3,0,0
204,CASH_IN,183773.03,C927308896,3063170.49,3246943.52,C383371416,4919877.39,4736104.36,0,0
283,PAYMENT,8960.57,C2067150421,103985.0,95024.43,M1483120863,0.0,0.0,0,0
153,CASH_OUT,68347.79,C880755495,0.0,0.0,C2112120183,3310961.89,3379309.69,0,0
373,CASH_IN,286477.03,C97490287,7256645.13,7543122.16,C580535483,4371782.06,4085305.03,0,0
298,PAYMENT,11391.19,C782323363,29947.0,18555.81,M1115287240,0.0,0.0,0,0
399,CASH_IN,119852.92,C1394955597,695902.76,815755.68,C984194146,304781.23,184928.31,0,0
181,CASH_OUT,139921.09,C1215234984,0.0,0.0,C2072163288,552598.25,692519.34,0,0
19,PAYMENT,9268.51,C1991739415,161858.0,152589.49,M316389129,0.0,0.0,0,0
283,CASH_IN,137834.61,C1019024705,101578.0,239412.61,C1750642726,25560.34,0.0,0,0
310,CASH_IN,182308.31,C385323029,4167398.17,4349706.48,C1104385538,1769599.73,1587291.42,0,0
407,PAYMENT,79493.0,C1519327273,0.0,0.0,M2110353793,0.0,0.0,0,0
154,TRANSFER,1420287.87,C1817625421,3033.0,0.0,C159099050,10283.03,1430570.9,0,0
217,CASH_IN,176726.8,C1924070135,8574872.83,8751599.63,C1235808909,1994137.91,1817411.1,0,0
351,CASH_IN,43192.94,C2057397011,8449793.08,8492986.02,C782445060,784933.0,741740.05,0,0
355,CASH_OUT,152850.04,C637636890,10966.0,0.0,C282636834,3002976.12,3155826.16,0,0
322,CASH_IN,124517.01,C125218494,2667400.34,2791917.35,C805348136,7649653.85,7525136.84,0,0
44,TRANSFER,499035.87,C708391518,0.0,0.0,C1551456884,2629141.18,3128177.05,0,0
140,CASH_OUT,73012.8,C1617079949,5242.0,0.0,C838187299,2046745.62,2119758.42,0,0
329,CASH_OUT,154630.64,C1866518709,10144.0,0.0,C178222213,50670.47,208177.33,0,0
404,CASH_OUT,5167.53,C301646959,160264.0,155096.47,C945914195,12643.37,17810.9,0,0
19,TRANSFER,335183.01,C1303673407,30053.0,0.0,C1756366010,634302.94,969485.95,0,0
262,PAYMENT,2773.43,C208010656,5283.0,2509.57,M1825296860,0.0,0.0,0,0
356,CASH_IN,300458.53,C828970251,723786.89,1024245.42,C2092913667,454192.4,153733.87,0,0
637,PAYMENT,5875.85,C1509460725,138167.0,132291.15,M570812775,0.0,0.0,0,0
130,PAYMENT,32913.51,C2065665478,2613.0,0.0,M598366707,0.0,0.0,0,0
303,PAYMENT,40952.5,C2000752354,0.0,0.0,M934372620,0.0,0.0,0,0
135,CASH_OUT,288398.91,C446111002,52145.0,0.0,C644165296,8008970.33,8297369.23,0,0
228,CASH_IN,431580.31,C1045408727,70861.0,502441.31,C176762120,1112343.69,680763.38,0,0
229,PAYMENT,57383.99,C1792702168,21242.0,0.0,M292197822,0.0,0.0,0,0
306,CASH_OUT,23425.63,C1088234522,0.0,0.0,C1962382579,46639.31,70064.94,0,0
351,CASH_OUT,280752.03,C295228957,0.0,0.0,C1593809623,2145752.08,2426504.1,0,0
590,PAYMENT,35049.22,C1197307985,20175.0,0.0,M1362867307,0.0,0.0,0,0
375,CASH_OUT,177307.9,C1218879545,52850.0,0.0,C1100879366,179349.04,356656.93,0,0
350,CASH_OUT,359936.88,C1311844376,0.0,0.0,C1562638534,9662440.58,10022377.46,0,0
230,PAYMENT,6700.94,C1235804738,146.0,0.0,M1677278831,0.0,0.0,0,0
335,CASH_IN,261429.34,C2097857573,4559999.6,4821428.93,C188279155,679276.41,417847.07,0,0
210,PAYMENT,6836.98,C2066445717,0.0,0.0,M374525992,0.0,0.0,0,0
186,CASH_OUT,387014.02,C1089402818,0.0,0.0,C1047277596,924863.75,1311877.76,0,0
43,PAYMENT,3740.44,C572959637,217.0,0.0,M294895061,0.0,0.0,0,0
16,CASH_IN,593395.87,C2098760106,6007109.9,6600505.76,C1449037769,698277.65,149576.1,0,0
42,CASH_OUT,225079.72,C867090888,6126.0,0.0,C989057459,0.0,225079.72,0,0
278,CASH_OUT,157972.24,C369525264,0.0,0.0,C131590836,2156894.66,2314866.9,0,0
215,PAYMENT,8537.32,C406311958,161606.0,153068.68,M1915545855,0.0,0.0,0,0
403,PAYMENT,7748.06,C130189079,0.0,0.0,M402153386,0.0,0.0,0,0
394,PAYMENT,11405.52,C521248299,0.0,0.0,M194295773,0.0,0.0,0,0
163,PAYMENT,9394.12,C301331257,52194.0,42799.88,M275266021,0.0,0.0,0,0
213,PAYMENT,2508.46,C361376384,0.0,0.0,M1235087604,0.0,0.0,0,0
551,CASH_OUT,171181.34,C1325128318,12152.56,0.0,C1516461214,1092743.71,1263925.06,0,0
187,PAYMENT,6432.66,C375573461,211946.0,205513.34,M1246785391,0.0,0.0,0,0
158,CASH_OUT,468586.47,C2043076114,350827.48,0.0,C1768641212,12751487.05,13220073.52,0,0
20,CASH_IN,161208.17,C298721978,9619900.77,9781108.94,C1385378487,1456848.63,1295640.46,0,0
210,TRANSFER,302963.36,C1807264461,0.0,0.0,C1212606882,1175795.37,1478758.74,0,0
378,PAYMENT,13284.76,C1606596052,194231.57,180946.81,M1445179149,0.0,0.0,0,0
352,CASH_OUT,14936.38,C1662100683,0.0,0.0,C1936349546,3165039.34,3179975.72,0,0
135,PAYMENT,17062.46,C1562626786,0.0,0.0,M34019174,0.0,0.0,0,0
136,CASH_OUT,381990.34,C594153024,30863.0,0.0,C938488221,29580.52,411570.86,0,0
358,PAYMENT,11504.58,C22265924,0.0,0.0,M1017956677,0.0,0.0,0,0
202,PAYMENT,15302.53,C880788612,40650.0,25347.47,M1654261571,0.0,0.0,0,0
205,PAYMENT,22759.04,C1370001509,167664.0,144904.96,M494863081,0.0,0.0,0,0
179,TRANSFER,481416.11,C770419251,16866.0,0.0,C1453376937,43160.41,524576.52,0,0
15,CASH_IN,136923.62,C69904385,2651388.12,2788311.74,C948144594,358485.32,221561.7,0,0
139,CASH_OUT,183631.62,C1382147480,0.0,0.0,C1004949263,337310.24,520941.85,0,0
203,CASH_IN,195430.1,C605723606,48552.0,243982.1,C678233443,898659.7,703229.6,0,0
350,CASH_OUT,476250.64,C982185485,0.0,0.0,C1074936357,747409.18,1223659.82,0,0
298,PAYMENT,2518.52,C1510361766,0.0,0.0,M1756032408,0.0,0.0,0,0
156,PAYMENT,17747.2,C321011242,111358.0,93610.8,M1707449547,0.0,0.0,0,0
385,CASH_OUT,237731.07,C1852527641,0.0,0.0,C19486515,10011573.13,10249304.19,0,0
326,CASH_OUT,542577.81,C961528843,221672.17,0.0,C1076229117,873459.6,1416037.41,0,0
228,CASH_IN,28517.75,C1489221741,20725.0,49242.75,C1229046559,1465984.68,1437466.93,0,0
276,CASH_OUT,114143.33,C1430386025,0.0,0.0,C6840297,1715043.35,1829186.68,0,0
278,TRANSFER,508738.09,C540107782,0.0,0.0,C1622048483,2030469.55,2539207.63,0,0
186,CASH_IN,67788.84,C338645359,10609.0,78397.84,C1355696906,0.0,0.0,0,0
403,CASH_OUT,182173.25,C2145315157,9918.0,0.0,C848917905,99965.35,282138.6,0,0
348,TRANSFER,328020.67,C726051861,8067.0,0.0,C717981954,52683.58,380704.26,0,0
202,CASH_OUT,213786.58,C1223399741,0.0,0.0,C814764907,1301545.85,1515332.43,0,0
19,CASH_OUT,323203.58,C726452945,38171.0,0.0,C184266398,0.0,323203.58,0,0
355,PAYMENT,47628.42,C309385151,0.0,0.0,M775179831,0.0,0.0,0,0
305,CASH_OUT,147205.88,C183540968,29726.0,0.0,C1146655309,2496819.67,2644025.55,0,0
227,CASH_OUT,54873.91,C521869627,552465.0,497591.09,C1930988412,2708.14,57582.05,0,0
185,TRANSFER,589404.74,C1619840833,0.0,0.0,C219844954,872902.24,1462306.98,0,0
308,CASH_IN,330867.83,C181208445,12098305.92,12429173.75,C158272937,555139.72,224271.89,0,0
190,PAYMENT,1749.54,C1965257223,49626.0,47876.46,M1941519740,0.0,0.0,0,0
201,TRANSFER,721167.25,C231240006,10219.0,0.0,C2135741463,11816585.6,12537752.85,0,0
370,CASH_IN,209213.72,C1856871406,9891162.76,10100376.49,C1146538810,6028249.62,5819035.89,0,0
227,CASH_OUT,73302.07,C1509477003,0.0,0.0,C1210489031,1473451.54,1546753.6,0,0
44,CASH_OUT,212084.78,C463357746,0.0,0.0,C1463427470,706393.21,918478.0,0,0
161,CASH_OUT,28851.74,C918273409,50461.0,21609.26,C706113846,44203.08,73054.83,0,0
210,CASH_OUT,359471.42,C1451941881,18948.0,0.0,C1986390770,0.0,359471.42,0,0
229,CASH_IN,221337.77,C56514085,2213967.26,2435305.03,C1854259173,788628.7,567290.93,0,0
20,PAYMENT,13374.31,C1106578693,80192.0,66817.69,M1908406294,0.0,0.0,0,0
10,PAYMENT,5454.17,C831654950,0.0,0.0,M1953638405,0.0,0.0,0,0
44,PAYMENT,3159.91,C2055142885,0.0,0.0,M1012730211,0.0,0.0,0,0
40,CASH_OUT,356287.88,C987238808,90758.0,0.0,C1519556709,0.0,356287.88,0,0
331,PAYMENT,17232.22,C249267738,11543.0,0.0,M1730824774,0.0,0.0,0,0
131,CASH_OUT,200593.21,C1128681962,100300.0,0.0,C1270512008,71813.25,272406.45,0,0
183,PAYMENT,16620.77,C331220262,0.0,0.0,M1174107433,0.0,0.0,0,0
396,PAYMENT,16305.77,C1484669125,203.0,0.0,M626554962,0.0,0.0,0,0
235,CASH_IN,34309.29,C331344525,9081.0,43390.29,C1768889889,449883.54,415574.25,0,0
188,CASH_OUT,62485.8,C1852518276,11414.0,0.0,C1329282153,2618764.73,2681250.53,0,0
353,CASH_IN,217202.43,C1667066603,21574632.83,21791835.26,C552548569,2208828.95,1991626.52,0,0
281,PAYMENT,18403.75,C1830649338,32652.38,14248.63,M1314724617,0.0,0.0,0,0
347,TRANSFER,1119943.91,C59095953,0.0,0.0,C1597685406,2903903.02,4023846.93,0,0
323,CASH_OUT,106367.67,C734004483,52668.0,0.0,C1268813794,3069634.67,3176002.34,0,0
565,CASH_IN,99745.91,C835646672,25273.0,125018.91,C1338472780,0.0,0.0,0,0
397,PAYMENT,8464.19,C957558278,14635.0,6170.81,M882494686,0.0,0.0,0,0
10,CASH_IN,45206.37,C1123475645,8498294.83,8543501.2,C1874558205,104809.0,1001694.66,0,0
140,CASH_OUT,277842.56,C690459577,0.0,0.0,C389765547,413751.45,691594.01,0,0
158,CASH_OUT,15333.12,C2096299216,2016.0,0.0,C1803191747,6155403.97,6170737.09,0,0
46,PAYMENT,3374.15,C1456748448,0.0,0.0,M149968875,0.0,0.0,0,0
254,PAYMENT,19805.47,C1774002995,11103.0,0.0,M584966571,0.0,0.0,0,0
352,PAYMENT,5956.07,C286808966,0.0,0.0,M92688020,0.0,0.0,0,0
154,PAYMENT,8505.45,C1377907181,649.0,0.0,M1410808297,0.0,0.0,0,0
305,CASH_OUT,29045.89,C774745890,32639.0,3593.11,C1476283271,96088.06,125133.95,0,0
239,CASH_IN,94165.19,C1172840682,1501654.78,1595819.97,C2053205209,1110708.05,1016542.85,0,0
14,CASH_OUT,68468.8,C1078685885,0.0,0.0,C1943516848,1453664.61,1522133.42,0,0
20,CASH_OUT,162603.22,C1688091011,20038.0,0.0,C742661667,308263.95,470867.17,0,0
258,CASH_OUT,167252.51,C858455120,9444.0,0.0,C1038961770,0.0,167252.51,0,0
20,CASH_OUT,47702.26,C286777695,117870.57,70168.31,C1720963040,351564.5,399266.76,0,0
226,CASH_OUT,271703.75,C197286648,0.0,0.0,C179237007,937268.81,1208972.55,0,0
177,CASH_IN,199604.92,C1550350818,799874.49,999479.4,C221622307,724704.12,525099.2,0,0
236,PAYMENT,4316.28,C268012850,0.0,0.0,M1545661458,0.0,0.0,0,0
34,PAYMENT,7941.47,C282386597,0.0,0.0,M613661260,0.0,0.0,0,0
186,PAYMENT,45811.86,C1613925403,170667.02,124855.16,M327585975,0.0,0.0,0,0
154,CASH_IN,109378.46,C109485769,2396592.63,2505971.09,C735893814,220703.48,111325.02,0,0
353,PAYMENT,37274.88,C1877367610,178354.02,141079.14,M114673111,0.0,0.0,0,0
184,PAYMENT,2713.94,C79791227,0.0,0.0,M630379429,0.0,0.0,0,0
44,CASH_IN,38819.02,C59588640,13518816.31,13557635.34,C1946800393,229638.85,12065.23,0,0
402,CASH_OUT,139872.11,C709227765,11442.0,0.0,C941377531,20923.81,160795.91,0,0
47,CASH_IN,342212.1,C690327949,6130211.32,6472423.42,C123065630,925926.41,583714.31,0,0
260,CASH_IN,68042.26,C989211950,421014.23,489056.49,C218243093,157118.8,89076.54,0,0
331,PAYMENT,3152.34,C1645256304,43913.0,40760.66,M2117375518,0.0,0.0,0,0
251,CASH_IN,320280.43,C1209836024,14973.0,335253.43,C272795334,89498.04,0.0,0,0
18,CASH_OUT,55160.14,C255854179,12211.0,0.0,C1034339016,2514384.61,2533427.29,0,0
398,CASH_OUT,92064.83,C637299988,881.0,0.0,C1918407187,403883.72,495948.55,0,0
44,CASH_OUT,319236.13,C1235723555,11103.0,0.0,C752471445,21144.33,340380.46,0,0
179,TRANSFER,295066.35,C37690589,158503.0,0.0,C1490659867,0.0,295066.35,0,0
372,CASH_IN,31071.72,C661560304,36.0,31107.72,C511118670,207291.09,176219.36,0,0
376,CASH_OUT,7977.54,C587377460,0.0,0.0,C1024165292,137283.8,145261.34,0,0
301,CASH_IN,294993.72,C231812610,4958075.24,5253068.95,C1182972973,366732.37,71738.65,0,0
39,CASH_IN,191944.56,C944930620,148432.0,340376.56,C1717095409,0.0,0.0,0,0
205,CASH_IN,123047.59,C511541293,12413.0,135460.59,C1852002993,602719.02,479671.43,0,0
15,PAYMENT,2826.14,C1779438066,21306.0,18479.86,M750709612,0.0,0.0,0,0
18,PAYMENT,2073.92,C1624718850,62573.62,60499.71,M64204535,0.0,0.0,0,0
180,PAYMENT,52787.95,C62402390,685947.49,633159.54,M1106734362,0.0,0.0,0,0
187,CASH_IN,363021.38,C1485759013,1356612.02,1719633.4,C1443583617,1869251.91,1706505.02,0,0
191,TRANSFER,593376.11,C2144031164,17400.46,0.0,C1103310207,3984440.05,4577816.16,0,0
273,CASH_OUT,57687.72,C1655489155,121368.0,63680.28,C1373189822,938364.17,996051.89,0,0
258,CASH_IN,153790.94,C318813228,647526.1,801317.04,C631750206,4963191.3,4809400.36,0,0
229,CASH_OUT,207774.58,C1498623767,0.0,0.0,C646275646,1443598.38,1673514.22,0,0
42,CASH_OUT,426279.46,C1645249558,15879.0,0.0,C594093549,758148.75,1184428.21,0,0
310,CASH_IN,393652.07,C1679010923,402.0,394054.07,C747085201,393259.79,0.0,0,0
160,CASH_OUT,66471.12,C1058837667,0.0,0.0,C228493439,2002220.47,2068691.6,0,0
349,TRANSFER,124864.23,C1952520520,0.0,0.0,C410120189,1040193.83,1165058.06,0,0
688,PAYMENT,6424.16,C673829202,0.0,0.0,M1692279956,0.0,0.0,0,0
252,PAYMENT,26097.97,C2048697650,14728.0,0.0,M2024891784,0.0,0.0,0,0
282,TRANSFER,345823.53,C1105438944,181278.0,0.0,C75434376,0.0,345823.53,0,0
183,PAYMENT,49.18,C840393274,0.0,0.0,M375521613,0.0,0.0,0,0
374,PAYMENT,19328.54,C178864401,3785.0,0.0,M1435742423,0.0,0.0,0,0
380,CASH_OUT,61113.36,C367690923,32992.0,0.0,C1240205668,2292418.4,2353531.76,0,0
321,PAYMENT,2627.49,C1259598481,30815.0,28187.51,M382323379,0.0,0.0,0,0
15,PAYMENT,4925.96,C1241847896,158.0,0.0,M2110868557,0.0,0.0,0,0
141,PAYMENT,23334.42,C2000103863,153084.24,129749.82,M2068149611,0.0,0.0,0,0
282,CASH_OUT,70861.77,C743789187,3400.7,0.0,C475435721,354882.59,425744.36,0,0
154,PAYMENT,4538.68,C1629177436,126880.35,122341.67,M164604980,0.0,0.0,0,0
379,PAYMENT,1429.62,C1048280909,594.0,0.0,M471639951,0.0,0.0,0,0
163,CASH_OUT,353740.34,C943829849,6968.0,0.0,C1522803117,1092434.87,1473787.43,0,0
206,CASH_IN,145013.71,C1621749727,881.0,145894.71,C1104596378,0.0,0.0,0,0
40,CASH_OUT,92842.4,C484302222,0.0,0.0,C1556435331,153717.62,246560.02,0,0
237,PAYMENT,25010.33,C378270708,0.0,0.0,M187630737,0.0,0.0,0,0
323,PAYMENT,13585.9,C375995585,0.0,0.0,M145478424,0.0,0.0,0,0
189,CASH_OUT,142387.17,C810831011,100173.0,0.0,C1825256816,413524.22,555911.4,0,0
139,CASH_OUT,252680.31,C2122682543,9574.0,0.0,C548682228,97120.66,349800.98,0,0
305,PAYMENT,29151.05,C907080060,121964.78,92813.73,M557102164,0.0,0.0,0,0
230,CASH_OUT,26650.78,C1193845337,31603.0,4952.22,C1085602632,41155.89,67806.67,0,0
590,PAYMENT,6880.85,C307478844,0.0,0.0,M351126160,0.0,0.0,0,0
252,CASH_IN,88852.23,C191516626,0.0,88852.23,C1728129856,796351.8,707499.57,0,0
257,TRANSFER,431992.73,C343368093,104530.95,0.0,C2081437373,1322329.89,1754322.63,0,0
377,PAYMENT,10404.51,C1613407966,20350.0,9945.49,M858512806,0.0,0.0,0,0
235,CASH_IN,192819.68,C802403127,19447235.01,19640054.69,C1452040424,283541.32,90721.64,0,0
44,PAYMENT,983.65,C1075901865,0.0,0.0,M815198398,0.0,0.0,0,0
542,CASH_OUT,185425.55,C1099846297,0.0,0.0,C524663495,523655.67,709081.22,0,0
120,CASH_OUT,20062.99,C1480130355,0.0,0.0,C928158272,487114.22,507177.21,0,0
332,PAYMENT,45979.72,C172981760,1807.65,0.0,M456309834,0.0,0.0,0,0
180,CASH_IN,215067.27,C685583865,9975.0,225042.27,C5955286,2767347.6,2552280.33,0,0
17,CASH_IN,183858.09,C89554246,147.0,184005.09,C968419387,774161.0,564665.67,0,0
325,CASH_OUT,117636.01,C1222290854,0.0,0.0,C783112531,563030.74,680666.75,0,0
371,CASH_IN,213715.9,C990985152,143100.0,356815.9,C2070626006,6191483.88,5977767.98,0,0
402,CASH_OUT,535516.02,C1576445561,0.0,0.0,C1628714130,1269712.49,1805228.51,0,0
36,CASH_IN,367208.13,C232106949,13561748.52,13928956.65,C376023323,616996.38,403197.56,0,0
36,CASH_IN,104431.11,C1092374022,5369265.87,5473696.98,C1983747920,9251941.92,11148152.48,0,0
358,PAYMENT,23695.44,C187134648,0.0,0.0,M794978391,0.0,0.0,0,0
257,CASH_OUT,136939.34,C855640082,0.0,0.0,C1838691467,2008394.66,2145334.0,0,0
393,CASH_IN,169955.65,C990157869,461.0,170416.65,C402980036,88766.77,0.0,0,0
239,PAYMENT,8947.53,C924099369,10361.0,1413.47,M1116426171,0.0,0.0,0,0
239,CASH_OUT,174425.64,C546255720,0.0,0.0,C2099116816,295430.45,469856.09,0,0
518,PAYMENT,3922.05,C1706806203,107398.57,103476.52,M780062012,0.0,0.0,0,0
474,CASH_OUT,304987.68,C32121435,109993.0,0.0,C686671331,2216426.91,2521414.59,0,0
380,PAYMENT,16248.2,C1870894696,155.0,0.0,M1523215538,0.0,0.0,0,0
158,PAYMENT,3426.13,C382381385,0.0,0.0,M989537178,0.0,0.0,0,0
251,CASH_OUT,230559.63,C1839298531,146596.0,0.0,C1567252790,1736303.65,1966863.28,0,0
307,CASH_OUT,190579.86,C80195300,46279.0,0.0,C1436391758,5413439.99,5604019.84,0,0
232,CASH_OUT,257181.69,C1039757022,0.0,0.0,C314007685,337484.72,594666.41,0,0
253,PAYMENT,14397.13,C1083425551,0.0,0.0,M1709332176,0.0,0.0,0,0
40,PAYMENT,10605.08,C92963823,275845.82,265240.74,M2110902109,0.0,0.0,0,0
371,CASH_IN,303602.33,C1706733280,16324.0,319926.33,C821991541,12258.6,0.0,0,0
322,CASH_IN,3408.13,C770433647,202629.13,206037.27,C283421763,6359367.06,6355958.93,0,0
205,CASH_OUT,196256.68,C2124959596,0.0,0.0,C1861168032,3210496.56,3406753.24,0,0
333,CASH_OUT,267567.27,C308472995,0.0,0.0,C55704731,2973637.66,3241204.93,0,0
331,CASH_OUT,143567.31,C908688553,49587.0,0.0,C1804455081,0.0,143567.31,0,0
233,CASH_OUT,36756.83,C2017877872,8724.0,0.0,C764235729,449571.58,486328.41,0,0
330,PAYMENT,30397.15,C2118912365,14648.0,0.0,M1375417670,0.0,0.0,0,0
661,CASH_IN,387218.88,C1381614690,15876.0,403094.88,C1342986179,226025.28,0.0,0,0
204,CASH_IN,46498.93,C1409851237,905239.04,951737.97,C532643303,382925.55,336426.62,0,0
164,PAYMENT,17604.01,C44974651,185.0,0.0,M871061987,0.0,0.0,0,0
399,PAYMENT,42052.72,C1386209538,437068.66,395015.94,M607793494,0.0,0.0,0,0
226,PAYMENT,11845.19,C2127928904,200266.0,188420.81,M1055679991,0.0,0.0,0,0
380,CASH_IN,122235.32,C351361718,1512.0,123747.32,C65279430,0.0,0.0,0,0
237,PAYMENT,1423.14,C1913766220,248.0,0.0,M165104623,0.0,0.0,0,0
257,PAYMENT,1494.88,C2140248129,235836.65,234341.77,M1063248573,0.0,0.0,0,0
306,PAYMENT,121.33,C1487603836,11301.0,11179.67,M1683145838,0.0,0.0,0,0
177,CASH_OUT,30472.56,C1230422129,0.0,0.0,C361022312,2671674.84,2702147.4,0,0
350,CASH_IN,292914.54,C141763631,864007.86,1156922.4,C1978683358,335726.6,42812.06,0,0
7,CASH_OUT,204028.57,C1190500337,123088.83,0.0,C803116137,15420392.77,15651209.26,0,0
15,PAYMENT,4295.27,C114968830,7548.0,3252.73,M1034647264,0.0,0.0,0,0
236,PAYMENT,7544.98,C13190279,0.0,0.0,M398505544,0.0,0.0,0,0
348,TRANSFER,1322334.67,C276410262,0.0,0.0,C1219044678,6992949.99,8315284.66,0,0
402,CASH_OUT,31620.98,C1121858005,0.0,0.0,C99182883,414582.6,400185.49,0,0
354,CASH_IN,77828.6,C1878982519,12426932.02,12504760.61,C286566875,235737.43,157908.83,0,0
309,PAYMENT,4311.5,C1842408195,214473.0,210161.5,M616877655,0.0,0.0,0,0
214,CASH_IN,137099.68,C1768992720,17553048.93,17690148.61,C140740966,648126.39,511026.71,0,0
237,PAYMENT,6014.2,C792687307,119041.0,113026.8,M1506342652,0.0,0.0,0,0
277,CASH_OUT,162295.33,C1442266908,18523.0,0.0,C1755267844,199192.46,361487.79,0,0
95,CASH_IN,112286.37,C1324277845,513450.31,625736.67,C1436148854,633647.62,521361.25,0,0
375,CASH_IN,204821.21,C1675621481,9513237.34,9718058.56,C674457757,211730.67,6909.46,0,0
15,CASH_IN,357496.07,C620829285,145963.0,503459.07,C1448329555,835730.68,647403.54,0,0
358,PAYMENT,27840.74,C9955335,0.0,0.0,M296012069,0.0,0.0,0,0
256,TRANSFER,290543.8,C251142051,52015.0,0.0,C867053266,82325.54,372869.34,0,0
308,PAYMENT,19038.9,C1914997112,19558.84,519.94,M797977956,0.0,0.0,0,0
130,CASH_IN,156678.81,C986235914,21479.0,178157.81,C622255724,679119.72,490488.9,0,0
15,CASH_IN,29496.55,C932188737,23763514.55,23793011.11,C1262561275,232631.56,203135.0,0,0
236,CASH_IN,101799.24,C1225206422,90764.0,192563.24,C862160211,72503.57,0.0,0,0
119,PAYMENT,22828.5,C809202204,0.0,0.0,M239172562,0.0,0.0,0,0
402,PAYMENT,481.15,C447610517,17443.45,16962.3,M1388768113,0.0,0.0,0,0
349,CASH_IN,228477.87,C2034716617,123511.0,351988.87,C1801884273,58174.69,0.0,0,0
141,CASH_IN,178772.34,C1828461863,7879640.67,8058413.01,C1360915583,913707.92,734935.58,0,0
401,PAYMENT,14776.67,C1058533770,57712.42,42935.75,M2007948812,0.0,0.0,0,0
19,PAYMENT,14976.15,C1643784941,0.0,0.0,M1831411554,0.0,0.0,0,0
16,PAYMENT,8839.19,C1088513275,315124.0,306284.81,M852515519,0.0,0.0,0,0
254,CASH_OUT,98363.94,C1539991388,909.0,0.0,C419199893,470761.65,569125.59,0,0
8,PAYMENT,2628.62,C740469844,15486.0,12857.38,M730025551,0.0,0.0,0,0
256,CASH_OUT,46870.11,C1532569133,0.0,0.0,C35263828,5318482.7,5365352.81,0,0
331,CASH_IN,114771.1,C1446088534,49817.0,164588.1,C1047739923,1671961.14,1557190.04,0,0
204,CASH_OUT,265105.0,C1823107034,15754.0,0.0,C1419203693,1435828.25,1700933.26,0,0
38,PAYMENT,6780.18,C1674338793,5375.6,0.0,M838247690,0.0,0.0,0,0
277,CASH_IN,39729.01,C1898575447,0.0,39729.01,C1072775704,201211.36,161482.35,0,0
305,TRANSFER,10000000.0,C815700262,50597.0,0.0,C1125547560,49753.0,17675761.1,0,0
280,PAYMENT,2543.3,C683981895,158568.0,156024.7,M2109528234,0.0,0.0,0,0
134,PAYMENT,7457.82,C2058001147,296609.97,289152.15,M895651451,0.0,0.0,0,0
44,TRANSFER,674056.86,C1791764977,0.0,0.0,C2117924870,3420157.48,4094214.33,0,0
185,CASH_IN,15901.03,C803438722,14677784.11,14693685.14,C2053792969,267173.81,251272.78,0,0
47,PAYMENT,6658.89,C2106303531,0.0,0.0,M1363755798,0.0,0.0,0,0
300,CASH_OUT,163699.79,C1818513981,0.0,0.0,C1039932905,652734.38,816434.17,0,0
332,PAYMENT,36630.7,C1600678998,0.0,0.0,M799440912,0.0,0.0,0,0
258,CASH_OUT,204970.24,C2061485475,15568.0,0.0,C63559693,3053336.26,3258306.5,0,0
349,CASH_OUT,215549.3,C1352961965,0.0,0.0,C748837039,301170.56,516719.86,0,0
155,TRANSFER,703875.34,C1533581712,0.0,0.0,C1359717595,873644.56,1577519.9,0,0
276,PAYMENT,1266.37,C614884776,0.0,0.0,M1846404757,0.0,0.0,0,0
10,PAYMENT,31554.66,C270707585,0.0,0.0,M1419569619,0.0,0.0,0,0
236,PAYMENT,21179.82,C145493676,11248.0,0.0,M12706203,0.0,0.0,0,0
545,CASH_OUT,40425.79,C398356518,50148.0,9722.21,C1620796142,2744562.79,2784988.59,0,0
380,CASH_OUT,175980.62,C1693941734,21173.0,0.0,C1722135149,4471.62,180452.24,0,0
183,CASH_IN,57294.22,C801374433,69675.0,126969.22,C1838243877,1867337.65,1810043.43,0,0
231,CASH_IN,221126.06,C1900704107,9003.0,230129.06,C1443373883,2244689.97,2023563.91,0,0
209,PAYMENT,6417.1,C1383299987,0.0,0.0,M451635411,0.0,0.0,0,0
249,PAYMENT,34146.64,C311449517,364869.4,330722.76,M1789596766,0.0,0.0,0,0
15,PAYMENT,6691.04,C1659401333,107930.0,101238.96,M791847464,0.0,0.0,0,0
573,PAYMENT,2817.5,C990975195,21274.0,18456.5,M37469227,0.0,0.0,0,0
324,CASH_IN,234856.5,C587175513,14876.0,249732.5,C1385646610,0.0,0.0,0,0
16,PAYMENT,16828.68,C726261680,0.0,0.0,M2077464136,0.0,0.0,0,0
131,TRANSFER,1165003.01,C1170360502,14144.82,0.0,C721614400,7651059.23,8816062.24,0,0
279,CASH_OUT,263635.72,C797025601,0.0,0.0,C714773748,2255898.84,2519534.56,0,0
692,CASH_OUT,66852.8,C940776599,181974.0,115121.2,C1543113433,0.0,66852.8,0,0
21,PAYMENT,854.95,C1665621210,51014.64,50159.7,M984003720,0.0,0.0,0,0
210,CASH_OUT,215985.16,C439131655,0.0,0.0,C295989038,543935.5,759920.67,0,0
24,PAYMENT,9767.52,C1686552332,304561.0,294793.48,M934595148,0.0,0.0,0,0
136,CASH_IN,50629.38,C924822973,23.0,50652.38,C246135233,194239.23,143609.85,0,0
306,CASH_OUT,311399.83,C425122538,0.0,0.0,C1468769799,2097385.68,2408785.51,0,0
249,CASH_IN,301904.11,C1225270140,5116.0,307020.11,C1062347952,87304.04,0.0,0,0
36,CASH_OUT,42470.09,C317953606,0.0,0.0,C1727248731,1408897.85,1821964.38,0,0
283,CASH_OUT,299972.22,C2117498783,0.0,0.0,C2139284364,416277.18,716249.4,0,0
351,CASH_IN,203902.94,C523333813,1120857.65,1324760.6,C1306281996,214872.35,10969.4,0,0
372,PAYMENT,4390.7,C1616451973,0.0,0.0,M1296406576,0.0,0.0,0,0
284,CASH_IN,143807.96,C1558786276,5592.0,149399.96,C654814793,217199.74,73391.77,0,0
183,CASH_IN,338603.9,C740489693,121911.0,460514.9,C722423929,1507217.36,1168613.47,0,0
278,PAYMENT,16470.32,C450924174,11927.62,0.0,M712407208,0.0,0.0,0,0
142,PAYMENT,9326.64,C1852771553,2032.0,0.0,M1186033308,0.0,0.0,0,0
326,CASH_OUT,35778.94,C217551374,0.0,0.0,C250096102,715375.07,751154.0,0,0
208,PAYMENT,12053.31,C1442304522,580857.48,568804.17,M1762493639,0.0,0.0,0,0
382,PAYMENT,23736.23,C102819285,0.0,0.0,M359292159,0.0,0.0,0,0
303,CASH_OUT,22316.48,C1798071527,0.0,0.0,C238732802,4565169.29,4587485.77,0,0
155,CASH_OUT,69513.99,C1425585788,0.0,0.0,C1321425593,342507.49,449270.33,0,0
403,CASH_OUT,37119.98,C73725533,0.0,0.0,C1211588868,22735101.76,22772221.74,0,0
404,CASH_OUT,150342.46,C358815977,0.0,0.0,C1489320032,1049410.91,1199753.38,0,0
155,CASH_OUT,176094.19,C905400717,0.0,0.0,C883407131,3285924.68,3841453.35,0,0
302,PAYMENT,9026.12,C765244541,1207.0,0.0,M446830107,0.0,0.0,0,0
184,TRANSFER,693711.78,C1317020957,0.0,0.0,C1721482706,2407982.61,3101694.38,0,0
252,CASH_OUT,106449.15,C1075965698,0.0,0.0,C326851679,109786.42,216235.57,0,0
284,CASH_IN,11442.38,C243826156,6864646.31,6876088.69,C802345500,87719.5,76277.12,0,0
17,CASH_OUT,215059.76,C115214984,94478.0,0.0,C1675869568,113770.76,328830.51,0,0
140,PAYMENT,4409.4,C941144702,14248.8,9839.4,M1986189394,0.0,0.0,0,0
380,CASH_OUT,142921.63,C28653380,0.0,0.0,C319551189,1229689.56,1372611.19,0,0
345,PAYMENT,11164.88,C955540019,532.0,0.0,M239313222,0.0,0.0,0,0
188,PAYMENT,5717.24,C343762458,11414.0,5696.76,M930790529,0.0,0.0,0,0
324,PAYMENT,36226.57,C1702156472,72781.0,36554.43,M1639410270,0.0,0.0,0,0
209,TRANSFER,169428.23,C252832744,0.0,0.0,C1141256176,677756.25,847184.49,0,0
348,TRANSFER,4984396.96,C1522909731,154.0,0.0,C1956698111,0.0,4984396.96,0,0
304,CASH_IN,159677.65,C868543182,52106.0,211783.65,C98096586,62684.76,0.0,0,0
162,PAYMENT,15414.47,C1994151441,0.0,0.0,M265703843,0.0,0.0,0,0
20,CASH_OUT,122387.53,C417171769,0.0,0.0,C1403629370,346940.63,469328.17,0,0
16,CASH_OUT,148077.62,C850406305,29903.0,0.0,C2136909317,419457.03,849493.16,0,0
39,PAYMENT,17885.44,C327233630,0.0,0.0,M1446523058,0.0,0.0,0,0
307,PAYMENT,24416.57,C1910206384,20735.0,0.0,M1151085910,0.0,0.0,0,0
564,CASH_IN,168343.63,C1480975355,1935.0,170278.63,C1200534472,0.0,0.0,0,0
594,CASH_IN,281177.78,C940722191,444323.5,725501.28,C1830004781,3758150.53,3476972.76,0,0
192,PAYMENT,8699.82,C1744706633,4752.0,0.0,M642737097,0.0,0.0,0,0
235,CASH_IN,271081.6,C736867815,15171.0,286252.6,C457004031,0.0,0.0,0,0
229,CASH_OUT,148681.67,C823833389,0.0,0.0,C1530571579,899769.17,1048450.84,0,0
18,CASH_OUT,28711.07,C486700313,0.0,0.0,C532936741,288525.77,317236.84,0,0
330,PAYMENT,23282.25,C1717326677,0.0,0.0,M220294686,0.0,0.0,0,0
180,CASH_OUT,241511.05,C1049967100,0.0,0.0,C990369391,367673.5,609184.56,0,0
309,CASH_OUT,105664.4,C1196722234,25261.0,0.0,C1164426337,23999.75,129664.16,0,0
158,TRANSFER,345503.95,C1569956723,1181.0,0.0,C1097928125,0.0,345503.95,0,0
182,PAYMENT,175.46,C415320230,0.0,0.0,M3810476,0.0,0.0,0,0
401,CASH_OUT,278056.26,C1035630518,821.0,0.0,C1334985254,100351.19,378407.45,0,0
298,TRANSFER,10014779.26,C95632518,0.0,0.0,C388873964,13448934.28,23463713.54,0,0
260,CASH_OUT,17388.35,C269157045,0.0,0.0,C820132790,1817067.86,1834456.21,0,0
334,CASH_OUT,245232.26,C1428849829,0.0,0.0,C1931957581,2356866.86,2602099.11,0,0
601,PAYMENT,2313.17,C1511942976,11041.0,8727.83,M1687980324,0.0,0.0,0,0
347,PAYMENT,23955.72,C1736882250,0.0,0.0,M706565321,0.0,0.0,0,0
379,CASH_OUT,398184.18,C978110390,104572.0,0.0,C668784626,83817.8,482001.98,0,0
590,CASH_OUT,221247.73,C250580164,0.0,0.0,C731617521,1682597.46,1903845.19,0,0
353,CASH_OUT,69294.63,C1347737407,0.0,0.0,C413160238,838503.03,907797.66,0,0
297,PAYMENT,55902.86,C2135283623,36164.0,0.0,M15335863,0.0,0.0,0,0
522,CASH_OUT,204994.03,C1342031804,1116.0,0.0,C1508047342,2055416.48,2260410.51,0,0
329,PAYMENT,14377.72,C1307667855,74920.0,60542.28,M1193499718,0.0,0.0,0,0
234,CASH_OUT,144111.18,C1280665819,0.0,0.0,C1392189910,5697519.43,5841630.61,0,0
41,PAYMENT,2582.96,C794251176,103017.95,100434.99,M776907399,0.0,0.0,0,0
547,CASH_OUT,139565.96,C1327066174,0.0,0.0,C1017767623,163773.91,303339.88,0,0
140,PAYMENT,7313.92,C2006450223,0.0,0.0,M785129356,0.0,0.0,0,0
401,CASH_OUT,108135.12,C888450504,13506.96,0.0,C1703972654,491462.53,599597.65,0,0
130,CASH_OUT,192710.44,C1703677125,0.0,0.0,C1685892117,1773807.92,1966518.36,0,0
400,PAYMENT,8459.0,C820336902,20433.0,11974.0,M1486998969,0.0,0.0,0,0
471,CASH_IN,191577.41,C1789432609,8123782.62,8315360.03,C1269683447,1461865.02,1270287.61,0,0
14,PAYMENT,3394.08,C1265358838,0.0,0.0,M1725734081,0.0,0.0,0,0
329,CASH_IN,147139.26,C1246361233,30832.0,177971.26,C1393200595,196682.81,49543.55,0,0
333,CASH_IN,48.92,C696784972,20720.0,20768.92,C794728409,56705.11,56656.19,0,0
36,PAYMENT,4364.09,C80030833,444270.48,439906.39,M2107661559,0.0,0.0,0,0
161,CASH_OUT,380459.68,C1293672367,197.0,0.0,C1510628640,101985.24,482444.92,0,0
451,TRANSFER,483677.03,C1155643313,0.0,0.0,C806390846,1200457.14,1684134.17,0,0
327,PAYMENT,23451.82,C1785749668,20469.0,0.0,M1141153808,0.0,0.0,0,0
186,CASH_OUT,80043.79,C972309449,10917.0,0.0,C79605223,5265808.94,5345852.74,0,0
301,CASH_IN,329607.77,C1320896180,201.0,329808.77,C1087033703,0.0,0.0,0,0
330,CASH_IN,15215.25,C181689422,14950740.84,14965956.09,C1617594742,628808.46,613593.21,0,0
155,CASH_OUT,241772.28,C366353708,146.0,0.0,C981109446,156939.88,398712.16,0,0
135,PAYMENT,14637.75,C1786862977,18697.0,4059.25,M2016513243,0.0,0.0,0,0
274,CASH_IN,65477.52,C1502845942,14990.0,80467.52,C1067950746,76659.49,11181.97,0,0
544,CASH_IN,242897.12,C604316417,2250056.15,2492953.27,C106553522,664037.39,421140.27,0,0
397,CASH_IN,308791.82,C313147459,5442.0,314233.82,C1575652338,322310.67,13518.85,0,0
239,CASH_OUT,125575.75,C672185499,0.0,0.0,C2116445759,279700.08,405275.83,0,0
188,PAYMENT,1203.86,C1239562234,5073.0,3869.14,M1177310640,0.0,0.0,0,0
37,CASH_OUT,421683.2,C98884847,16019.0,0.0,C851071292,415671.89,837355.08,0,0
256,CASH_OUT,173281.25,C699395792,50529.0,0.0,C1901775829,28867.84,202149.09,0,0
423,PAYMENT,5716.75,C1582611136,0.0,0.0,M993443624,0.0,0.0,0,0
139,CASH_OUT,91313.3,C442523400,0.0,0.0,C1696473552,312509.96,403823.26,0,0
205,CASH_OUT,52819.6,C464143864,0.0,0.0,C1056499228,375107.82,427927.41,0,0
12,PAYMENT,15005.35,C1990273907,13061.0,0.0,M1777049736,0.0,0.0,0,0
370,CASH_IN,8377.7,C578788645,20940.0,29317.7,C1353064790,75088.24,66710.55,0,0
163,CASH_OUT,185820.39,C1696417555,49686.0,0.0,C993047304,409191.76,595012.16,0,0
189,PAYMENT,31997.95,C1431509883,70428.2,38430.25,M1549529833,0.0,0.0,0,0
522,PAYMENT,111.72,C811316464,24538.0,24426.28,M1563656510,0.0,0.0,0,0
180,CASH_IN,49985.61,C1658155594,149615.0,199600.61,C521490042,0.0,0.0,0,0
178,TRANSFER,2851849.34,C871032786,276150.0,0.0,C1204752556,19907.5,2871756.83,0,0
355,CASH_IN,304682.79,C270590671,4486505.45,4791188.24,C499714286,4277262.22,3972579.43,0,0
154,CASH_IN,131834.67,C1597504318,6188.0,138022.67,C875469386,93236.04,0.0,0,0
9,PAYMENT,11072.16,C2069249045,6768.58,0.0,M64730993,0.0,0.0,0,0
258,CASH_OUT,389381.34,C1541582399,20923.0,0.0,C880371196,0.0,389381.34,0,0
184,CASH_OUT,111135.24,C75935491,0.0,0.0,C1349770137,300422.83,411558.06,0,0
215,PAYMENT,8242.17,C799239471,145.0,0.0,M1053895765,0.0,0.0,0,0
303,PAYMENT,13182.77,C1937462978,0.0,0.0,M399352946,0.0,0.0,0,0
408,PAYMENT,6499.96,C210044535,28534.0,22034.04,M1591876743,0.0,0.0,0,0
41,CASH_OUT,289981.58,C1925948195,0.0,0.0,C1315688903,9517120.48,9807102.06,0,0
163,CASH_IN,34716.7,C2086569719,6511.0,41227.7,C1968264854,0.0,0.0,0,0
274,PAYMENT,3857.0,C846127440,49992.0,46135.0,M1579467151,0.0,0.0,0,0
96,PAYMENT,1536.91,C86125828,23683.0,22146.09,M1215280887,0.0,0.0,0,0
309,PAYMENT,12530.9,C1825179329,411278.24,398747.34,M1830017974,0.0,0.0,0,0
164,CASH_IN,210955.35,C1062152273,203496.0,414451.35,C1282490,0.0,0.0,0,0
178,PAYMENT,7524.76,C801952170,1168.0,0.0,M1599401626,0.0,0.0,0,0
352,CASH_IN,76477.88,C118744959,0.0,76477.88,C1041367486,257154.76,180676.89,0,0
39,CASH_OUT,273631.56,C399194350,4171.0,0.0,C1710214228,1933917.76,2207549.32,0,0
210,PAYMENT,9112.56,C5845145,0.0,0.0,M459740802,0.0,0.0,0,0
332,CASH_IN,136667.36,C2032738821,1520152.87,1656820.23,C563469562,426821.23,290153.86,0,0
133,TRANSFER,340002.26,C390310646,19037.0,0.0,C1252737772,0.0,340002.26,0,0
235,CASH_IN,87486.26,C1014059258,4024694.97,4112181.22,C1889260083,1595876.27,1508390.02,0,0
203,CASH_OUT,93705.8,C1677922285,0.0,0.0,C640914679,115984.1,209689.9,0,0
347,CASH_IN,694231.21,C1692350255,11637.0,705868.21,C1341257842,1969563.95,1275332.73,0,0
229,PAYMENT,7405.0,C1745575172,332415.25,325010.25,M1262787043,0.0,0.0,0,0
209,CASH_OUT,146427.13,C882331213,0.0,0.0,C2110090279,3651790.5,3798217.63,0,0
301,CASH_IN,11078.71,C1944277500,1460891.49,1471970.2,C1439341568,375470.15,364391.44,0,0
207,TRANSFER,172010.76,C1354606496,0.0,0.0,C1959942740,2147698.85,2319709.61,0,0
177,CASH_OUT,144755.04,C426720734,0.0,0.0,C294565139,311412.44,456167.48,0,0
276,CASH_OUT,78824.91,C1029201450,0.0,0.0,C1085761851,103987.0,182811.91,0,0
327,CASH_OUT,86296.3,C1958206918,0.0,0.0,C1732177311,828443.87,914740.17,0,0
302,CASH_IN,286204.03,C245036872,87413.0,373617.03,C1816455349,1778705.74,1492501.71,0,0
35,TRANSFER,528949.06,C869990730,51170.0,0.0,C1970982612,3613921.6,4142870.66,0,0
301,CASH_OUT,100023.71,C1172460687,0.0,0.0,C1684160381,1518071.53,1618095.23,0,0
11,CASH_OUT,29546.91,C1993048042,0.0,0.0,C305793941,4600816.76,4630363.67,0,0
346,PAYMENT,25652.26,C619388371,397626.85,371974.58,M385318313,0.0,0.0,0,0
202,CASH_OUT,238826.0,C957502845,183.0,0.0,C1929995374,5192428.26,5431254.26,0,0
203,CASH_IN,212211.04,C660682694,505597.0,717808.04,C1972436197,0.0,0.0,0,0
141,PAYMENT,7514.85,C62440058,0.0,0.0,M1940302655,0.0,0.0,0,0
258,CASH_OUT,395419.21,C942226162,20960.0,0.0,C2051339809,874517.79,1269937.01,0,0
12,CASH_OUT,63825.92,C278187554,0.0,0.0,C795220676,4206354.19,4270180.11,0,0
276,CASH_OUT,52395.18,C1710284127,0.0,0.0,C751409081,68447.07,120842.25,0,0
299,CASH_IN,49503.16,C750803945,200831.0,250334.16,C1694927204,0.0,0.0,0,0
258,CASH_IN,150923.87,C1105873092,19999.0,170922.87,C1147096671,0.0,0.0,0,0
166,PAYMENT,5542.06,C1427397146,75425.48,69883.42,M2064232639,0.0,0.0,0,0
35,CASH_OUT,53739.43,C615780489,0.0,0.0,C284743800,188174.71,241914.14,0,0
370,CASH_IN,143950.93,C1281511303,1439626.81,1583577.75,C575792178,3580388.51,3436437.58,0,0
161,CASH_OUT,429258.45,C1003279181,2194.0,0.0,C1693305214,834344.31,1263602.76,0,0
323,PAYMENT,14850.23,C1895617631,0.0,0.0,M255774004,0.0,0.0,0,0
288,PAYMENT,6576.91,C164352688,0.0,0.0,M1718563053,0.0,0.0,0,0
379,CASH_OUT,112287.42,C884338914,0.0,0.0,C152373735,501736.18,614023.6,0,0
570,CASH_IN,113148.39,C1272431053,11643.0,124791.39,C1737263960,2590930.14,2477781.75,0,0
373,CASH_IN,125067.55,C745362613,401572.75,526640.3,C676181241,352796.38,227728.83,0,0
15,PAYMENT,10421.1,C1515983582,15847.07,5425.97,M1662267358,0.0,0.0,0,0
328,CASH_IN,270332.01,C2095695622,10356251.12,10626583.14,C1598296122,652799.57,382467.56,0,0
595,PAYMENT,3063.14,C1065031357,42074.0,39010.86,M1598915318,0.0,0.0,0,0
185,CASH_IN,150375.28,C1930571795,468740.77,619116.05,C1400001611,1604889.73,1454514.45,0,0
16,CASH_OUT,44524.05,C2029789379,0.0,0.0,C530106477,5697328.39,5847999.77,0,0
395,CASH_OUT,124623.53,C239812349,0.0,0.0,C1493129698,173063.47,297687.0,0,0
346,CASH_IN,60263.51,C986283793,7153348.05,7213611.56,C771500459,461287.16,401023.65,0,0
37,CASH_IN,154444.81,C2140122110,11389112.63,11543557.45,C1342562126,13694448.57,13361978.47,0,0
236,CASH_IN,110951.67,C1324955919,13751884.93,13862836.6,C22428002,4185166.25,4074214.57,0,0
300,PAYMENT,26601.92,C1600930667,22252.0,0.0,M538082227,0.0,0.0,0,0
163,CASH_OUT,185612.3,C254745072,0.0,0.0,C2080720462,958017.84,1143630.14,0,0
158,CASH_OUT,43622.37,C1064739310,1135754.23,1092131.86,C1774343098,0.0,43622.37,0,0
38,CASH_OUT,94833.47,C190705379,33474.0,0.0,C1569719056,691244.55,786078.02,0,0
143,PAYMENT,11611.59,C1578567886,11893.66,282.07,M1971872023,0.0,0.0,0,0
139,CASH_OUT,49116.45,C403210380,0.0,0.0,C722811102,1672170.73,1721287.18,0,0
14,CASH_IN,317613.9,C533459838,1407220.16,1724834.05,C27164473,620106.74,426691.94,0,0
308,PAYMENT,30219.97,C1890223453,0.0,0.0,M820951223,0.0,0.0,0,0
373,CASH_IN,197203.42,C471783082,6022533.91,6219737.33,C330133641,1120248.47,923045.04,0,0
162,CASH_OUT,299845.42,C891122365,687.0,0.0,C1161426438,0.0,299845.42,0,0
350,CASH_IN,72153.97,C1536435503,15404651.42,15476805.39,C1224490738,380895.98,308742.01,0,0
163,CASH_IN,286513.16,C1224460428,1294167.81,1580680.98,C775292117,311112.43,24599.26,0,0
183,CASH_OUT,50431.83,C1076195247,0.0,0.0,C473635829,100381.98,150813.81,0,0
184,CASH_OUT,46323.85,C938271283,94663.0,48339.15,C185083276,178553.45,224877.3,0,0
400,CASH_OUT,59517.76,C634588760,1865.0,0.0,C899699848,611233.07,670750.83,0,0
141,CASH_IN,136873.57,C303391846,14789370.17,14926243.73,C449261773,12812800.43,12675926.86,0,0
299,CASH_OUT,197979.83,C757219500,0.0,0.0,C1121169448,426163.83,624143.66,0,0
232,CASH_IN,65946.41,C581999767,2088992.51,2154938.92,C1004218439,1471036.23,1405089.82,0,0
688,TRANSFER,188509.74,C398573079,0.0,0.0,C958076965,306704.86,495214.61,0,0
194,CASH_IN,3106.07,C1987057356,2093810.21,2096916.28,C1537205416,11246.02,8139.95,0,0
179,PAYMENT,13868.0,C1876792889,0.0,0.0,M994804514,0.0,0.0,0,0
42,TRANSFER,365868.31,C1011343648,35805.0,0.0,C579686396,3946432.31,4312300.62,0,0
348,CASH_OUT,236284.41,C938151089,0.0,0.0,C750027742,8576539.38,8812823.79,0,0
308,CASH_IN,170901.01,C1282390992,160874.0,331775.01,C2004226838,0.0,0.0,0,0
692,TRANSFER,187323.54,C1280786140,30847.97,0.0,C1395670954,872461.3,1059784.84,0,0
47,CASH_OUT,308814.93,C899729568,9933.0,0.0,C51289896,143155.44,451970.36,0,0
308,PAYMENT,23175.81,C577769774,14915.0,0.0,M982612974,0.0,0.0,0,0
230,TRANSFER,259633.45,C1269718129,0.0,0.0,C832669800,520010.7,779644.14,0,0
44,CASH_IN,141928.21,C919748992,141335.0,283263.21,C1716603610,0.0,0.0,0,0
20,PAYMENT,1771.6,C314962724,4670.0,2898.4,M772688084,0.0,0.0,0,0
162,CASH_OUT,76084.62,C1153276483,0.0,0.0,C709787822,963418.39,1039503.0,0,0
351,CASH_OUT,19346.26,C1285188571,0.0,0.0,C102782564,125126.5,144472.76,0,0
213,CASH_OUT,149015.07,C723316846,39753.0,0.0,C1040211268,284033.09,433048.16,0,0
206,PAYMENT,8114.84,C963461825,36119.59,28004.75,M1784752513,0.0,0.0,0,0
18,CASH_OUT,145934.6,C167190150,60861.0,0.0,C756897666,131372.48,317261.73,0,0
181,PAYMENT,18146.55,C1332195088,332033.0,313886.45,M104584529,0.0,0.0,0,0
154,CASH_IN,354896.57,C909508573,516028.21,870924.77,C1562558337,9880154.34,9525257.78,0,0
356,CASH_IN,82662.14,C890607355,10980.0,93642.14,C94289116,0.0,0.0,0,0
307,CASH_IN,147808.48,C1369790491,786595.85,934404.32,C422995005,587452.52,439644.04,0,0
252,PAYMENT,2721.37,C488767846,0.0,0.0,M1381657732,0.0,0.0,0,0
39,CASH_OUT,399428.8,C36249756,0.0,0.0,C1682465021,2089214.97,2692063.58,0,0
9,CASH_OUT,84160.48,C1871017489,33096.0,0.0,C1932366874,32804.0,2116726.55,0,0
306,CASH_IN,28806.27,C1010404616,9137879.52,9166685.79,C1393064558,295441.92,266635.65,0,0
6,TRANSFER,595893.92,C411825368,0.0,0.0,C481402298,1678582.92,2274476.83,0,0
38,CASH_OUT,221071.81,C739025331,3622.0,0.0,C792736756,1462637.52,1683709.33,0,0
39,CASH_OUT,149844.24,C1554750066,37027.0,0.0,C1565091202,887155.45,1155701.47,0,0
130,CASH_OUT,119177.78,C822735870,21557.0,0.0,C344256415,0.0,119177.78,0,0
345,PAYMENT,24058.23,C1559994504,0.0,0.0,M185184514,0.0,0.0,0,0
378,CASH_OUT,21165.34,C553952612,148364.0,127198.66,C765959340,41474.68,62640.02,0,0
14,PAYMENT,11313.88,C157163044,0.0,0.0,M1453976989,0.0,0.0,0,0
379,CASH_OUT,344591.67,C316877233,0.0,0.0,C884102825,642582.73,987174.39,0,0
301,PAYMENT,10765.37,C781553029,0.0,0.0,M2005893525,0.0,0.0,0,0
15,CASH_IN,77525.35,C1883405067,2913470.68,2990996.04,C422944136,583437.29,505911.94,0,0
234,CASH_IN,159011.9,C186970297,7032356.68,7191368.58,C479353061,243204.33,84192.43,0,0
131,CASH_OUT,205686.34,C1323382084,0.0,0.0,C974825713,2793510.23,2999196.58,0,0
235,PAYMENT,19909.54,C967482887,0.0,0.0,M1481877356,0.0,0.0,0,0
231,CASH_IN,154811.78,C2055554998,12086026.12,12240837.91,C12778404,2557048.33,2402236.54,0,0
19,PAYMENT,26969.97,C813997903,33145.77,6175.8,M52886837,0.0,0.0,0,0
9,CASH_OUT,127461.32,C707569480,49771.0,0.0,C522696444,812862.38,1439958.7,0,0
297,CASH_OUT,457752.35,C1441631996,0.0,0.0,C1818735687,2711277.04,3169029.39,0,0
256,CASH_IN,145962.29,C930212363,8034.0,153996.29,C1642953562,1012081.64,866119.36,0,0
35,CASH_OUT,190204.8,C964398738,8629.0,0.0,C2112084700,744208.07,934412.87,0,0
310,TRANSFER,373213.05,C1022894298,49835.0,0.0,C1196317407,0.0,373213.05,0,0
256,CASH_OUT,204233.03,C2136826424,0.0,0.0,C861147836,2531807.37,2736040.4,0,0
250,PAYMENT,2846.89,C730357417,0.0,0.0,M1047188111,0.0,0.0,0,0
305,CASH_IN,271323.96,C1529878564,4180683.35,4452007.32,C1708956726,1086284.84,814960.88,0,0
540,PAYMENT,12607.81,C1756246124,0.0,0.0,M853784749,0.0,0.0,0,0
522,TRANSFER,1716723.08,C1021731438,40738.0,0.0,C1742591694,2676715.71,4393438.79,0,0
406,CASH_OUT,307208.65,C1417612573,0.0,0.0,C2003714184,815519.35,1122728.0,0,0
230,CASH_IN,206696.29,C1148890383,31131.0,237827.29,C503994085,42679.94,0.0,0,0
323,CASH_OUT,76853.48,C783429747,0.0,0.0,C735468984,583865.04,660718.52,0,0
14,CASH_OUT,284740.13,C229487444,202666.09,0.0,C1010765614,4002334.11,4590137.26,0,0
228,PAYMENT,22147.07,C50990348,202023.0,179875.93,M1201878088,0.0,0.0,0,0
302,CASH_IN,246504.51,C1764090131,1845758.91,2092263.41,C1139986945,312927.65,66423.15,0,0
308,PAYMENT,2795.78,C926662164,90052.09,87256.31,M1877981697,0.0,0.0,0,0
251,PAYMENT,41583.0,C1915630834,0.0,0.0,M1606884749,0.0,0.0,0,0
311,CASH_OUT,85284.31,C809081030,0.0,0.0,C949321645,311523.97,396808.29,0,0
93,PAYMENT,1523.44,C1152025933,48931.0,47407.56,M2139326222,0.0,0.0,0,0
352,PAYMENT,16489.66,C1588951728,19957.0,3467.34,M99120412,0.0,0.0,0,0
183,PAYMENT,14933.93,C1581028119,20625.0,5691.07,M1306579485,0.0,0.0,0,0
401,CASH_IN,117884.54,C1779498043,10346.0,128230.54,C531919554,0.0,0.0,0,0
332,CASH_OUT,575953.46,C114062882,0.0,0.0,C704006568,1409604.88,1985558.34,0,0
495,PAYMENT,5257.51,C1964901718,0.0,0.0,M445910060,0.0,0.0,0,0
354,CASH_OUT,36407.49,C450942890,0.0,0.0,C2110623348,7373813.42,7410220.91,0,0
352,CASH_IN,136393.47,C988156037,5522591.98,5658985.46,C1382364774,1377267.51,1240874.04,0,0
353,CASH_OUT,50928.12,C1330598917,3524.0,0.0,C1600739250,0.0,50928.12,0,0
203,PAYMENT,10814.04,C392601864,341333.51,330519.47,M1762405468,0.0,0.0,0,0
249,PAYMENT,22082.79,C1780599455,0.0,0.0,M1872256318,0.0,0.0,0,0
522,CASH_OUT,63197.45,C2139657147,61214.77,0.0,C916911976,35341159.32,35404356.77,0,0
487,PAYMENT,190.11,C2069557093,317471.86,317281.75,M929377603,0.0,0.0,0,0
300,PAYMENT,18573.77,C2095936934,0.0,0.0,M1573821974,0.0,0.0,0,0
331,PAYMENT,11548.21,C459251491,0.0,0.0,M770200934,0.0,0.0,0,0
328,CASH_IN,54885.58,C851137934,127701.0,182586.58,C814655945,0.0,0.0,0,0
135,PAYMENT,1069.3,C813040412,21003.0,19933.7,M1942960446,0.0,0.0,0,0
236,PAYMENT,11785.62,C1137245218,785.0,0.0,M74277928,0.0,0.0,0,0
400,CASH_OUT,352356.55,C1444802417,181384.65,0.0,C409453059,69170.65,421527.21,0,0
281,CASH_OUT,41326.81,C1804069203,96872.0,55545.19,C570328345,407583.67,448910.48,0,0
277,PAYMENT,5172.95,C1907276121,20958.0,15785.05,M1190633124,0.0,0.0,0,0
370,CASH_IN,214866.27,C811895952,0.0,214866.27,C567879143,509209.44,294343.17,0,0
372,CASH_IN,109165.03,C1815965196,10526707.42,10635872.46,C1872934362,1181533.74,1072368.7,0,0
162,CASH_IN,47791.75,C468490468,5805814.25,5853606.0,C1164478130,1174421.64,1126629.9,0,0
19,CASH_IN,270492.96,C186040839,8016910.99,8287403.95,C1730569040,966682.26,517230.39,0,0
164,CASH_OUT,321886.07,C431305871,0.0,0.0,C1148619428,346160.45,668046.52,0,0
299,PAYMENT,1294.81,C1162167990,3845.16,2550.35,M1515121528,0.0,0.0,0,0
226,CASH_IN,320443.18,C1270253919,17146025.0,17466468.18,C845033320,523200.15,202756.97,0,0
373,CASH_OUT,438931.6,C1986544303,12865.37,0.0,C2001761884,878295.35,1317226.95,0,0
36,CASH_OUT,509658.27,C1475105459,35765.0,0.0,C1767067167,8668920.6,9178578.87,0,0
16,CASH_OUT,124427.65,C791956650,90722.0,0.0,C876705422,1570125.13,2042420.12,0,0
48,PAYMENT,13992.14,C62505890,65975.09,51982.95,M1013136406,0.0,0.0,0,0
356,CASH_OUT,40218.1,C695417160,117864.0,77645.9,C1213220450,3796330.28,3836548.38,0,0
692,PAYMENT,1011.31,C1188324042,424.0,0.0,M1500269211,0.0,0.0,0,0
44,CASH_IN,14122.96,C583002857,653015.0,667137.96,C1504009625,758583.73,744460.76,0,0
140,PAYMENT,6504.61,C2030785681,301775.0,295270.39,M728838594,0.0,0.0,0,0
9,TRANSFER,1370976.69,C1881968680,121625.86,0.0,C90705857,102737.0,1956336.57,0,0
258,CASH_IN,36020.01,C2011640509,20500.0,56520.01,C1087679167,0.0,0.0,0,0
258,CASH_IN,169010.43,C1201452605,10418284.71,10587295.14,C606815938,9419505.69,9250495.25,0,0
181,CASH_OUT,104552.45,C754221049,0.0,0.0,C1513800919,129084.63,233637.08,0,0
283,PAYMENT,1500.52,C1566874638,20587.0,19086.48,M301361936,0.0,0.0,0,0
15,CASH_IN,14209.79,C959127081,159.0,14368.79,C1914282536,1959931.42,1945721.63,0,0
300,CASH_OUT,99326.76,C105493865,0.0,0.0,C1764478916,108610.15,207936.91,0,0
404,CASH_OUT,103075.69,C382592266,31692.0,0.0,C1435794231,1608838.67,1711914.35,0,0
284,CASH_OUT,66620.39,C11964286,26853.0,0.0,C889840053,0.0,66620.39,0,0
305,CASH_OUT,309220.96,C819021819,0.0,0.0,C1979188067,344797.69,514686.58,0,0
155,CASH_OUT,205841.02,C735491769,105478.98,0.0,C1029307411,436434.77,642275.78,0,0
140,CASH_OUT,10327.0,C1482992386,310560.0,300233.0,C169969536,557366.19,567693.18,0,0
253,PAYMENT,8455.6,C1806521685,15264.0,6808.4,M706817978,0.0,0.0,0,0
185,PAYMENT,21.01,C154091450,882921.42,882900.4,M49484770,0.0,0.0,0,0
158,CASH_IN,151261.72,C1451698267,1980122.13,2131383.84,C1642666788,3180208.86,3028947.14,0,0
336,PAYMENT,3520.63,C761295732,41902.0,38381.37,M1499927704,0.0,0.0,0,0
260,CASH_IN,541305.41,C1454554384,6825183.19,7366488.59,C214478909,1396239.34,854933.94,0,0
237,PAYMENT,1679.06,C915381750,0.0,0.0,M1167214682,0.0,0.0,0,0
350,CASH_OUT,330028.11,C1401295854,0.0,0.0,C1737701397,1517783.52,1847811.63,0,0
38,PAYMENT,15620.48,C273512416,305.0,0.0,M361426396,0.0,0.0,0,0
236,CASH_OUT,73906.18,C2100292537,13299.0,0.0,C785786919,2991538.96,3065445.14,0,0
398,CASH_IN,336590.92,C130515687,26221788.69,26558379.61,C768935201,2956252.79,2619661.88,0,0
522,CASH_OUT,13993.85,C689032231,3121.0,0.0,C713031413,18680.27,32674.12,0,0
331,CASH_OUT,28266.77,C1221632446,10466.0,0.0,C878057993,5919.19,34185.96,0,0
282,PAYMENT,798.43,C1581323422,0.0,0.0,M859341486,0.0,0.0,0,0
380,CASH_IN,10224.12,C114295460,7967865.6,7978089.72,C637566949,496028.86,485804.74,0,0
402,CASH_OUT,119394.35,C1742831329,0.0,0.0,C1402042164,12547273.43,12685879.85,0,0
42,CASH_IN,45479.96,C1295943106,23107510.97,23152990.92,C245388360,357920.06,312440.1,0,0
187,CASH_OUT,83464.51,C163428888,50133.0,0.0,C1753703611,136580.16,220044.67,0,0
188,CASH_OUT,206822.13,C593251005,0.0,0.0,C953269798,4030845.21,4237667.35,0,0
672,PAYMENT,588.12,C2089559068,10708.0,10119.88,M1627601972,0.0,0.0,0,0
280,DEBIT,495.74,C1694223037,51116.0,50620.26,C50130850,678976.21,679471.95,0,0
189,TRANSFER,144007.78,C1197147733,0.0,0.0,C804731631,2459650.94,2603658.71,0,0
321,TRANSFER,167670.82,C1706704765,0.0,0.0,C2107759515,1317900.59,1485571.41,0,0
39,CASH_OUT,120983.54,C980016238,0.0,0.0,C1145167240,256280.87,377264.41,0,0
594,PAYMENT,17486.4,C605597998,0.0,0.0,M300370247,0.0,0.0,0,0
12,CASH_OUT,142564.65,C51632741,431859.78,289295.13,C1186256103,9860877.21,10465850.59,0,0
36,CASH_IN,371565.46,C827181139,5897451.8,6269017.26,C5985607,389172.73,17607.27,0,0
300,PAYMENT,6153.11,C2121930572,0.0,0.0,M1790504779,0.0,0.0,0,0
17,CASH_OUT,270651.75,C2046727032,0.0,0.0,C968987756,707092.93,977744.67,0,0
258,PAYMENT,17084.26,C1104928667,39524.0,22439.74,M284941678,0.0,0.0,0,0
261,CASH_OUT,15394.99,C1958949159,467.0,0.0,C632055657,20250.16,35645.15,0,0
133,CASH_IN,146125.26,C539825097,69834.0,215959.26,C463881673,469797.88,323672.63,0,0
595,CASH_OUT,103550.34,C1964380989,32396.0,0.0,C272598185,292865.55,409023.86,0,0
282,CASH_OUT,124395.66,C1068404172,0.0,0.0,C175017434,2054988.95,2179384.61,0,0
40,CASH_IN,33253.8,C2107410946,81434.0,114687.8,C850669567,0.0,0.0,0,0
133,CASH_IN,68317.16,C1013710227,1303041.58,1371358.74,C673218270,3584753.33,3516436.18,0,0
402,CASH_IN,16940.52,C795654637,168785.16,185725.68,C1738752432,1590170.3,1573229.78,0,0
278,PAYMENT,7117.49,C1364169549,92733.0,85615.51,M1409580307,0.0,0.0,0,0
348,CASH_OUT,92129.76,C2014749228,6007.0,0.0,C653849054,57211.64,149341.4,0,0
20,CASH_OUT,128680.08,C1153174131,541972.54,413292.45,C1398896731,0.0,128680.08,0,0
10,CASH_IN,28672.3,C1823824475,6054340.33,6083012.63,C1340872163,62912.0,820654.42,0,0
234,CASH_IN,141056.49,C972414023,996625.15,1137681.64,C310924335,313052.03,171995.54,0,0
325,CASH_OUT,377262.44,C1955514891,147.0,0.0,C822558819,0.0,377262.44,0,0
40,PAYMENT,4007.49,C2110840480,0.0,0.0,M684827389,0.0,0.0,0,0
159,CASH_IN,165859.78,C358497378,29956.0,195815.78,C367489166,218723.32,52863.53,0,0
308,CASH_IN,255684.52,C1966123354,1452157.65,1707842.17,C1877496425,6698889.93,6443205.41,0,0
137,CASH_IN,116498.1,C478084270,1889831.49,2006329.59,C339091618,319691.72,203193.62,0,0
43,CASH_IN,186409.97,C1445092355,10605.0,197014.97,C1701702938,0.0,0.0,0,0
230,CASH_IN,76841.32,C792236298,2353989.26,2430830.58,C1007240779,443363.07,366521.75,0,0
162,CASH_OUT,160080.9,C1849875368,14103.0,0.0,C491512289,5106069.12,5266150.02,0,0
184,CASH_IN,319002.12,C139090394,25663.0,344665.12,C2073704139,118297.89,0.0,0,0
21,CASH_OUT,92234.22,C532306420,2721.0,0.0,C468456902,0.0,92234.22,0,0
19,PAYMENT,2332.99,C1424729825,15587.38,13254.38,M1033557463,0.0,0.0,0,0
348,CASH_OUT,341472.96,C650007310,0.0,0.0,C893117818,2257344.17,2598817.13,0,0
164,CASH_IN,41167.54,C1900990458,557582.0,598749.54,C1911662624,0.0,0.0,0,0
133,CASH_OUT,319544.9,C1064047806,14918.0,0.0,C395440249,720409.14,1039954.04,0,0
263,PAYMENT,398.49,C135258999,20196.0,19797.51,M1486923446,0.0,0.0,0,0
275,PAYMENT,7555.72,C1542007554,0.0,0.0,M365531183,0.0,0.0,0,0
155,CASH_IN,308070.32,C1994342225,21390.0,329460.32,C527254484,0.0,0.0,0,0
131,TRANSFER,443142.71,C1732139254,29355.0,0.0,C2125159934,0.0,443142.71,0,0
136,TRANSFER,909764.69,C1277529112,304599.0,0.0,C151735436,285162.17,1194926.86,0,0
34,CASH_IN,420984.71,C251833711,1768430.46,2189415.18,C1655192155,999086.92,855189.92,0,0
393,CASH_OUT,114776.72,C522905394,0.0,0.0,C1087037489,273445.38,388222.1,0,0
33,PAYMENT,3717.11,C77282524,0.0,0.0,M1124861670,0.0,0.0,0,0
20,PAYMENT,2763.31,C1645127022,87579.71,84816.39,M66269961,0.0,0.0,0,0
544,PAYMENT,24029.12,C690778668,0.0,0.0,M1542455093,0.0,0.0,0,0
373,TRANSFER,539662.08,C1101771325,0.0,0.0,C1164304550,879688.43,1419350.51,0,0
297,CASH_IN,642444.02,C1155547196,12688.0,655132.02,C1932025225,0.0,0.0,0,0
7,PAYMENT,11025.07,C475341694,25676.0,14650.93,M1066369235,0.0,0.0,0,0
17,PAYMENT,2623.73,C1426424122,22076.0,19452.27,M196569364,0.0,0.0,0,0
348,PAYMENT,7609.8,C2058882380,202534.24,194924.44,M994552160,0.0,0.0,0,0
408,CASH_OUT,68700.13,C1942458549,119607.11,50906.98,C662894394,3761333.48,3830033.61,0,0
184,PAYMENT,7535.38,C1479145961,54013.0,46477.62,M2144705800,0.0,0.0,0,0
380,CASH_IN,203264.32,C1279320445,2972249.36,3175513.68,C394933721,294847.77,91583.45,0,0
184,PAYMENT,7135.17,C1498892070,0.0,0.0,M1985482166,0.0,0.0,0,0
15,CASH_OUT,114800.33,C766418779,0.0,0.0,C873744218,1775203.26,1890003.59,0,0
331,PAYMENT,44610.12,C1617912210,0.0,0.0,M909167661,0.0,0.0,0,0
347,PAYMENT,47100.8,C837259566,30048.0,0.0,M1776446388,0.0,0.0,0,0
10,PAYMENT,8191.07,C90623356,0.0,0.0,M1999783139,0.0,0.0,0,0
379,CASH_OUT,259063.22,C1900847997,0.0,0.0,C1394187761,1188464.91,1447528.13,0,0
186,DEBIT,4841.6,C658162711,2334.0,0.0,C764993772,703114.14,707955.75,0,0
395,CASH_OUT,88428.81,C1976184404,8521.0,0.0,C431505371,275367.2,363796.01,0,0
329,PAYMENT,23382.81,C638114274,0.0,0.0,M2043685294,0.0,0.0,0,0
404,CASH_OUT,106705.83,C1218400516,42237.0,0.0,C323675413,109463.62,216169.45,0,0
9,CASH_IN,71916.55,C1005129306,7226385.1,7298301.65,C1635448141,214896.24,775469.15,0,0
353,TRANSFER,1308531.74,C101001051,230997.82,0.0,C1439445938,3900167.97,5404313.48,0,0
10,CASH_IN,11219.78,C21521055,4344393.54,4355613.32,C2121674731,80808.87,2925303.05,0,0
710,PAYMENT,41411.9,C78835841,10880.0,0.0,M1235687734,0.0,0.0,0,0
227,CASH_OUT,359066.32,C95375497,43828.0,0.0,C1350103839,0.0,359066.32,0,0
14,CASH_OUT,196494.47,C2001527717,0.0,0.0,C1929097404,1036730.98,1233225.44,0,0
301,PAYMENT,23787.65,C997988165,0.0,0.0,M267520032,0.0,0.0,0,0
347,CASH_IN,70866.63,C278508247,2882293.55,2953160.18,C614463619,1747791.94,1676925.31,0,0
356,CASH_IN,87248.62,C1066153058,10860.0,98108.62,C2107155734,130909.5,43660.88,0,0
8,TRANSFER,626382.52,C449690446,1196.0,0.0,C732929236,13.0,883141.75,0,0
140,CASH_OUT,6403.09,C948379043,0.0,0.0,C2060664104,3072700.66,3079103.75,0,0
382,TRANSFER,327074.87,C1984080331,21687.5,0.0,C304559274,1221987.07,1549061.95,0,0
210,CASH_IN,290006.42,C1026177765,3526381.24,3816387.66,C683237535,2226529.0,1936522.58,0,0
396,TRANSFER,965182.18,C314880731,0.0,0.0,C1362943525,8672052.25,9637234.43,0,0
130,PAYMENT,28749.37,C2075905705,0.0,0.0,M1265017580,0.0,0.0,0,0
11,PAYMENT,26667.77,C2026033829,0.0,0.0,M1803840354,0.0,0.0,0,0
36,CASH_OUT,150916.58,C1281892816,0.0,0.0,C814473635,3244539.15,3395455.73,0,0
186,CASH_OUT,242766.15,C681576334,0.0,0.0,C1869632735,378006.65,620772.8,0,0
15,CASH_OUT,8976.19,C1642386539,160315.0,151338.81,C1086607874,0.0,8976.19,0,0
303,CASH_OUT,297446.73,C1222856582,9177.0,0.0,C959586731,0.0,297446.73,0,0
184,CASH_IN,58645.97,C2134638011,154823.47,213469.44,C461682164,672988.99,614343.03,0,0
18,CASH_IN,46814.27,C1971454314,34664.0,81478.27,C641531186,124259.06,77444.78,0,0
522,CASH_IN,21167.34,C335638322,5299304.31,5320471.65,C133744618,838451.26,817283.92,0,0
259,CASH_IN,127593.05,C939086060,21248793.74,21376386.8,C1262112975,221600.67,94007.61,0,0
188,CASH_IN,203839.72,C714995566,1288565.1,1492404.83,C1202844162,207748.58,3908.85,0,0
687,PAYMENT,23219.21,C1163171966,60.0,0.0,M560666829,0.0,0.0,0,0
43,TRANSFER,1482258.53,C1433672082,0.0,0.0,C833334386,7556988.3,9039246.82,0,0
306,CASH_OUT,617952.24,C1508240603,0.0,0.0,C2077589714,2922415.63,3540367.87,0,0
259,CASH_OUT,208054.17,C1449035205,0.0,0.0,C997081044,346884.77,554938.94,0,0
582,PAYMENT,884.83,C1982025122,0.0,0.0,M494122625,0.0,0.0,0,0
14,PAYMENT,13851.35,C1665356629,0.0,0.0,M525414157,0.0,0.0,0,0
307,TRANSFER,1694753.42,C1983382769,99250.0,0.0,C1454172890,0.0,1694753.42,0,0
162,PAYMENT,6388.43,C744631373,0.0,0.0,M1174637618,0.0,0.0,0,0
94,PAYMENT,7800.52,C1390715837,0.0,0.0,M1918807192,0.0,0.0,0,0
34,CASH_OUT,394371.24,C1644372597,0.0,0.0,C146981704,2304498.7,2698869.94,0,0
257,CASH_OUT,25701.63,C2083170691,110627.62,84925.99,C334562647,67626.87,93328.5,0,0
7,PAYMENT,6090.58,C781550511,17079.0,10988.42,M338684257,0.0,0.0,0,0
277,TRANSFER,283749.49,C81660070,0.0,0.0,C1244207899,660954.84,944704.33,0,0
255,CASH_OUT,99857.91,C2073539570,0.0,0.0,C1512964961,430570.09,530428.0,0,0
139,CASH_OUT,156350.69,C1355188592,0.0,0.0,C330839631,899153.04,1055503.74,0,0
401,CASH_OUT,146114.12,C554840288,46067.91,0.0,C1305407034,4393970.3,4540084.42,0,0
260,PAYMENT,4670.57,C486638283,0.0,0.0,M1702606677,0.0,0.0,0,0
299,PAYMENT,3329.27,C2014164279,27882.79,24553.52,M1797244842,0.0,0.0,0,0
139,PAYMENT,12764.85,C214365507,102631.03,89866.18,M1966447813,0.0,0.0,0,0
548,PAYMENT,7004.85,C596830911,40708.0,33703.15,M1054755031,0.0,0.0,0,0
34,TRANSFER,489659.3,C1157630564,7524.0,0.0,C652323210,129672.95,628185.24,0,0
398,PAYMENT,10485.03,C1607173691,20314.0,9828.97,M732492441,0.0,0.0,0,0
692,CASH_IN,206100.45,C1586570964,4680677.0,4886777.45,C1339588160,724279.74,518179.29,0,0
153,CASH_OUT,288482.35,C1443685146,0.0,0.0,C1617941510,4233040.7,4521523.04,0,0
395,PAYMENT,15109.97,C100708839,0.0,0.0,M1814443830,0.0,0.0,0,0
129,PAYMENT,1170.57,C438102932,134492.0,133321.43,M1752726970,0.0,0.0,0,0
22,CASH_OUT,75182.25,C385385162,13152.0,0.0,C1081989118,316787.63,391969.88,0,0
181,CASH_OUT,228002.41,C738948109,449.0,0.0,C759241522,331437.21,559439.62,0,0
251,CASH_IN,280579.45,C1583321868,7271449.09,7552028.54,C1987351162,469446.48,188867.04,0,0
142,PAYMENT,6018.8,C1835064214,0.0,0.0,M333571073,0.0,0.0,0,0
400,CASH_OUT,115817.95,C687961007,0.0,0.0,C832762371,9725691.82,9841509.77,0,0
186,TRANSFER,565395.24,C1133515775,0.0,0.0,C455342121,821286.83,1386682.06,0,0
286,PAYMENT,19962.0,C1162810313,0.0,0.0,M596960854,0.0,0.0,0,0
231,CASH_IN,332379.73,C1671317439,1434423.83,1766803.56,C966783620,540338.34,207958.61,0,0
229,CASH_IN,81123.85,C1844927819,22176.0,103299.85,C1093568971,7996.19,0.0,0,0
347,CASH_IN,227540.72,C1438853732,833.0,228373.72,C1918174262,479703.06,252162.34,0,0
324,CASH_OUT,101140.18,C2028407911,0.0,0.0,C1320872205,380820.25,481960.43,0,0
406,CASH_IN,186598.88,C1997345551,20924.0,207522.88,C1196865366,0.0,0.0,0,0
259,PAYMENT,15151.02,C1334381230,252065.0,236913.98,M1753936109,0.0,0.0,0,0
184,CASH_IN,207142.52,C915246695,2529086.72,2736229.24,C522593182,4453693.25,4246550.73,0,0
134,CASH_OUT,194603.36,C843815008,0.0,0.0,C934168384,3527089.88,3721693.24,0,0
282,PAYMENT,5589.92,C877634368,0.0,0.0,M663622956,0.0,0.0,0,0
332,CASH_OUT,174737.75,C1706542800,0.0,0.0,C590522598,273641.38,448379.13,0,0
137,CASH_IN,280645.15,C1163338351,1178.0,281823.15,C1994413249,0.0,0.0,0,0
19,TRANSFER,111010.74,C268643367,0.0,0.0,C690809878,3706483.79,3817494.53,0,0
403,PAYMENT,14674.61,C419474228,0.0,0.0,M2099941260,0.0,0.0,0,0
255,PAYMENT,16607.7,C1081941443,1134.0,0.0,M975936087,0.0,0.0,0,0
164,CASH_OUT,79704.52,C1260126897,99334.0,19629.48,C1624533975,5642747.35,5722451.87,0,0
252,CASH_OUT,506830.02,C1353379527,5975.0,0.0,C884042148,75081.92,581911.93,0,0
404,CASH_OUT,187401.01,C161650973,35.0,0.0,C1257765523,88530.82,275931.83,0,0
161,CASH_IN,175744.7,C1956295747,8143958.07,8319702.78,C1007856398,179971.07,4226.37,0,0
275,CASH_OUT,58358.9,C1811147241,0.0,0.0,C151012172,327680.43,386039.33,0,0
157,CASH_IN,51440.87,C705836989,6647380.64,6698821.52,C99043686,197628.37,146187.5,0,0
34,CASH_IN,65457.44,C251631916,6219987.47,6285444.91,C223402148,556957.87,491500.43,0,0
406,PAYMENT,10266.62,C142958500,222476.0,212209.38,M190462924,0.0,0.0,0,0
281,PAYMENT,8911.61,C549693422,171.0,0.0,M2102425208,0.0,0.0,0,0
236,CASH_IN,137940.97,C993254230,23232202.06,23370143.03,C440700647,1058908.76,920967.8,0,0
371,TRANSFER,168067.09,C864094943,0.0,0.0,C1192472312,11970323.85,12138390.94,0,0
10,CASH_OUT,200728.57,C1900098903,0.0,0.0,C1917025677,1549709.9,1750438.47,0,0
14,PAYMENT,7973.4,C1093528175,0.0,0.0,M31803960,0.0,0.0,0,0
306,CASH_OUT,2736.63,C1354137186,30562.0,27825.37,C1832474094,2722998.28,2725734.91,0,0
164,TRANSFER,18153.02,C23924507,0.0,0.0,C1823049534,322232.43,340385.45,0,0
371,CASH_OUT,382236.48,C603479508,106094.0,0.0,C125038973,1928038.64,2310275.12,0,0
377,CASH_IN,15374.32,C30855689,219776.0,235150.32,C340195599,0.0,0.0,0,0
227,CASH_IN,118269.62,C971652371,1088020.18,1206289.8,C1798553264,129005.75,10736.14,0,0
264,CASH_OUT,136203.19,C1006483999,0.0,0.0,C991729656,1331145.03,1467348.22,0,0
259,PAYMENT,5185.5,C1371879044,453332.0,448146.5,M824133542,0.0,0.0,0,0
255,CASH_IN,212812.25,C49581628,7805250.11,8018062.36,C118865901,2767290.37,2554478.12,0,0
234,CASH_OUT,60053.1,C576897490,52187.51,0.0,C670281832,291221.89,351274.99,0,0
231,PAYMENT,13963.68,C928879245,0.0,0.0,M308229666,0.0,0.0,0,0
17,CASH_OUT,30089.25,C1006161559,0.0,0.0,C1318038292,4189312.15,4219401.39,0,0
329,CASH_OUT,58732.6,C79655630,0.0,0.0,C1413810305,2969248.34,3027980.94,0,0
205,PAYMENT,23370.31,C1270677146,0.0,0.0,M1282805636,0.0,0.0,0,0
326,PAYMENT,21479.49,C23124701,10227.0,0.0,M1314180139,0.0,0.0,0,0
301,PAYMENT,20642.57,C1587766650,0.0,0.0,M1736785064,0.0,0.0,0,0
307,CASH_OUT,178353.59,C1889270441,244403.0,66049.41,C410927146,117503.65,295857.24,0,0
42,CASH_OUT,82673.13,C1301475698,0.0,0.0,C785730045,873876.24,956549.37,0,0
402,CASH_IN,123667.62,C779092977,2176951.03,2300618.65,C662281354,359497.41,235829.79,0,0
403,CASH_OUT,137170.02,C2020141081,245210.0,108039.98,C627698095,16009.81,153179.82,0,0
182,CASH_OUT,265384.94,C1216891256,0.0,0.0,C11047846,694817.11,960202.06,0,0
612,CASH_IN,67133.26,C2007914701,4452118.75,4519252.01,C1083467275,3185148.19,3118014.93,0,0
24,CASH_OUT,55188.16,C976841999,0.0,0.0,C327467918,76033.14,131221.3,0,0
351,CASH_IN,146576.93,C1175932264,15069300.9,15215877.83,C1072738137,1504113.57,1357536.64,0,0
399,CASH_OUT,195148.4,C1599525149,0.0,0.0,C881612691,1701305.09,1896453.48,0,0
230,TRANSFER,221295.8,C1896789920,60691.0,0.0,C1241763938,1732715.32,1954011.12,0,0
323,TRANSFER,9157774.1,C34683828,0.0,0.0,C1585046917,12145027.72,21302801.82,0,0
715,CASH_OUT,76668.78,C1088919421,52147.0,0.0,C1815211997,0.0,76668.78,0,0
329,CASH_IN,325867.22,C515858592,2842944.99,3168812.21,C1528889531,818367.25,492500.02,0,0
236,DEBIT,6907.71,C1286886516,8494.0,1586.29,C1684516585,2278121.91,2285029.62,0,0
202,CASH_IN,236182.18,C1090235027,8371412.54,8607594.72,C1706210974,5303236.82,5067054.64,0,0
282,CASH_IN,5386.5,C2124286900,224.0,5610.5,C1594213438,0.0,0.0,0,0
212,CASH_OUT,209621.22,C1788773245,1023.0,0.0,C721579810,181284.59,390905.81,0,0
230,CASH_OUT,192457.53,C266423921,24963.0,0.0,C894341499,0.0,192457.53,0,0
281,PAYMENT,32885.32,C1953765919,0.0,0.0,M549319120,0.0,0.0,0,0
500,CASH_OUT,25138.85,C1881761669,0.0,0.0,C1123336970,4326146.08,4351284.93,0,0
530,CASH_OUT,31002.16,C881564389,0.0,0.0,C1207231020,298524.46,329526.62,0,0
691,CASH_IN,243864.2,C584496083,11371.0,255235.2,C977520525,0.0,0.0,0,0
227,CASH_OUT,173114.36,C888115907,99007.0,0.0,C1931275785,0.0,173114.36,0,0
229,PAYMENT,15981.24,C953569727,10261.0,0.0,M182368024,0.0,0.0,0,0
401,PAYMENT,16076.14,C438899329,0.0,0.0,M1265666032,0.0,0.0,0,0
550,PAYMENT,17164.15,C1668863784,60947.37,43783.22,M281197903,0.0,0.0,0,0
284,CASH_IN,89847.61,C1589375173,369330.0,459177.61,C361954182,36615.01,0.0,0,0
380,CASH_OUT,215130.26,C1285528949,7089.0,0.0,C944134840,49068.71,264198.97,0,0
41,CASH_OUT,264556.03,C1848519146,3534.0,0.0,C1656098678,3494910.19,3759466.23,0,0
353,CASH_OUT,153084.06,C851034563,6651.0,0.0,C1305892452,351320.68,504404.74,0,0
139,CASH_IN,482469.27,C568295301,29337.0,511806.27,C1004347531,1169890.11,687420.84,0,0
398,TRANSFER,975308.47,C520489805,4063.0,0.0,C184823488,0.0,975308.47,0,0
302,PAYMENT,805.69,C381808769,2510.0,1704.31,M1286555376,0.0,0.0,0,0
15,CASH_OUT,412024.6,C1684606694,0.0,0.0,C257769859,625596.1,1037620.7,0,0
300,CASH_OUT,109255.18,C1951671679,159.0,0.0,C1737640425,0.0,109255.18,0,0
35,CASH_OUT,210583.39,C188966514,0.0,0.0,C1772570511,8387024.28,8597607.67,0,0
259,PAYMENT,4759.52,C279281414,0.0,0.0,M149585336,0.0,0.0,0,0
186,PAYMENT,13877.19,C1911144389,863.0,0.0,M2119768106,0.0,0.0,0,0
236,CASH_OUT,114262.81,C155484280,0.0,0.0,C65584833,931725.39,1045988.2,0,0
19,CASH_OUT,181610.21,C1375688587,0.0,0.0,C888093970,437263.12,853949.74,0,0
187,CASH_OUT,27277.27,C1630659449,0.0,0.0,C254562713,855142.13,882419.39,0,0
256,TRANSFER,237366.9,C1465489020,100427.0,0.0,C224885983,0.0,237366.9,0,0
396,PAYMENT,18822.28,C366090734,0.0,0.0,M1964465225,0.0,0.0,0,0
284,CASH_OUT,85768.57,C1551407759,29787.0,0.0,C308435087,1987253.12,2073021.69,0,0
226,CASH_OUT,204905.53,C1829022876,0.0,0.0,C1086856531,253690.55,247211.77,0,0
496,CASH_IN,130231.53,C949737559,3228261.46,3358492.99,C1938348365,7987011.18,7856779.65,0,0
256,CASH_IN,4876.9,C635299046,156600.0,161476.9,C661635626,650340.73,645463.83,0,0
47,CASH_IN,73876.07,C751729844,6248539.28,6322415.35,C1266221621,177749.09,103873.02,0,0
206,DEBIT,4870.47,C1319982152,0.0,0.0,C362707105,263391.14,268261.61,0,0
163,PAYMENT,106.74,C1444643504,0.0,0.0,M1882664219,0.0,0.0,0,0
180,PAYMENT,12217.15,C891012185,275808.62,263591.48,M1199821324,0.0,0.0,0,0
139,CASH_IN,50561.55,C729599588,3189436.34,3239997.89,C1812620267,428670.16,628724.82,0,0
397,CASH_OUT,259777.14,C487926945,0.0,0.0,C383870466,453902.3,713679.45,0,0
211,CASH_IN,179380.61,C1137562555,25938.0,205318.61,C2135931580,107473.41,0.0,0,0
212,PAYMENT,5684.65,C1681569159,233.0,0.0,M619901243,0.0,0.0,0,0
260,CASH_OUT,248071.15,C447664275,0.0,0.0,C528423552,349468.33,597539.48,0,0
229,CASH_IN,333610.33,C332055833,51640.0,385250.33,C922343239,4365170.57,4031560.25,0,0
210,CASH_IN,201376.1,C2142514052,4229253.09,4430629.19,C1106054681,576990.93,375614.83,0,0
208,CASH_OUT,336113.5,C229920518,51058.0,0.0,C1535286374,0.0,336113.5,0,0
252,CASH_IN,436916.99,C186972452,6043662.29,6480579.28,C484928889,4984364.24,4547447.25,0,0
180,PAYMENT,41510.63,C676275875,0.0,0.0,M906068097,0.0,0.0,0,0
38,CASH_IN,101790.77,C2110544539,261.0,102051.77,C1654995073,0.0,0.0,0,0
283,PAYMENT,244.61,C1800182994,0.0,0.0,M1381097404,0.0,0.0,0,0
352,CASH_OUT,266085.67,C1361993677,41681.0,0.0,C1533208609,0.0,266085.67,0,0
19,TRANSFER,60740.94,C1384074235,10875.0,0.0,C906676977,877544.57,938285.51,0,0
404,CASH_OUT,216390.55,C620965091,0.0,0.0,C678385085,1816898.03,2033288.57,0,0
256,PAYMENT,7564.46,C105655936,0.0,0.0,M1311247850,0.0,0.0,0,0
393,CASH_OUT,133204.59,C1168111619,0.0,0.0,C1640033523,8352004.72,8485209.31,0,0
154,TRANSFER,343845.04,C909327576,0.0,0.0,C623753918,1196834.86,1540679.9,0,0
33,CASH_IN,31648.74,C197292667,18933964.73,18965613.47,C1902935023,500067.89,468419.15,0,0
185,CASH_OUT,112936.54,C1854620092,0.0,0.0,C529776352,2203254.02,2316190.56,0,0
181,PAYMENT,5703.97,C786061671,58849.25,53145.28,M210896190,0.0,0.0,0,0
137,PAYMENT,22083.79,C90361862,0.0,0.0,M51116045,0.0,0.0,0,0
41,TRANSFER,816046.96,C1704405232,0.0,0.0,C494891258,1224111.25,2646714.17,0,0
227,CASH_OUT,81318.97,C1433070893,0.0,0.0,C931127493,526305.33,607624.3,0,0
235,PAYMENT,6910.06,C1006290731,87.0,0.0,M1653181388,0.0,0.0,0,0
373,CASH_IN,314113.18,C1294114068,2701840.03,3015953.21,C1886619565,609839.24,295726.06,0,0
355,CASH_OUT,183368.11,C1176262793,1076.0,0.0,C564369026,517808.97,798923.56,0,0
43,PAYMENT,9839.4,C282168557,0.0,0.0,M1139133508,0.0,0.0,0,0
179,CASH_OUT,376297.39,C60202137,0.0,0.0,C1100584947,4547515.21,5455360.53,0,0
300,CASH_IN,63678.17,C827078054,6124283.54,6187961.71,C971235236,72399.27,8721.1,0,0
379,CASH_IN,84111.0,C116438027,4323297.61,4407408.61,C913347580,115518.69,31407.69,0,0
229,CASH_OUT,149570.27,C1680223949,0.0,0.0,C524219315,323722.03,473292.3,0,0
325,PAYMENT,28122.99,C1568328091,70989.0,42866.01,M1551236877,0.0,0.0,0,0
162,CASH_IN,88678.14,C592971262,502981.0,591659.14,C859040666,258651.98,169973.84,0,0
133,CASH_IN,266565.49,C1042320671,1570643.86,1837209.34,C1812845237,3520453.97,3253888.49,0,0
186,CASH_OUT,359932.39,C355738454,60836.0,0.0,C171889661,666500.78,1026433.17,0,0
230,CASH_OUT,228335.89,C938927550,0.0,0.0,C268986899,700970.58,929306.47,0,0
252,PAYMENT,45812.31,C93479066,15749.0,0.0,M2003720615,0.0,0.0,0,0
691,CASH_IN,156527.82,C393541722,2327835.99,2484363.81,C614350402,215305.54,58777.72,0,0
281,CASH_OUT,113820.16,C609034385,0.0,0.0,C143367629,324121.47,437941.63,0,0
40,TRANSFER,1835350.12,C612829614,51449.0,0.0,C835668232,193399.3,2028749.42,0,0
355,CASH_OUT,177565.14,C164770634,0.0,0.0,C231150098,1313883.32,1491448.46,0,0
308,PAYMENT,26858.23,C1527913135,271451.18,244592.95,M827733048,0.0,0.0,0,0
20,PAYMENT,16363.51,C1165630307,0.0,0.0,M900353803,0.0,0.0,0,0
43,TRANSFER,837211.43,C3086947,278068.51,0.0,C878817646,929982.33,1767193.76,0,0
283,PAYMENT,5412.21,C1402199795,28811.0,23398.79,M1643212129,0.0,0.0,0,0
260,CASH_IN,156839.1,C1232036008,1201977.96,1358817.07,C157941891,173684.11,16845.01,0,0
284,CASH_OUT,219526.28,C1080883706,0.0,0.0,C1196869691,1655275.7,1874801.98,0,0
328,CASH_OUT,406826.63,C1392170418,22498.0,0.0,C797661854,12768756.61,13175583.23,0,0
546,TRANSFER,1292913.63,C493345871,0.0,0.0,C1902121954,4808534.2,6101447.83,0,0
203,CASH_IN,92677.15,C957021446,31194.0,123871.15,C1186824807,5090.46,0.0,0,0
39,PAYMENT,5651.09,C1138932727,27800.0,22148.91,M736335411,0.0,0.0,0,0
230,TRANSFER,455164.75,C1325820778,0.0,0.0,C1881116631,1579750.92,2034915.67,0,0
373,PAYMENT,18417.89,C2066475480,0.0,0.0,M613251643,0.0,0.0,0,0
229,PAYMENT,12838.64,C1826680969,0.0,0.0,M1242562487,0.0,0.0,0,0
299,PAYMENT,14256.06,C1939457523,0.0,0.0,M1720298984,0.0,0.0,0,0
306,PAYMENT,1215.27,C712623758,0.0,0.0,M338277318,0.0,0.0,0,0
518,CASH_OUT,422884.92,C253342214,213027.0,0.0,C2051329152,341558.89,764443.81,0,0
278,CASH_OUT,124240.85,C1358281997,107736.0,0.0,C1137395234,3017698.76,3141939.6,0,0
161,CASH_IN,419740.05,C1897675858,21433.0,441173.05,C1464583453,59073.0,0.0,0,0
322,CASH_IN,256548.58,C693459885,140716.0,397264.58,C2066435926,211578.73,0.0,0,0
164,CASH_OUT,130634.64,C1541228336,909811.32,779176.69,C1445385477,2543935.58,2674570.21,0,0
357,CASH_IN,117313.69,C496883911,11641373.18,11758686.88,C1874439761,139561.59,22247.89,0,0
226,CASH_IN,238274.47,C1918034609,13367715.16,13605989.63,C1438594533,291610.81,53336.35,0,0
40,PAYMENT,1269.31,C2146980908,0.0,0.0,M729006702,0.0,0.0,0,0
280,CASH_IN,25043.99,C1494040015,83081.0,108124.99,C756340361,59006.94,33962.95,0,0
297,CASH_OUT,262403.76,C748224436,0.0,0.0,C578294406,11058135.25,11320539.02,0,0
405,CASH_OUT,390887.23,C1977855271,0.0,0.0,C1614198924,2273497.35,2664384.57,0,0
358,PAYMENT,22323.12,C748523977,0.0,0.0,M1820552308,0.0,0.0,0,0
137,CASH_OUT,448712.58,C1813821115,21030.0,0.0,C171269045,212853.68,661566.26,0,0
234,CASH_IN,327563.45,C1152371303,70854.0,398417.45,C912319395,0.0,0.0,0,0
378,TRANSFER,342970.31,C1571657161,148905.5,0.0,C1182420023,3373617.47,3716587.78,0,0
395,CASH_OUT,338662.88,C973373353,0.0,0.0,C1831166097,571672.78,910335.66,0,0
406,PAYMENT,22775.55,C477359211,0.0,0.0,M954758283,0.0,0.0,0,0
11,CASH_OUT,343248.72,C1984170954,0.0,0.0,C1223591088,535197.67,989674.54,0,0
350,CASH_OUT,115358.09,C2121526309,0.0,0.0,C1830751815,1818554.02,1933912.11,0,0
252,TRANSFER,58470.81,C246728710,0.0,0.0,C428779625,897799.77,956270.58,0,0
284,CASH_OUT,42961.66,C1459966497,515.0,0.0,C1095518292,1001532.92,1044494.58,0,0
307,CASH_OUT,89169.42,C1974160420,30359.0,0.0,C976528914,2948116.52,3037285.94,0,0
393,PAYMENT,17851.96,C1988274788,128.0,0.0,M2078053625,0.0,0.0,0,0
14,TRANSFER,1278290.0,C1039991086,1138.0,0.0,C933731662,416.0,1055764.87,0,0
258,CASH_OUT,225950.32,C1314378879,0.0,0.0,C323154955,694317.26,920267.58,0,0
226,CASH_IN,386819.15,C1454333522,21730.0,408549.15,C1985215129,761473.9,374654.74,0,0
22,PAYMENT,10244.9,C1069289243,56226.0,45981.1,M681534877,0.0,0.0,0,0
131,CASH_OUT,241816.79,C1759685422,56013.0,0.0,C2005816332,511231.33,753048.12,0,0
301,PAYMENT,65753.26,C1797539675,0.0,0.0,M549081503,0.0,0.0,0,0
208,CASH_OUT,210164.91,C2056721862,0.0,0.0,C1233353459,10609109.25,10819274.16,0,0
204,PAYMENT,8264.29,C997792622,424.0,0.0,M1764858442,0.0,0.0,0,0
374,PAYMENT,393.42,C2027807360,1474.0,1080.58,M249635645,0.0,0.0,0,0
34,CASH_OUT,1791.57,C1977717669,0.0,0.0,C1531514206,8809629.86,8811421.44,0,0
139,PAYMENT,17632.92,C626058663,104959.69,87326.76,M873668370,0.0,0.0,0,0
306,CASH_IN,63340.8,C66639355,3537617.8,3600958.6,C152350332,92023.02,28682.23,0,0
311,CASH_OUT,60879.3,C70623847,40581.27,0.0,C797205646,10659023.32,10719902.62,0,0
259,CASH_IN,87750.91,C1815373239,162856.0,250606.91,C1200430619,98779.63,11028.71,0,0
330,CASH_OUT,106625.04,C430730995,0.0,0.0,C1140321650,1377931.89,1484556.92,0,0
37,TRANSFER,195065.96,C549949146,0.0,0.0,C2078939439,3693919.06,3888985.02,0,0
705,PAYMENT,9985.73,C202113057,194639.21,184653.48,M1652969983,0.0,0.0,0,0
566,CASH_IN,315928.03,C348042702,5841947.62,6157875.65,C1368816469,612483.75,296555.73,0,0
180,CASH_OUT,222336.42,C324985758,30567.0,0.0,C1720112356,402470.75,624807.16,0,0
19,CASH_OUT,123015.16,C187702464,20895.0,0.0,C1439691774,0.0,123015.16,0,0
210,PAYMENT,6748.14,C1291688642,0.0,0.0,M156647678,0.0,0.0,0,0
211,CASH_OUT,109415.76,C322905829,11695.0,0.0,C1564345300,0.0,109415.76,0,0
355,PAYMENT,10675.42,C1827173320,148225.42,137550.0,M2126439970,0.0,0.0,0,0
162,CASH_OUT,105538.5,C1259523923,254081.0,148542.5,C1534098870,0.0,105538.5,0,0
186,PAYMENT,3827.91,C224314404,103920.0,100092.09,M1321711084,0.0,0.0,0,0
378,CASH_OUT,188503.43,C308886941,0.0,0.0,C1047778186,3292256.88,3480760.3,0,0
183,CASH_OUT,218422.69,C402643754,0.0,0.0,C930770495,235150.81,453573.5,0,0
37,PAYMENT,7595.96,C678774430,0.0,0.0,M1691042940,0.0,0.0,0,0
404,PAYMENT,4788.92,C155855817,2559.0,0.0,M1300812859,0.0,0.0,0,0
303,TRANSFER,440172.3,C2059263207,0.0,0.0,C2033423739,537337.4,977509.7,0,0
142,CASH_IN,102679.36,C1411164795,30965.0,133644.36,C132146742,0.0,0.0,0,0
205,CASH_OUT,219112.5,C1378611915,0.0,0.0,C1021026993,1436234.03,1655346.53,0,0
330,TRANSFER,111726.33,C946512142,0.0,0.0,C197047962,721582.18,833308.51,0,0
619,CASH_OUT,279610.1,C741158598,0.0,0.0,C1234971247,3285104.15,3564714.24,0,0
157,CASH_OUT,330465.95,C1545453103,103653.0,0.0,C2035525206,2811828.93,3142294.88,0,0
8,PAYMENT,1190.62,C1339643349,331312.28,330121.66,M816106367,0.0,0.0,0,0
406,CASH_IN,248798.38,C260774281,3047385.62,3296184.0,C235317567,7746028.86,7497230.48,0,0
540,CASH_OUT,128722.61,C299613653,0.0,0.0,C496698697,649342.61,778065.23,0,0
380,CASH_OUT,27504.14,C2042544081,97245.0,69740.86,C45635713,0.0,27504.14,0,0
420,CASH_OUT,275127.75,C668488238,0.0,0.0,C2094864157,2042495.79,2317623.54,0,0
259,CASH_IN,365197.09,C17947345,9198451.32,9563648.41,C891230760,1408403.5,979515.29,0,0
401,CASH_IN,158747.02,C670091670,49543.0,208290.02,C1332613087,0.0,0.0,0,0
251,PAYMENT,18231.84,C1940379101,0.0,0.0,M1510622024,0.0,0.0,0,0
398,PAYMENT,4532.77,C793343515,0.0,0.0,M346597196,0.0,0.0,0,0
234,CASH_OUT,77953.31,C1549788065,0.0,0.0,C1724100882,415541.41,493494.72,0,0
34,PAYMENT,1865.53,C88659342,347568.25,345702.72,M915485154,0.0,0.0,0,0
203,CASH_OUT,390368.48,C1347669713,29417.38,0.0,C908625660,757465.62,1147834.1,0,0
255,PAYMENT,18749.81,C530045921,0.0,0.0,M1141592119,0.0,0.0,0,0
217,CASH_OUT,183551.38,C99173163,4111.92,0.0,C1987511205,233613.34,417164.72,0,0
304,PAYMENT,4852.69,C1019336762,339.0,0.0,M505962295,0.0,0.0,0,0
129,CASH_OUT,134825.38,C708583190,6093.0,0.0,C524991582,945527.54,1080352.92,0,0
308,CASH_OUT,141920.68,C1886492130,211532.0,69611.32,C1642815169,0.0,141920.68,0,0
331,CASH_IN,235574.6,C1299110449,2694029.37,2929603.97,C826652649,2699515.03,2463940.43,0,0
380,CASH_OUT,148759.67,C735849969,180.0,0.0,C797744267,0.0,148759.67,0,0
385,PAYMENT,4517.9,C379927489,2476.0,0.0,M1122819671,0.0,0.0,0,0
380,PAYMENT,13707.38,C646309291,491072.0,477364.62,M1309104557,0.0,0.0,0,0
135,PAYMENT,23402.05,C1821978981,11165.0,0.0,M796832254,0.0,0.0,0,0
188,CASH_OUT,107012.23,C1905857575,875613.0,768600.77,C797113688,3104966.75,3211978.98,0,0
211,PAYMENT,11740.18,C1940191112,111036.0,99295.82,M1531478357,0.0,0.0,0,0
236,CASH_OUT,160847.11,C491787259,9598.0,0.0,C559353875,632.0,161479.11,0,0
299,CASH_OUT,127755.08,C404548703,267431.13,139676.05,C781179513,301666.29,429421.37,0,0
208,TRANSFER,471749.46,C290491201,0.0,0.0,C103053810,2048615.48,2520364.94,0,0
281,CASH_IN,101958.34,C379533218,178236.45,280194.79,C1823976403,743416.6,641458.26,0,0
330,PAYMENT,2766.12,C1798508922,0.0,0.0,M2034615340,0.0,0.0,0,0
334,CASH_OUT,175734.4,C1805562475,21289.0,0.0,C924161142,10517439.89,10693174.29,0,0
355,CASH_OUT,88142.85,C736054252,0.0,0.0,C1168826929,1180686.8,1268829.65,0,0
45,TRANSFER,31283.32,C495228330,0.0,0.0,C1609141308,357883.82,389167.14,0,0
14,CASH_IN,91703.65,C501922984,4574436.23,4666139.88,C882120575,3371072.27,3279368.62,0,0
306,CASH_OUT,263550.71,C1676065991,204071.0,0.0,C1820588698,169969.7,433520.41,0,0
356,CASH_IN,235044.98,C365310507,237.0,235281.98,C471589289,0.0,0.0,0,0
235,CASH_OUT,49528.05,C379163671,12428.0,0.0,C484526223,0.0,49528.05,0,0
357,CASH_OUT,65642.32,C1311412635,0.0,0.0,C556638895,814314.85,879957.17,0,0
354,PAYMENT,2635.69,C831877090,0.0,0.0,M565734472,0.0,0.0,0,0
255,PAYMENT,4056.03,C1634812813,5067.0,1010.97,M605995315,0.0,0.0,0,0
165,PAYMENT,9768.55,C787102855,123316.0,113547.45,M1745736503,0.0,0.0,0,0
45,CASH_OUT,211956.54,C1093734991,0.0,0.0,C1492447540,2531415.63,2743372.17,0,0
309,PAYMENT,2169.12,C1844600836,0.0,0.0,M1851356669,0.0,0.0,0,0
399,CASH_IN,11684.64,C1896122629,857944.64,869629.27,C1927825386,90530.56,78845.93,0,0
188,CASH_OUT,24653.87,C2009873672,0.0,0.0,C143931255,5582894.03,5607547.89,0,0
131,CASH_IN,223681.16,C761067693,4171582.23,4395263.39,C2013481471,409019.7,185338.55,0,0
35,CASH_OUT,375590.54,C1638640753,0.0,0.0,C1190335873,2065637.53,2441228.07,0,0
378,CASH_OUT,91373.38,C2139082800,20383.0,0.0,C1746979382,514131.9,605505.29,0,0
281,CASH_OUT,82653.71,C665992481,19723.0,0.0,C59113956,123182.26,205835.97,0,0
372,CASH_OUT,23440.85,C534208142,0.0,0.0,C578595786,880299.04,903739.89,0,0
157,PAYMENT,26917.27,C556152044,0.0,0.0,M1372326649,0.0,0.0,0,0
382,PAYMENT,19715.66,C1303856928,7603.0,0.0,M1766036042,0.0,0.0,0,0
275,PAYMENT,6437.17,C1003175550,207305.07,200867.9,M341403603,0.0,0.0,0,0
12,CASH_OUT,75004.09,C1720550924,5005.0,0.0,C1355626410,943151.81,1018155.9,0,0
131,CASH_OUT,267818.88,C1773509980,0.0,0.0,C1298098828,683705.61,951524.49,0,0
416,PAYMENT,2480.13,C1104702282,366.0,0.0,M194041204,0.0,0.0,0,0
202,CASH_IN,15596.0,C100883002,1569974.0,1585570.01,C1848277787,4507864.97,4492268.96,0,0
281,CASH_OUT,66969.09,C1537983281,31701.0,0.0,C1922366163,738060.23,805029.32,0,0
44,PAYMENT,1283.62,C1867707703,40757.0,39473.38,M651550497,0.0,0.0,0,0
346,CASH_OUT,414256.3,C1659335813,0.0,0.0,C629410492,1836078.01,2250334.32,0,0
38,PAYMENT,8641.01,C1051627190,10196.0,1554.99,M1925757886,0.0,0.0,0,0
140,CASH_OUT,286105.83,C1503037421,0.0,0.0,C718232939,3503384.39,3789490.22,0,0
375,CASH_OUT,450119.61,C439372129,0.0,0.0,C1094886945,457707.36,907826.97,0,0
45,PAYMENT,2430.86,C1988809930,0.0,0.0,M150414491,0.0,0.0,0,0
182,CASH_IN,617253.33,C412777818,242.0,617495.33,C1825900370,584857.75,0.0,0,0
401,CASH_IN,149049.29,C816788542,417.0,149466.29,C684298824,0.0,0.0,0,0
330,PAYMENT,12390.57,C409306918,15328.0,2937.43,M500523603,0.0,0.0,0,0
209,CASH_IN,182049.41,C259356263,655144.29,837193.69,C2072324979,995561.12,813511.71,0,0
131,CASH_IN,54383.83,C84869418,61397.0,115780.83,C750769606,944881.98,890498.15,0,0
40,CASH_IN,122352.06,C1196482884,6027064.37,6149416.43,C208019113,591954.05,469601.99,0,0
10,CASH_IN,262266.8,C2053606523,15903.0,278169.8,C1948471365,7110022.76,6847755.96,0,0
324,CASH_IN,479986.96,C1118282651,621.0,480607.96,C1281744928,1041014.4,561027.44,0,0
157,CASH_OUT,52500.75,C628421063,15978.0,0.0,C172937143,0.0,52500.75,0,0
355,PAYMENT,24257.86,C490083723,0.0,0.0,M1898736674,0.0,0.0,0,0
379,PAYMENT,2613.86,C2034540360,102015.0,99401.14,M1382412732,0.0,0.0,0,0
401,CASH_OUT,94403.44,C1907484491,0.0,0.0,C1665302049,2609498.96,2703902.4,0,0
282,CASH_IN,33926.61,C1288925878,23509820.08,23543746.69,C686433592,44131.01,10204.4,0,0
355,CASH_IN,704663.34,C947121899,21692924.27,22397587.62,C292066998,2364217.62,1659554.28,0,0
181,CASH_OUT,84254.94,C1736698043,2017.0,0.0,C418466626,922433.4,1006688.34,0,0
282,DEBIT,466.39,C1032177352,30283.0,29816.61,C1190056248,194885.24,195351.63,0,0
253,CASH_OUT,88806.06,C1468298085,11618.0,0.0,C1971966226,313475.87,402281.93,0,0
228,PAYMENT,63740.64,C179618219,89.0,0.0,M302956678,0.0,0.0,0,0
236,PAYMENT,12145.38,C475108550,11165.0,0.0,M1144918539,0.0,0.0,0,0
231,PAYMENT,24887.39,C2042356683,252.0,0.0,M1273505031,0.0,0.0,0,0
371,CASH_OUT,50496.44,C1898277806,0.0,0.0,C1281485576,505406.36,555902.8,0,0
324,CASH_OUT,228824.17,C350545611,50313.0,0.0,C685264680,1390662.5,1619486.67,0,0
230,CASH_IN,74778.19,C434187430,145927.0,220705.19,C1934543348,34608.77,0.0,0,0
211,CASH_OUT,197365.12,C389129994,100958.0,0.0,C1548466758,0.0,197365.12,0,0
235,CASH_IN,16099.72,C1587549102,12824480.65,12840580.37,C545350691,1025496.12,1009396.4,0,0
330,CASH_IN,241433.47,C1374566516,2003.0,243436.47,C241299696,1546878.03,1305444.56,0,0
11,CASH_OUT,13611.6,C905874719,257486.0,243874.4,C366322706,17607278.59,20669780.87,0,0
686,TRANSFER,86440.47,C1709545938,0.0,0.0,C1048776924,783112.15,869552.62,0,0
43,CASH_IN,48184.53,C1924569,3381327.88,3429512.4,C1795348373,506867.52,458682.99,0,0
43,CASH_OUT,229647.75,C205466836,0.0,0.0,C2069856236,343714.32,573362.07,0,0
276,PAYMENT,6637.7,C574383522,0.0,0.0,M1830911172,0.0,0.0,0,0
137,PAYMENT,36781.85,C1235988037,0.0,0.0,M743904087,0.0,0.0,0,0
93,PAYMENT,15611.54,C145160245,0.0,0.0,M435673336,0.0,0.0,0,0
212,CASH_OUT,81514.15,C699276984,0.0,0.0,C2124854451,86887.4,168401.55,0,0
455,CASH_IN,405715.18,C1372041716,5311483.13,5717198.3,C87481285,1219607.98,813892.81,0,0
327,PAYMENT,38146.95,C626446627,209374.09,171227.14,M982687742,0.0,0.0,0,0
139,CASH_OUT,59242.73,C154726763,63198.0,3955.27,C532809155,2120462.1,2179704.82,0,0
311,PAYMENT,4491.16,C1491921855,3948.0,0.0,M757623908,0.0,0.0,0,0
283,PAYMENT,4484.93,C1565902633,11206.0,6721.07,M1127192427,0.0,0.0,0,0
354,PAYMENT,2323.0,C1435229386,308.0,0.0,M953269668,0.0,0.0,0,0
346,PAYMENT,17844.34,C1222103464,10469.0,0.0,M1348881481,0.0,0.0,0,0
214,PAYMENT,12260.55,C105080725,200476.0,188215.45,M2049407656,0.0,0.0,0,0
184,CASH_OUT,312316.27,C444884968,34293.0,0.0,C895807166,0.0,312316.27,0,0
180,TRANSFER,149912.63,C2138126523,0.0,0.0,C1984339446,1137323.08,1287235.72,0,0
234,CASH_OUT,199400.82,C1700978989,54394.0,0.0,C1277659048,0.0,199400.82,0,0
142,PAYMENT,3159.19,C123261968,1288.0,0.0,M895602183,0.0,0.0,0,0
354,CASH_IN,321318.79,C2117227180,605414.1,926732.89,C1637101028,8249530.09,7928211.29,0,0
406,TRANSFER,477848.44,C696543164,72868.0,0.0,C1494309176,658244.42,1136092.86,0,0
40,CASH_OUT,258547.95,C1713070565,0.0,0.0,C1367871114,3521684.45,3780232.4,0,0
133,CASH_OUT,77010.75,C1738507336,22239.92,0.0,C39475275,528987.54,605998.29,0,0
327,PAYMENT,54991.63,C1053842911,0.0,0.0,M604907008,0.0,0.0,0,0
308,CASH_OUT,70937.34,C1659516107,0.0,0.0,C2131497419,3258923.62,3329860.96,0,0
301,CASH_OUT,450849.85,C32932030,20104.0,0.0,C706098793,44466.03,495315.87,0,0
273,CASH_OUT,43788.02,C1337124872,3193.0,0.0,C1469023701,1793389.86,1837177.89,0,0
322,CASH_OUT,172435.49,C1996843691,0.0,0.0,C2136185727,2185351.13,2357786.63,0,0
13,CASH_OUT,85087.55,C1522448133,5101.0,0.0,C45672156,0.0,85087.55,0,0
393,CASH_OUT,89718.78,C1745930844,51331.0,0.0,C134168348,2747528.84,2837247.62,0,0
307,CASH_OUT,102526.43,C1640617712,0.0,0.0,C1951867833,249660.9,352187.33,0,0
346,CASH_OUT,174226.64,C1315889306,0.0,0.0,C1757029818,436276.02,610502.66,0,0
596,CASH_OUT,314388.85,C129141755,10369.0,0.0,C913000429,266975.36,581364.22,0,0
11,CASH_IN,231321.38,C419602541,20544680.98,20776002.36,C579551760,312047.15,80725.77,0,0
229,PAYMENT,17114.03,C1032122149,0.0,0.0,M1095944385,0.0,0.0,0,0
252,PAYMENT,7646.44,C2097905049,0.0,0.0,M848793546,0.0,0.0,0,0
373,PAYMENT,1444.78,C1355658785,75729.08,74284.29,M1219127436,0.0,0.0,0,0
210,CASH_IN,166540.74,C2062697861,1370135.14,1536675.88,C1980696731,1565640.58,1399099.85,0,0
395,CASH_IN,320013.57,C855906143,12424.0,332437.57,C1614160525,0.0,0.0,0,0
134,CASH_OUT,103403.04,C1927521946,0.0,0.0,C366817454,223448.14,326851.18,0,0
406,CASH_IN,92142.88,C958799945,1474.0,93616.88,C1967395006,0.0,0.0,0,0
373,CASH_OUT,240359.22,C596801410,0.0,0.0,C1415423868,650672.67,891031.9,0,0
13,TRANSFER,802581.74,C1334108034,22033.0,0.0,C1203422812,0.0,476873.25,0,0
163,CASH_IN,279300.13,C1162066398,1940546.47,2219846.6,C1142161515,6899348.78,6620048.65,0,0
546,TRANSFER,288817.83,C1936877972,40000.0,0.0,C1062498488,0.0,288817.83,0,0
354,PAYMENT,6761.15,C936109522,0.0,0.0,M702348180,0.0,0.0,0,0
307,CASH_IN,174886.77,C885991327,549.0,175435.77,C709178694,0.0,0.0,0,0
23,TRANSFER,830307.4,C1334388509,24660.53,0.0,C1108658107,1659841.16,2490148.56,0,0
186,CASH_IN,222101.05,C1466950721,105849.0,327950.05,C1642820354,0.0,0.0,0,0
184,CASH_IN,58216.92,C316969857,8014305.69,8072522.61,C1150885735,134614.96,76398.04,0,0
308,CASH_IN,219384.3,C157245692,61756.0,281140.3,C1046189060,2551838.51,2332454.22,0,0
46,CASH_IN,95994.92,C180967706,2720449.54,2816444.46,C1214025054,2413013.18,2317018.26,0,0
185,CASH_IN,111848.23,C1746577054,8504897.47,8616745.7,C602977520,852900.54,741052.31,0,0
330,CASH_IN,38892.0,C724077728,3339833.53,3378725.53,C984703075,3322563.5,3283671.49,0,0
37,CASH_IN,444635.06,C943052431,2788199.69,3232834.74,C1774419266,2764615.77,2319980.71,0,0
332,CASH_OUT,87549.68,C1642834144,0.0,0.0,C819231307,1514045.16,1601594.84,0,0
229,PAYMENT,12872.81,C393033119,0.0,0.0,M531519936,0.0,0.0,0,0
398,TRANSFER,342246.94,C1298341952,0.0,0.0,C1582578570,444004.55,786251.49,0,0
351,CASH_IN,112474.78,C955976699,9970357.73,10082832.51,C1828450952,4627266.39,4514791.61,0,0
322,TRANSFER,455571.58,C1558468350,0.0,0.0,C1211337251,668826.18,1124397.75,0,0
203,PAYMENT,7858.47,C1182728910,0.0,0.0,M1078961891,0.0,0.0,0,0
283,CASH_OUT,65421.14,C880911034,0.0,0.0,C1517116399,498353.5,563774.64,0,0
325,CASH_OUT,318835.49,C1040761425,0.0,0.0,C2038831603,2264907.19,2583742.68,0,0
378,CASH_IN,408267.37,C830357713,3214437.72,3622705.09,C1011084498,412997.62,4730.25,0,0
209,PAYMENT,5077.2,C236790747,355619.0,350541.8,M2000774,0.0,0.0,0,0
182,PAYMENT,1193.29,C1658856095,0.0,0.0,M1978748120,0.0,0.0,0,0
304,TRANSFER,300335.92,C1802929142,0.0,0.0,C1641448317,923904.45,1224240.37,0,0
345,CASH_IN,104424.28,C1782535563,992659.35,1097083.63,C1337208538,572069.21,467644.93,0,0
348,PAYMENT,3537.85,C1497110668,0.0,0.0,M1087306977,0.0,0.0,0,0
19,CASH_OUT,292001.21,C843816902,2033744.98,1741743.77,C1424691896,76678.21,368679.42,0,0
687,CASH_OUT,312511.83,C489347837,11014.0,0.0,C2128545018,5436497.03,5749008.86,0,0
348,CASH_OUT,67558.28,C1491291391,41651.0,0.0,C1209477270,265139.59,332697.87,0,0
369,PAYMENT,24748.87,C1907604260,82371.0,57622.13,M1657111834,0.0,0.0,0,0
38,CASH_OUT,36777.39,C1839247616,211169.0,174391.61,C788226854,0.0,36777.39,0,0
238,CASH_OUT,230988.18,C968143270,136614.11,0.0,C1616431404,361956.46,592944.65,0,0
38,PAYMENT,5747.89,C877491980,0.0,0.0,M97136504,0.0,0.0,0,0
406,PAYMENT,5044.72,C6642142,201468.0,196423.28,M43027550,0.0,0.0,0,0
322,PAYMENT,5258.61,C1008603240,2067.0,0.0,M1077408686,0.0,0.0,0,0
234,CASH_OUT,79567.17,C1416787370,3571.0,0.0,C1308320714,1118336.98,1197904.15,0,0
329,CASH_IN,168248.92,C113098977,555567.48,723816.39,C642502055,104589.01,0.0,0,0
17,PAYMENT,11147.74,C1996972984,0.0,0.0,M1397721061,0.0,0.0,0,0
162,CASH_IN,120639.53,C815156676,3350907.69,3471547.22,C814991601,855638.65,734999.12,0,0
162,PAYMENT,13302.9,C1943480453,74362.0,61059.1,M932176142,0.0,0.0,0,0
375,CASH_IN,100401.87,C221609063,4315781.67,4416183.54,C1229569221,104964.89,4563.02,0,0
33,CASH_OUT,67493.94,C348668199,0.0,0.0,C983253408,1710693.65,1778187.59,0,0
619,CASH_OUT,40954.22,C2077000521,9424.0,0.0,C930855562,0.0,40954.22,0,0
180,CASH_IN,124561.86,C312645831,20727.0,145288.86,C882927301,0.0,0.0,0,0
254,TRANSFER,265326.01,C1087229835,0.0,0.0,C1681420193,950373.11,1215699.12,0,0
380,PAYMENT,16741.52,C2111353264,0.0,0.0,M721822562,0.0,0.0,0,0
522,CASH_IN,528721.38,C1091417572,823349.96,1352071.34,C564502884,1707980.92,1179259.54,0,0
131,CASH_IN,247778.68,C148923241,931613.33,1179392.01,C476358329,0.0,0.0,0,0
308,CASH_OUT,116483.87,C1360643004,0.0,0.0,C1942034283,1330659.08,1447142.95,0,0
209,CASH_OUT,106624.49,C1576160221,5059.0,0.0,C1641550591,713808.79,820433.28,0,0
403,CASH_OUT,31173.21,C294466119,20291.0,0.0,C1894773265,329000.78,360173.99,0,0
334,CASH_OUT,15989.89,C523449300,0.0,0.0,C872288805,162477.54,178467.43,0,0
137,TRANSFER,1098390.02,C767263125,33152.0,0.0,C1341592954,56573.74,1154963.77,0,0
186,TRANSFER,195207.96,C796325226,0.0,0.0,C1399181053,206318.11,401526.07,0,0
42,PAYMENT,1348.29,C758589377,105.0,0.0,M187740755,0.0,0.0,0,0
179,CASH_OUT,19530.15,C1186115044,0.0,0.0,C992707208,3914739.56,3934269.7,0,0
202,CASH_OUT,200830.79,C166884676,298.0,0.0,C313461164,15856.8,216687.6,0,0
717,PAYMENT,9444.88,C543376034,162374.0,152929.12,M153564554,0.0,0.0,0,0
186,PAYMENT,25852.05,C1956051095,10266.0,0.0,M67843692,0.0,0.0,0,0
9,CASH_OUT,338390.47,C529294399,6826.0,0.0,C903716563,0.0,32734.77,0,0
202,PAYMENT,19667.92,C1334018990,90382.0,70714.08,M677255643,0.0,0.0,0,0
279,CASH_IN,106253.71,C1129126122,6197.0,112450.71,C1817434858,285941.85,179688.13,0,0
211,PAYMENT,14403.95,C763868815,361150.16,346746.21,M1506263896,0.0,0.0,0,0
404,CASH_OUT,97359.22,C1449522647,70384.0,0.0,C779178648,1472157.23,1569516.46,0,0
356,CASH_OUT,110500.39,C1077105323,0.0,0.0,C985751473,132056.27,242556.67,0,0
201,CASH_OUT,181603.24,C1873930883,351964.84,170361.6,C641868314,592527.33,774130.57,0,0
212,PAYMENT,3462.56,C843675200,0.0,0.0,M584048719,0.0,0.0,0,0
239,CASH_OUT,77075.87,C2074548032,0.0,0.0,C1999786300,587762.36,664838.23,0,0
183,TRANSFER,312281.32,C1388848552,0.0,0.0,C1187673829,468348.8,780630.12,0,0
13,CASH_OUT,281725.81,C1742664573,20585.11,0.0,C1830310076,0.0,281725.81,0,0
184,CASH_IN,169506.81,C397897210,12431199.92,12600706.73,C625520100,1026958.87,857452.06,0,0
305,CASH_IN,249394.72,C759629665,3304474.19,3553868.9,C1591661600,2358315.55,2108920.84,0,0
15,PAYMENT,15989.58,C121720787,51309.0,35319.42,M1651020614,0.0,0.0,0,0
139,CASH_OUT,224207.35,C1201584656,20037.0,0.0,C1577064264,242129.6,466336.95,0,0
375,PAYMENT,14828.46,C770727607,10419.0,0.0,M34469561,0.0,0.0,0,0
350,PAYMENT,44813.5,C1559833077,230624.0,185810.5,M109397798,0.0,0.0,0,0
396,PAYMENT,55797.15,C944267968,4600.63,0.0,M723990637,0.0,0.0,0,0
284,CASH_OUT,193236.28,C1774279719,0.0,0.0,C676413516,312165.01,505401.29,0,0
41,CASH_IN,135771.71,C1798518741,4102104.77,4237876.48,C867759080,664666.9,528895.19,0,0
9,CASH_OUT,631733.6,C1138153336,182108.94,0.0,C984805074,2408252.37,4984612.71,0,0
403,PAYMENT,13401.75,C140525709,117344.65,103942.9,M2050458765,0.0,0.0,0,0
255,CASH_OUT,402073.49,C350288883,0.0,0.0,C1806734913,487380.38,889453.87,0,0
231,CASH_OUT,203159.6,C1511122024,0.0,0.0,C103288583,207822.29,410981.89,0,0
252,TRANSFER,172129.69,C80649280,0.0,0.0,C1914918292,1051443.62,1223573.31,0,0
230,CASH_OUT,579014.81,C1146318545,52026.0,0.0,C527865758,619947.7,1198962.51,0,0
394,PAYMENT,50268.63,C1066664306,46580.0,0.0,M257548116,0.0,0.0,0,0
564,CASH_OUT,481944.3,C55731290,146401.0,0.0,C1009124605,0.0,481944.3,0,0
348,CASH_IN,202609.1,C162887288,824762.0,1027371.1,C1604099390,58557.93,0.0,0,0
188,CASH_IN,474980.74,C453278895,4373302.77,4848283.51,C1976314551,2659681.56,2891417.2,0,0
132,PAYMENT,18907.86,C792171031,546317.0,527409.14,M1131729082,0.0,0.0,0,0
42,PAYMENT,12924.82,C725473469,82539.0,69614.18,M626417269,0.0,0.0,0,0
207,TRANSFER,1074518.82,C166196995,99267.0,0.0,C2005491909,139307.61,1213826.43,0,0
322,CASH_OUT,76272.92,C373050516,0.0,0.0,C1828695504,156258.55,232531.48,0,0
375,CASH_IN,177596.7,C1221892459,3172272.05,3349868.75,C762707196,2730786.94,2553190.24,0,0
229,PAYMENT,11667.95,C1039302946,4521.0,0.0,M1729011620,0.0,0.0,0,0
39,CASH_OUT,203622.47,C1468435768,0.0,0.0,C1197805755,4541405.24,4745027.71,0,0
235,CASH_OUT,303847.37,C1998335544,27599.0,0.0,C715066030,0.0,310948.18,0,0
397,CASH_OUT,376247.58,C395649874,0.0,0.0,C1525885855,12158106.06,12534353.63,0,0
592,CASH_OUT,120295.45,C1153553014,31216.48,0.0,C1207226396,571726.72,692022.17,0,0
299,PAYMENT,15457.66,C103790714,144122.13,128664.47,M1671246589,0.0,0.0,0,0
400,CASH_OUT,48808.93,C54341857,0.0,0.0,C396632304,2369530.4,2418339.33,0,0
36,CASH_OUT,8968.74,C2086571598,0.0,0.0,C367860728,158099.05,167067.78,0,0
394,TRANSFER,2904236.64,C2072764565,20655.0,0.0,C1511205469,0.0,2904236.64,0,0
162,CASH_IN,515377.32,C1821887286,25754.0,541131.32,C374751833,908041.62,392664.29,0,0
355,CASH_IN,425530.19,C337000537,1581624.32,2007154.51,C473266992,852012.76,426482.57,0,0
34,CASH_OUT,240754.94,C1229516224,0.0,0.0,C1025053287,680458.58,921213.52,0,0
301,CASH_OUT,141851.78,C1772063390,343315.0,201463.22,C212327119,0.0,141851.78,0,0
189,CASH_IN,271877.89,C1609734122,0.0,271877.89,C768673474,27577528.73,27305650.84,0,0
186,TRANSFER,532833.83,C131456904,0.0,0.0,C2091219226,2903142.72,3435976.55,0,0
311,PAYMENT,888.4,C1025538941,0.0,0.0,M734471727,0.0,0.0,0,0
399,CASH_OUT,34839.32,C251029935,18902.0,0.0,C246552205,0.0,34839.32,0,0
38,PAYMENT,7758.26,C60224596,22849.76,15091.49,M1124934954,0.0,0.0,0,0
544,PAYMENT,6134.08,C1075130796,0.0,0.0,M322225239,0.0,0.0,0,0
10,TRANSFER,356397.4,C1921045756,6570.0,0.0,C783654411,1566810.64,2113288.54,0,0
370,CASH_OUT,509112.67,C641009236,0.0,0.0,C653280297,5496814.5,6005927.18,0,0
192,PAYMENT,181.69,C262737404,145708.0,145526.31,M1508264417,0.0,0.0,0,0
181,CASH_OUT,36827.6,C34442760,0.0,0.0,C1109359917,913726.72,950554.32,0,0
288,PAYMENT,23034.78,C1025004322,106779.0,83744.22,M1165057678,0.0,0.0,0,0
476,CASH_IN,10209.38,C1961927492,630.0,10839.38,C69602092,6204692.83,6194483.46,0,0
331,CASH_IN,215667.89,C1007891988,20490.0,236157.89,C1708815000,225467.38,9799.49,0,0
38,CASH_IN,203326.46,C453568600,703.0,204029.46,C123058133,158390.74,0.0,0,0
329,TRANSFER,35574.78,C1387571423,126010.27,90435.49,C884757033,182134.77,217709.56,0,0
394,CASH_IN,336077.72,C1004051479,31612.0,367689.72,C1433037885,9514504.97,9178427.25,0,0
324,PAYMENT,20655.48,C2093513703,10772.0,0.0,M741352981,0.0,0.0,0,0
260,PAYMENT,3707.06,C926578150,154406.29,150699.24,M1397470473,0.0,0.0,0,0
401,CASH_OUT,252178.81,C1225598289,0.0,0.0,C61397234,952522.82,1204701.62,0,0
225,PAYMENT,22069.06,C1919132987,301987.0,279917.94,M874994643,0.0,0.0,0,0
332,PAYMENT,13083.6,C577195070,0.0,0.0,M981266103,0.0,0.0,0,0
233,CASH_OUT,604458.81,C1794854299,198058.0,0.0,C914520818,0.0,604458.81,0,0
322,CASH_OUT,389944.57,C1847681209,0.0,0.0,C1930697109,8614768.04,9004712.61,0,0
397,TRANSFER,2149513.06,C1957390022,11243.0,0.0,C1172944252,220484.11,2369997.17,0,0
379,PAYMENT,1704.16,C769277865,1639.0,0.0,M2043227051,0.0,0.0,0,0
156,CASH_OUT,359246.83,C1949705099,0.0,0.0,C1053110213,793618.03,1152864.87,0,0
400,PAYMENT,42253.7,C1123052588,0.0,0.0,M1154903045,0.0,0.0,0,0
184,CASH_IN,226325.28,C1850678122,20063.0,246388.28,C1565339006,1106268.46,879943.18,0,0
332,PAYMENT,21172.59,C413117585,146034.43,124861.84,M1048669535,0.0,0.0,0,0
258,PAYMENT,347.62,C310204326,34965.02,34617.41,M1274223582,0.0,0.0,0,0
353,CASH_OUT,277332.08,C1978977742,417533.0,140200.92,C1186128166,809502.54,1086834.62,0,0
380,PAYMENT,3449.05,C646803786,15708.0,12258.95,M351220823,0.0,0.0,0,0
211,CASH_OUT,213195.6,C1824398971,0.0,0.0,C283888841,2476605.21,2689800.81,0,0
186,CASH_OUT,131997.38,C934243001,68104.0,0.0,C1960951517,0.0,131997.38,0,0
179,TRANSFER,945886.94,C1334722298,0.0,0.0,C179323105,6840363.5,7786250.44,0,0
426,CASH_IN,66252.48,C1609699320,5506744.08,5572996.55,C1232483864,1711432.33,1645179.85,0,0
18,CASH_OUT,75198.55,C1574832087,0.0,0.0,C1941264939,292939.77,368138.32,0,0
43,CASH_IN,14474.55,C1138724622,11729.0,26203.55,C497225040,450983.8,436509.25,0,0
161,CASH_OUT,229390.04,C101835049,0.0,0.0,C1429822551,995440.89,1224830.93,0,0
274,CASH_IN,10366.27,C440521112,0.0,10366.27,C611633719,178834.45,168468.18,0,0
399,CASH_OUT,451055.45,C237261999,0.0,0.0,C671014983,495076.8,946132.26,0,0
538,CASH_OUT,136342.85,C2123984345,59662.0,0.0,C1779374820,0.0,136342.85,0,0
321,CASH_OUT,119639.21,C1337936817,105247.0,0.0,C1261609236,889490.86,1009130.07,0,0
203,CASH_IN,41703.54,C774428620,15620.0,57323.54,C1239661879,2046825.35,2005121.81,0,0
37,CASH_OUT,131028.73,C679381149,0.0,0.0,C1559914934,238466.01,148843.9,0,0
7,TRANSFER,951655.0,C145157816,0.0,0.0,C1013700132,1431686.33,4619940.36,0,0
154,PAYMENT,7650.16,C1304471811,10263.0,2612.84,M76380002,0.0,0.0,0,0
179,CASH_OUT,508901.84,C644974127,16970.0,0.0,C1870843528,0.0,508901.84,0,0
352,CASH_OUT,167368.15,C1677803741,0.0,0.0,C299955632,798745.67,966113.82,0,0
378,PAYMENT,3084.89,C1605809963,0.0,0.0,M113717855,0.0,0.0,0,0
18,PAYMENT,16212.81,C1354582221,53860.0,37647.19,M1389657533,0.0,0.0,0,0
256,CASH_OUT,145125.66,C2104216637,0.0,0.0,C1804934747,4153380.21,4298505.87,0,0
308,CASH_IN,271110.21,C431317524,42588.0,313698.21,C335377614,0.0,0.0,0,0
153,PAYMENT,58508.86,C624755860,0.0,0.0,M1809989188,0.0,0.0,0,0
154,CASH_IN,21792.38,C984322791,6202303.8,6224096.18,C812510698,104956.46,83164.08,0,0
187,PAYMENT,12875.42,C2046976444,107754.0,94878.58,M1354436717,0.0,0.0,0,0
384,CASH_IN,141299.31,C1666676505,1774537.07,1915836.38,C792667299,4902221.72,4760922.41,0,0
369,CASH_IN,163348.86,C974304559,84657.0,248005.86,C1720241018,0.0,0.0,0,0
397,PAYMENT,29838.39,C999194814,0.0,0.0,M234556064,0.0,0.0,0,0
132,CASH_IN,351834.35,C122836187,5118.0,356952.35,C2109967812,3062803.19,2710968.84,0,0
371,CASH_IN,285443.72,C1626220901,11978.0,297421.72,C1893290330,1818223.2,1532779.48,0,0
211,CASH_OUT,186752.47,C834155197,0.0,0.0,C1350878127,439835.18,626587.65,0,0
8,PAYMENT,4467.2,C773035111,2161033.61,2156566.4,M1842399189,0.0,0.0,0,0
210,CASH_IN,108514.32,C1929135464,20931.0,129445.32,C654406520,0.0,0.0,0,0
162,CASH_IN,169711.5,C1024366608,23382982.7,23552694.2,C953475799,876838.28,707126.78,0,0
225,PAYMENT,14915.86,C1049711404,0.0,0.0,M1092327677,0.0,0.0,0,0
138,TRANSFER,190331.55,C1033208755,0.0,0.0,C1049795740,9330631.37,9520962.92,0,0
211,CASH_OUT,32925.66,C1229620228,0.0,0.0,C2081693360,534197.78,567123.43,0,0
18,CASH_IN,125660.26,C1595743054,11030.0,136690.26,C1102883211,1157744.18,1032083.92,0,0
348,CASH_OUT,179597.38,C1628126768,79472.0,0.0,C1372399272,0.0,179597.38,0,0
253,PAYMENT,3987.28,C1522836842,0.0,0.0,M197378339,0.0,0.0,0,0
160,PAYMENT,13479.37,C1518969923,260741.0,247261.63,M1584219518,0.0,0.0,0,0
356,TRANSFER,561392.15,C1526200120,103299.0,0.0,C531791707,0.0,561392.15,0,0
163,CASH_OUT,146619.69,C106535766,0.0,0.0,C215234279,332050.63,478670.32,0,0
134,CASH_IN,248878.7,C1010500013,75713.0,324591.7,C1773712560,0.0,0.0,0,0
599,DEBIT,737.77,C515674147,140.0,0.0,C1690445193,81007.31,81745.08,0,0
335,CASH_OUT,46912.05,C762731020,0.0,0.0,C26429347,8217016.92,8263928.97,0,0
331,PAYMENT,10340.14,C1268104506,0.0,0.0,M1886266739,0.0,0.0,0,0
683,PAYMENT,8511.65,C1179806509,12298.74,3787.09,M1169503398,0.0,0.0,0,0
211,PAYMENT,98.78,C632581640,0.0,0.0,M417207677,0.0,0.0,0,0
9,CASH_IN,114386.55,C1143960444,23540003.39,23654389.94,C2144221230,128358.04,13971.49,0,0
303,CASH_OUT,453112.47,C1652571075,167291.0,0.0,C1689967045,5040752.43,5493864.9,0,0
397,PAYMENT,13799.69,C1094972747,13916.0,116.31,M977918534,0.0,0.0,0,0
238,CASH_IN,168335.27,C2140769318,1397.0,169732.27,C1441332508,261052.23,92716.96,0,0
211,CASH_OUT,307662.75,C916543624,69336.0,0.0,C1287560112,28828.44,336491.19,0,0
301,CASH_IN,65166.46,C522132323,15966.0,81132.46,C1979797231,259359.26,194192.8,0,0
37,PAYMENT,16288.77,C1901644224,270705.62,254416.85,M1473390193,0.0,0.0,0,0
323,TRANSFER,2199857.04,C1560319611,31632.0,0.0,C1129555262,12283.64,2212140.68,0,0
429,CASH_OUT,29581.7,C289232973,145028.0,115446.3,C2133187143,0.0,29581.7,0,0
235,CASH_OUT,291562.42,C926297152,0.0,0.0,C1198783218,1339882.61,1631445.03,0,0
182,PAYMENT,1236.36,C2104284008,0.0,0.0,M764966671,0.0,0.0,0,0
163,CASH_OUT,614385.32,C148688009,0.0,0.0,C1704407675,1983893.45,2598278.77,0,0
207,PAYMENT,5959.23,C1300422919,49348.0,43388.77,M2023424816,0.0,0.0,0,0
249,PAYMENT,1771.82,C453112560,13294.0,11522.18,M2005002414,0.0,0.0,0,0
236,CASH_IN,159152.49,C635696985,31193.0,190345.49,C106419152,6027833.92,5868681.44,0,0
306,CASH_OUT,237228.29,C1628223788,12113.0,0.0,C1654188493,76984.71,314213.0,0,0
191,CASH_OUT,32504.33,C205795828,49958.06,17453.73,C495368770,2161231.13,2193735.46,0,0
132,CASH_OUT,43886.69,C1719873142,0.0,0.0,C987656139,1005979.36,1049866.05,0,0
130,CASH_OUT,17622.34,C196215194,11109.0,0.0,C842688571,328030.85,345653.19,0,0
211,TRANSFER,157802.96,C1196788771,503654.0,345851.04,C1917685543,1148630.51,1306433.47,0,0
354,PAYMENT,4576.3,C1670274728,151163.55,146587.25,M1183677287,0.0,0.0,0,0
228,CASH_OUT,167616.65,C1762602550,0.0,0.0,C1657363827,4714300.94,4881917.59,0,0
42,CASH_IN,212649.01,C1059502722,3491720.44,3704369.45,C468296734,1127000.38,1137114.1,0,0
153,DEBIT,3558.32,C1026641399,17033.0,13474.68,C144267090,96029.27,99587.59,0,0
379,PAYMENT,12089.05,C1077550198,0.0,0.0,M1080064316,0.0,0.0,0,0
280,CASH_OUT,160827.76,C1959040775,157890.0,0.0,C303187435,679095.2,839922.97,0,0
253,PAYMENT,19473.68,C164050677,15885.0,0.0,M975692472,0.0,0.0,0,0
398,TRANSFER,34299.69,C1195767839,0.0,0.0,C90114375,11774372.0,11808671.68,0,0
180,CASH_IN,19389.18,C771221674,510442.28,529831.46,C655199312,106244.5,86855.32,0,0
204,PAYMENT,50605.12,C53029549,0.0,0.0,M123903649,0.0,0.0,0,0
346,PAYMENT,5871.33,C65896600,556422.0,550550.67,M1434864542,0.0,0.0,0,0
225,PAYMENT,16728.67,C191152566,38594.03,21865.36,M546008983,0.0,0.0,0,0
156,PAYMENT,12787.06,C76180175,0.0,0.0,M1930167817,0.0,0.0,0,0
20,CASH_OUT,77908.19,C813716995,0.0,0.0,C1118423959,261342.85,339251.03,0,0
252,CASH_OUT,117560.72,C1519769899,0.0,0.0,C881045442,233659.13,351219.84,0,0
203,CASH_OUT,65773.12,C1216326246,0.0,0.0,C699827354,69301.0,135074.12,0,0
303,PAYMENT,99489.96,C2014011610,7343.0,0.0,M477878470,0.0,0.0,0,0
169,PAYMENT,5213.09,C768871262,22128.0,16914.91,M1901071340,0.0,0.0,0,0
370,CASH_OUT,381659.12,C1159282803,28329.0,0.0,C1733734150,477404.4,859063.53,0,0
347,CASH_OUT,102561.32,C795271486,0.0,0.0,C1711991045,913017.68,1015579.0,0,0
369,CASH_OUT,44904.64,C288906456,0.0,0.0,C1015753978,1078628.97,1123533.61,0,0
234,DEBIT,1595.97,C345277147,101175.0,99579.03,C1884887042,22102.9,23698.87,0,0
396,CASH_IN,479032.81,C219447100,641.0,479673.81,C701682266,181025.09,0.0,0,0
182,PAYMENT,5878.22,C675516053,0.0,0.0,M299242306,0.0,0.0,0,0
393,CASH_OUT,34272.4,C2115488611,23062.0,0.0,C55698122,0.0,34272.4,0,0
403,PAYMENT,9279.62,C2051296575,0.0,0.0,M779032458,0.0,0.0,0,0
131,PAYMENT,13295.17,C1260691569,0.0,0.0,M1187922432,0.0,0.0,0,0
229,PAYMENT,18832.92,C932240751,64859.51,46026.58,M1009466010,0.0,0.0,0,0
39,CASH_IN,123649.62,C2127496807,9870572.7,9994222.32,C1525489771,1151755.81,1028106.19,0,0
163,CASH_OUT,186383.58,C2000938123,46411.0,0.0,C808880569,419708.06,606091.63,0,0
139,CASH_OUT,31307.27,C850534348,0.0,0.0,C2042233477,1147714.44,1179021.71,0,0
140,CASH_OUT,72609.72,C332892473,0.0,0.0,C623753918,1124225.14,1196834.86,0,0
379,PAYMENT,8525.92,C1193178649,0.0,0.0,M47298906,0.0,0.0,0,0
401,CASH_IN,18364.11,C1348123866,323983.17,342347.29,C1563992177,481143.11,462779.0,0,0
401,PAYMENT,17725.78,C326917288,0.0,0.0,M287225842,0.0,0.0,0,0
393,CASH_OUT,364802.46,C1229357562,0.0,0.0,C1591026569,19714650.47,20079452.93,0,0
307,PAYMENT,15545.73,C571130719,396.0,0.0,M2097120864,0.0,0.0,0,0
329,PAYMENT,28986.93,C1430700196,63697.82,34710.89,M711774284,0.0,0.0,0,0
382,CASH_OUT,71472.36,C1739566713,0.0,0.0,C1820602906,265489.47,336961.82,0,0
251,PAYMENT,57751.73,C1557804404,0.0,0.0,M54658774,0.0,0.0,0,0
39,PAYMENT,5740.57,C156572941,200519.48,194778.91,M1030187435,0.0,0.0,0,0
379,PAYMENT,3225.57,C1552256366,49186.0,45960.43,M441707690,0.0,0.0,0,0
212,PAYMENT,3658.61,C1912063549,0.0,0.0,M1912753044,0.0,0.0,0,0
187,PAYMENT,17604.69,C308514449,0.0,0.0,M2074979966,0.0,0.0,0,0
237,PAYMENT,10835.36,C500716140,446444.19,435608.82,M1617661492,0.0,0.0,0,0
594,TRANSFER,395394.65,C667217941,0.0,0.0,C2059639789,4700007.84,5095402.5,0,0
228,CASH_OUT,174506.05,C1336715193,0.0,0.0,C1069170042,4149564.66,4324070.72,0,0
138,PAYMENT,10996.51,C837160028,197821.58,186825.06,M1844752580,0.0,0.0,0,0
345,PAYMENT,2669.64,C497345854,95540.07,92870.44,M1318991334,0.0,0.0,0,0
330,PAYMENT,1132.1,C920587356,0.0,0.0,M1585921364,0.0,0.0,0,0
404,PAYMENT,4369.54,C1024289933,0.0,0.0,M1994524533,0.0,0.0,0,0
134,PAYMENT,32645.92,C1843339036,163.0,0.0,M506438300,0.0,0.0,0,0
139,CASH_OUT,149640.74,C1447680886,0.0,0.0,C2057720522,2988499.02,3138139.77,0,0
164,CASH_OUT,162475.17,C1360882045,523677.0,361201.83,C1910371854,673746.59,836221.76,0,0
686,CASH_IN,51526.94,C303643662,10128.0,61654.94,C2067860550,745701.18,694174.24,0,0
301,PAYMENT,3387.86,C866543178,0.0,0.0,M352532179,0.0,0.0,0,0
258,CASH_OUT,16964.39,C1550547643,54373.0,37408.61,C795017393,826047.71,843012.1,0,0
181,CASH_OUT,352341.48,C549305476,0.0,0.0,C1613670539,970454.33,1287869.67,0,0
11,CASH_OUT,61689.89,C2083637995,0.0,0.0,C1928882606,873989.26,1823993.11,0,0
20,PAYMENT,668.96,C1492934008,7021.0,6352.04,M73237136,0.0,0.0,0,0
214,PAYMENT,1293.5,C704654100,2560.0,1266.5,M1032088657,0.0,0.0,0,0
378,CASH_OUT,113750.41,C647610690,252661.99,138911.58,C1159139674,128993.53,242743.93,0,0
332,CASH_IN,2064.96,C1014219465,32976.0,35040.96,C473876197,0.0,0.0,0,0
250,PAYMENT,7221.75,C574035388,0.0,0.0,M659700850,0.0,0.0,0,0
158,CASH_IN,245175.05,C1966724950,8784240.31,9029415.35,C883598077,1259177.1,891025.98,0,0
250,CASH_IN,369480.57,C1708883051,1139460.96,1508941.53,C1189279386,505364.93,135884.36,0,0
263,CASH_OUT,498141.24,C282754737,246278.21,0.0,C1965558208,1188694.08,1686835.33,0,0
284,PAYMENT,8866.35,C1035695477,0.0,0.0,M699974850,0.0,0.0,0,0
355,CASH_OUT,95490.27,C1989022436,11106.0,0.0,C1997564931,0.0,95490.27,0,0
276,CASH_IN,93793.94,C3979552,10739.0,104532.94,C633799791,0.0,0.0,0,0
394,TRANSFER,323345.09,C796366455,0.0,0.0,C1772055258,10244817.5,10568162.59,0,0
356,CASH_OUT,11548.29,C2000302644,11481.0,0.0,C309291621,1230938.31,1242486.6,0,0
144,PAYMENT,3665.18,C495274897,42872.71,39207.53,M30630954,0.0,0.0,0,0
14,CASH_OUT,197932.66,C1148056994,0.0,0.0,C1216552787,843431.93,1386396.15,0,0
230,PAYMENT,8286.55,C1533467287,0.0,0.0,M1300324094,0.0,0.0,0,0
203,PAYMENT,11428.32,C1906206985,0.0,0.0,M694285310,0.0,0.0,0,0
10,CASH_OUT,443895.8,C697791011,260659.91,0.0,C1143894549,1974435.68,3004525.41,0,0
381,PAYMENT,8525.3,C247653979,223.0,0.0,M1284997830,0.0,0.0,0,0
38,CASH_OUT,178331.24,C972952887,0.0,0.0,C1025354079,3043517.05,3221848.29,0,0
95,CASH_OUT,258851.68,C585847232,206936.0,0.0,C1316361654,190032.89,448884.57,0,0
180,CASH_IN,145000.22,C15889766,38186.0,183186.22,C2118518595,0.0,0.0,0,0
202,PAYMENT,2715.36,C94125853,625843.0,623127.64,M532709651,0.0,0.0,0,0
347,CASH_OUT,217970.41,C320385904,0.0,0.0,C822099933,572442.63,790413.04,0,0
377,PAYMENT,16898.36,C2119063666,972.0,0.0,M149566403,0.0,0.0,0,0
311,CASH_IN,217451.64,C1940192731,9205713.27,9423164.91,C1248552948,1647614.5,1430162.86,0,0
306,PAYMENT,11116.14,C1826007824,0.0,0.0,M219951755,0.0,0.0,0,0
14,PAYMENT,11344.18,C1591687816,0.0,0.0,M181525765,0.0,0.0,0,0
142,PAYMENT,3469.15,C1880896673,14568.0,11098.85,M1061413699,0.0,0.0,0,0
379,CASH_OUT,385915.94,C229850449,6017.24,0.0,C717774401,7541489.17,7927405.11,0,0
8,PAYMENT,1247.92,C1386420833,106534.0,105286.08,M1435512440,0.0,0.0,0,0
348,PAYMENT,16085.58,C1546381920,16782.0,696.42,M88352622,0.0,0.0,0,0
281,CASH_OUT,124625.74,C199949215,132903.0,8277.26,C1114399337,168223.1,292848.83,0,0
133,CASH_IN,40387.56,C49929230,11195182.47,11235570.03,C1174539048,429761.51,577946.79,0,0
137,CASH_OUT,160366.84,C1291930637,0.0,0.0,C565810033,828225.46,988592.3,0,0
306,TRANSFER,1517244.09,C69408462,0.0,0.0,C558963113,2942115.45,4459359.54,0,0
376,PAYMENT,3741.46,C730295873,0.0,0.0,M1336820456,0.0,0.0,0,0
34,CASH_IN,200764.11,C2082025137,0.0,200764.11,C282785578,731097.95,379005.18,0,0
163,CASH_IN,264350.53,C716537170,1751520.01,2015870.54,C510508465,10091073.45,9826722.92,0,0
230,CASH_OUT,101991.68,C764904053,47111.0,0.0,C484701870,2032854.62,2134846.3,0,0
282,PAYMENT,32637.59,C1951633651,0.0,0.0,M1278081374,0.0,0.0,0,0
379,CASH_IN,4130.54,C1335283984,11635032.32,11639162.86,C1254251449,244422.29,240291.75,0,0
403,CASH_IN,542652.12,C569611784,2920326.39,3462978.51,C553373846,2852964.08,2310311.97,0,0
403,CASH_OUT,108994.37,C401585035,18753.0,0.0,C869742874,0.0,108994.37,0,0
134,CASH_OUT,175520.66,C933129907,0.0,0.0,C443089167,1013585.84,1189106.49,0,0
158,TRANSFER,1234391.48,C199016170,14176.0,0.0,C580511242,217528.56,1451920.04,0,0
11,PAYMENT,5258.57,C2017745445,0.0,0.0,M1647836299,0.0,0.0,0,0
307,CASH_OUT,208926.04,C1053629520,0.0,0.0,C13590103,649756.31,858682.35,0,0
187,TRANSFER,62933.12,C1971289281,48875.04,0.0,C163560415,628207.9,691141.03,0,0
261,CASH_OUT,91104.64,C1436809820,105894.77,14790.12,C1468106472,382248.43,473353.08,0,0
205,CASH_OUT,323789.84,C603679938,30134.0,0.0,C897844072,0.0,323789.84,0,0
9,PAYMENT,11267.08,C1004463652,0.0,0.0,M2069897799,0.0,0.0,0,0
377,PAYMENT,7003.86,C675729386,22299.08,15295.22,M1805279795,0.0,0.0,0,0
275,PAYMENT,8499.28,C1127353695,147076.16,138576.88,M172005698,0.0,0.0,0,0
227,CASH_IN,343063.86,C988462860,37721.0,380784.86,C1459221529,310955.09,0.0,0,0
11,PAYMENT,6538.67,C1431081299,0.0,0.0,M1275404614,0.0,0.0,0,0
375,CASH_OUT,24382.91,C1433556467,43308.0,18925.09,C717682735,599692.48,624075.39,0,0
396,TRANSFER,135403.44,C1067446504,87098.0,0.0,C1627727827,177018.61,312422.05,0,0
587,PAYMENT,9898.93,C614231848,0.0,0.0,M1980393152,0.0,0.0,0,0
36,TRANSFER,128259.58,C135249619,10556.0,0.0,C1909821544,0.0,7989.66,0,0
252,PAYMENT,4336.44,C749984524,218545.0,214208.56,M1754588300,0.0,0.0,0,0
251,CASH_OUT,199912.02,C725795490,105459.0,0.0,C2078871295,0.0,199912.02,0,0
187,CASH_OUT,296586.39,C265590344,21845.0,0.0,C98886159,500672.5,797258.89,0,0
229,CASH_OUT,161115.04,C1952518520,0.0,0.0,C1491118141,1689855.04,1850970.08,0,0
404,CASH_IN,99217.2,C451736840,1826279.7,1925496.9,C890713361,339820.38,240603.18,0,0
376,PAYMENT,38539.44,C223198259,205617.0,167077.56,M649644240,0.0,0.0,0,0
18,TRANSFER,342597.6,C956460268,150.0,0.0,C980323740,0.0,342597.6,0,0
9,CASH_OUT,95591.87,C434539439,2234.0,0.0,C742710717,508.0,96099.87,0,0
234,CASH_IN,20627.55,C180663708,1769529.42,1790156.97,C819241284,61136.96,40509.41,0,0
35,CASH_OUT,128812.95,C2056962015,20800.0,0.0,C719903913,1507944.05,1636757.0,0,0
353,CASH_OUT,143798.98,C2020101494,0.0,0.0,C911279574,413236.14,557035.12,0,0
522,CASH_IN,2940.21,C290813310,20553270.88,20556211.09,C758780042,804558.54,801618.33,0,0
34,CASH_IN,93241.56,C1729610847,2795303.55,2888545.11,C1249531586,2513438.83,2420197.27,0,0
211,PAYMENT,6104.48,C685637739,15486.0,9381.52,M221650366,0.0,0.0,0,0
212,CASH_OUT,185887.98,C566063018,10066.0,0.0,C403541511,1836.32,187724.3,0,0
332,PAYMENT,14222.45,C1080823209,185389.0,171166.55,M951858196,0.0,0.0,0,0
44,TRANSFER,211069.39,C1429827256,17063.0,0.0,C223698951,0.0,211069.39,0,0
331,PAYMENT,6999.11,C326743682,63556.34,56557.24,M250690037,0.0,0.0,0,0
395,CASH_OUT,157127.86,C751166586,0.0,0.0,C231450856,235987.78,393115.64,0,0
36,PAYMENT,169.85,C2052620874,0.0,0.0,M414737092,0.0,0.0,0,0
614,CASH_OUT,399315.68,C1555709282,94687.01,0.0,C180626092,578836.49,978152.17,0,0
540,TRANSFER,566053.97,C1512449210,29880.0,0.0,C506337097,882738.64,1448792.61,0,0
375,PAYMENT,11445.98,C116058685,447196.0,435750.02,M1198992648,0.0,0.0,0,0
273,CASH_IN,219823.85,C918483397,1455221.61,1675045.46,C1910055812,2473548.98,2253725.13,0,0
15,TRANSFER,586181.9,C1756901180,0.0,0.0,C941685927,1898912.68,2485094.58,0,0
231,PAYMENT,21299.01,C849159035,249323.0,228023.99,M966843665,0.0,0.0,0,0
142,CASH_OUT,165730.08,C1681117627,20278.0,0.0,C1684953978,0.0,165730.08,0,0
275,PAYMENT,5452.3,C735923330,61756.0,56303.7,M1649022457,0.0,0.0,0,0
376,CASH_IN,148527.89,C2049117059,104670.0,253197.89,C790719321,21310.57,0.0,0,0
143,PAYMENT,2195.26,C885930099,90495.0,88299.74,M628794112,0.0,0.0,0,0
19,PAYMENT,8157.02,C148789456,276001.07,267844.05,M615370977,0.0,0.0,0,0
212,CASH_OUT,201116.39,C1815827188,21528.0,0.0,C1998136600,0.0,201116.39,0,0
396,PAYMENT,31895.25,C285773276,790.0,0.0,M219997616,0.0,0.0,0,0
329,PAYMENT,18643.24,C391510315,8416.0,0.0,M2126714615,0.0,0.0,0,0
329,CASH_IN,38006.5,C299343419,2337174.22,2375180.72,C1796738300,8601576.45,8563569.95,0,0
17,CASH_OUT,295179.71,C1224429367,216892.0,0.0,C1981057943,90288.22,385467.93,0,0
155,PAYMENT,27892.0,C306698869,485671.0,457779.0,M148046776,0.0,0.0,0,0
13,CASH_OUT,38740.84,C778965093,470.0,0.0,C1983181080,0.0,38740.84,0,0
258,CASH_OUT,232331.12,C1739734766,5033.0,0.0,C1599085556,0.0,232331.12,0,0
94,CASH_IN,503715.84,C1784445657,6317474.34,6821190.18,C1813738281,1985756.39,1482040.55,0,0
324,PAYMENT,14672.1,C897005457,0.0,0.0,M546779316,0.0,0.0,0,0
372,CASH_IN,105725.21,C516256636,2848574.99,2954300.2,C1390440037,302643.03,196917.82,0,0
331,CASH_OUT,95278.22,C1533963445,200723.0,105444.78,C920648020,147822.67,243100.89,0,0
181,PAYMENT,11060.36,C9934216,0.0,0.0,M1735721942,0.0,0.0,0,0
161,CASH_IN,23002.42,C1310362220,2056318.87,2079321.29,C620961718,666985.39,643982.97,0,0
96,PAYMENT,399.1,C1490449890,10491.0,10091.9,M1500913743,0.0,0.0,0,0
45,CASH_OUT,40304.29,C1791195437,557.0,0.0,C1475345597,93819.22,134123.51,0,0
236,CASH_OUT,476988.47,C1286304341,0.0,0.0,C1893669401,1402907.39,1879895.86,0,0
18,CASH_IN,104686.07,C576251213,7825747.0,7930433.08,C1074791243,150760.45,46074.38,0,0
180,CASH_IN,132176.23,C1408477808,5121635.51,5253811.75,C505227646,5490643.36,5358467.13,0,0
133,CASH_OUT,56830.43,C438688300,0.0,0.0,C1248721955,1088458.13,855261.44,0,0
132,CASH_IN,209532.36,C836800179,99288.0,308820.36,C1503269693,586.13,0.0,0,0
373,PAYMENT,22432.08,C2040981719,22457.0,24.92,M156337792,0.0,0.0,0,0
276,CASH_OUT,88168.64,C861346454,0.0,0.0,C43211131,131395.17,219563.81,0,0
302,CASH_IN,318155.89,C625417440,12185.0,330340.89,C722931861,242308.69,0.0,0,0
258,CASH_IN,227314.13,C1257963334,40940.0,268254.13,C731538979,231448.85,4134.72,0,0
330,PAYMENT,8891.6,C2113696434,20905.0,12013.4,M1762788245,0.0,0.0,0,0
7,PAYMENT,3051.93,C1353715924,0.0,0.0,M1359826251,0.0,0.0,0,0
255,PAYMENT,8553.53,C1558014603,340107.07,331553.54,M1654999499,0.0,0.0,0,0
34,TRANSFER,335142.84,C2051375424,0.0,0.0,C981243914,916961.16,750222.32,0,0
228,CASH_IN,305602.77,C287123099,134.0,305736.77,C1787429092,0.0,0.0,0,0
254,CASH_OUT,202564.97,C1138862511,753426.0,550861.03,C1100784716,510975.47,713540.44,0,0
164,TRANSFER,668468.49,C570888932,22989.0,0.0,C1834827412,1917280.57,2561835.3,0,0
280,PAYMENT,6702.9,C234776377,0.0,0.0,M1030536325,0.0,0.0,0,0
375,CASH_IN,173672.7,C663732191,3259761.39,3433434.09,C830728198,2293515.31,2119842.61,0,0
357,PAYMENT,6947.52,C1979857106,11118.0,4170.48,M1706372770,0.0,0.0,0,0
210,TRANSFER,495199.58,C773021692,0.0,0.0,C2021298304,790155.04,1285354.62,0,0
188,CASH_OUT,929037.45,C1960066566,0.0,0.0,C1786181955,978150.07,1517886.48,0,0
12,CASH_IN,5807.39,C514120840,561744.0,567551.39,C1723261728,143126.0,137318.61,0,0
371,TRANSFER,145702.88,C1642597686,20806.0,0.0,C1628616732,214309.97,360012.85,0,0
329,CASH_OUT,124687.6,C893593441,0.0,0.0,C2125113114,290209.15,414896.75,0,0
20,CASH_OUT,184919.71,C605828495,0.0,0.0,C294865434,3957483.22,4142402.94,0,0
690,CASH_OUT,228736.48,C1458391744,0.0,0.0,C806944977,598819.45,827555.93,0,0
277,CASH_OUT,70171.84,C1168671456,0.0,0.0,C14089628,411870.01,482041.85,0,0
215,TRANSFER,325635.23,C1409678443,0.0,0.0,C626473403,421492.96,747128.19,0,0
371,CASH_IN,230806.56,C1030530831,6345052.61,6575859.18,C613239879,247275.99,16469.43,0,0
260,PAYMENT,9432.91,C1260145718,0.0,0.0,M609657721,0.0,0.0,0,0
161,CASH_IN,307206.62,C2079530282,631084.4,938291.02,C1536849845,831099.22,523892.6,0,0
9,CASH_OUT,66933.68,C2002713958,70505.0,3571.32,C309301400,106924.0,173857.68,0,0
188,CASH_OUT,164306.2,C584601517,34027.0,0.0,C1646114806,561580.6,725886.8,0,0
326,TRANSFER,389774.87,C1016631553,413961.0,24186.13,C1563146523,10029501.63,10419276.5,0,0
324,PAYMENT,15800.88,C1508110766,212482.94,196682.06,M1107361592,0.0,0.0,0,0
185,CASH_IN,356698.91,C1186426357,20914.0,377612.91,C944313291,0.0,0.0,0,0
308,CASH_OUT,144382.99,C721726740,0.0,0.0,C145744538,255259.78,399642.77,0,0
376,CASH_OUT,139354.6,C1056030679,0.0,0.0,C1520693345,4746021.88,4885376.48,0,0
226,CASH_IN,13472.84,C198995902,3322316.76,3335789.6,C1176090669,85223.81,71750.97,0,0
307,PAYMENT,9178.01,C1214991043,2063.0,0.0,M1191637909,0.0,0.0,0,0
230,CASH_IN,295278.95,C1662062995,7393226.02,7688504.97,C987849167,378248.4,82969.45,0,0
258,PAYMENT,7816.64,C1490840853,222347.0,214530.36,M61182103,0.0,0.0,0,0
154,CASH_OUT,154727.22,C88597658,3528.0,0.0,C1472482517,0.0,154727.22,0,0
355,PAYMENT,19418.23,C1062560203,0.0,0.0,M353019512,0.0,0.0,0,0
349,CASH_IN,158557.37,C800053700,1371020.29,1529577.66,C756251822,5517657.22,5359099.85,0,0
14,TRANSFER,634447.42,C1723911139,0.0,0.0,C298803735,1085925.42,1603659.24,0,0
259,CASH_OUT,209478.88,C738709597,0.0,0.0,C66520197,1665068.64,1874547.52,0,0
283,PAYMENT,6314.41,C46549562,36160.32,29845.91,M2019340727,0.0,0.0,0,0
230,CASH_OUT,11323.68,C300520006,15003.0,3679.32,C1360558541,1573448.62,1584772.31,0,0
401,CASH_OUT,42492.34,C1306525963,0.0,0.0,C790453835,349857.43,392349.77,0,0
328,PAYMENT,89495.73,C315811114,20396.0,0.0,M57237424,0.0,0.0,0,0
306,CASH_OUT,69455.63,C1254805577,922001.0,852545.37,C305697256,0.0,69455.63,0,0
185,CASH_OUT,88583.36,C821186081,108.0,0.0,C631383258,0.0,88583.36,0,0
422,CASH_OUT,360.58,C1331651348,13357.0,12996.42,C1231010530,0.0,360.58,0,0
298,CASH_OUT,202445.36,C595295463,20855.0,0.0,C1158457316,202250.77,853552.87,0,0
327,PAYMENT,4224.16,C193577418,63985.0,59760.84,M171702865,0.0,0.0,0,0
399,CASH_OUT,99761.69,C809898561,0.0,0.0,C1881610091,2385864.35,2485626.04,0,0
142,CASH_IN,165780.0,C494291501,597.0,166377.0,C99980225,48095.46,0.0,0,0
36,CASH_OUT,76296.73,C2035934392,0.0,0.0,C1316168429,1620285.07,1696581.8,0,0
232,CASH_OUT,341803.12,C717863149,126.0,0.0,C437138127,133752.93,475556.05,0,0
33,TRANSFER,697920.05,C2142393698,0.0,0.0,C180056674,7377985.75,8075905.8,0,0
273,PAYMENT,591.92,C1437371345,0.0,0.0,M1459917599,0.0,0.0,0,0
139,PAYMENT,12777.71,C1313405404,0.0,0.0,M2067171742,0.0,0.0,0,0
15,PAYMENT,7865.08,C568481429,248254.42,240389.34,M1117377626,0.0,0.0,0,0
212,CASH_OUT,9172.28,C832037803,34633.0,25460.72,C2057635127,1581033.44,1590205.72,0,0
256,PAYMENT,10146.15,C802838523,0.0,0.0,M599486282,0.0,0.0,0,0
690,PAYMENT,3070.0,C1977739121,0.0,0.0,M1143457040,0.0,0.0,0,0
186,PAYMENT,35987.24,C254515279,51333.0,15345.76,M1661142674,0.0,0.0,0,0
209,CASH_IN,25593.34,C1080498324,69858.0,95451.34,C991457258,415045.37,389452.03,0,0
24,PAYMENT,16706.22,C321692067,240378.0,223671.78,M1123928822,0.0,0.0,0,0
257,CASH_OUT,116296.92,C1395529535,0.0,0.0,C1791483018,2206572.0,2322868.91,0,0
395,CASH_OUT,109141.33,C1978823167,103451.0,0.0,C114445476,205205.88,314347.21,0,0
399,CASH_IN,489194.7,C2018448954,407220.66,896415.36,C38314416,889011.0,399816.3,0,0
41,PAYMENT,68220.0,C1948648214,197631.2,129411.19,M2049414513,0.0,0.0,0,0
331,PAYMENT,15493.3,C821772117,287508.0,272014.7,M1822064249,0.0,0.0,0,0
212,CASH_OUT,293491.26,C840206746,0.0,0.0,C1379131960,524291.85,817783.11,0,0
159,CASH_OUT,116787.14,C547996609,116938.14,151.0,C1641566607,1779266.65,1896053.79,0,0
311,PAYMENT,14622.73,C1022664114,87694.0,73071.27,M1253836792,0.0,0.0,0,0
285,CASH_IN,387234.68,C1989629231,8020952.51,8408187.2,C1524721613,550391.79,163157.11,0,0
284,CASH_OUT,178635.56,C522718679,0.0,0.0,C1497333337,5213054.16,5391689.72,0,0
40,CASH_IN,9453.17,C69219951,23139.0,32592.17,C280653344,490227.07,480773.9,0,0
351,PAYMENT,30358.16,C220991808,27541.0,0.0,M1873659360,0.0,0.0,0,0
353,CASH_OUT,135969.3,C1616043850,8003.0,0.0,C1709505658,456963.18,592932.48,0,0
335,PAYMENT,26513.25,C566987144,21911.65,0.0,M957517235,0.0,0.0,0,0
282,PAYMENT,7561.4,C1429981974,0.0,0.0,M996219993,0.0,0.0,0,0
201,CASH_OUT,289859.15,C1313107072,0.0,0.0,C1083108488,4956988.94,5246848.08,0,0
254,CASH_OUT,394161.31,C518931783,31001.0,0.0,C56944933,54959.56,449120.86,0,0
229,PAYMENT,16189.2,C2067116672,74.0,0.0,M1888506391,0.0,0.0,0,0
356,CASH_IN,606567.87,C532213996,6505574.77,7112142.64,C164263014,10130835.4,9524267.53,0,0
238,TRANSFER,278558.38,C1559441183,0.0,0.0,C958693271,2932722.44,3211280.82,0,0
232,PAYMENT,7818.33,C313003806,0.0,0.0,M1515709438,0.0,0.0,0,0
401,CASH_OUT,154648.88,C29763323,0.0,0.0,C1768584240,976946.27,1131595.15,0,0
357,CASH_IN,230897.52,C1794020406,74644.0,305541.52,C1175586823,4748526.85,4517629.32,0,0
307,CASH_IN,154398.14,C2039349373,4201452.98,4355851.12,C920622328,407295.03,252896.9,0,0
397,CASH_OUT,115207.72,C419412514,0.0,0.0,C471475221,3221610.38,3336818.11,0,0
380,PAYMENT,3540.29,C88985462,10430.0,6889.71,M322660536,0.0,0.0,0,0
255,PAYMENT,24231.12,C119709799,0.0,0.0,M1242630330,0.0,0.0,0,0
133,TRANSFER,999331.71,C108149709,15988.0,0.0,C1768640436,241910.26,1241241.97,0,0
331,CASH_IN,121172.36,C1469263733,532337.0,653509.36,C30971296,0.0,0.0,0,0
235,CASH_OUT,71369.3,C802615365,30541.0,0.0,C75357077,0.0,71369.3,0,0
129,CASH_IN,245126.55,C132429046,22118498.8,22363625.35,C2000076087,524669.52,279542.97,0,0
187,CASH_OUT,200625.96,C362569049,0.0,0.0,C1212635157,784558.62,985184.58,0,0
399,PAYMENT,2086.8,C134496461,32210.0,30123.2,M391710733,0.0,0.0,0,0
301,CASH_OUT,52236.04,C1226777808,0.0,0.0,C787512342,240587.95,292823.98,0,0
167,PAYMENT,3285.01,C1835050998,57089.37,53804.37,M2115934465,0.0,0.0,0,0
207,TRANSFER,294361.7,C1643343743,10870.53,0.0,C503457815,2257852.94,2552214.64,0,0
230,PAYMENT,4402.43,C698012326,0.0,0.0,M911584846,0.0,0.0,0,0
255,TRANSFER,275451.28,C506514950,0.0,0.0,C1634190383,10941298.44,11216749.73,0,0
400,CASH_IN,107061.92,C660235942,118186.0,225247.92,C1121867455,0.0,0.0,0,0
161,PAYMENT,31404.55,C565448839,14564.0,0.0,M2071524501,0.0,0.0,0,0
253,CASH_IN,164201.52,C37892761,12244393.52,12408595.04,C1052349053,11182316.35,11018114.83,0,0
298,CASH_OUT,191633.96,C1743010319,23732.0,0.0,C706826140,558091.16,749725.12,0,0
201,CASH_OUT,50100.05,C1003288502,215012.0,164911.95,C442114573,0.0,50100.05,0,0
403,CASH_IN,66803.75,C128796617,79579.0,146382.75,C2079612497,0.0,0.0,0,0
285,CASH_IN,306338.5,C911209391,12037275.3,12343613.79,C965215639,2309208.12,2002869.63,0,0
187,CASH_OUT,173078.43,C1497794460,0.0,0.0,C1683290595,203377.21,376455.63,0,0
279,TRANSFER,563808.01,C73529556,56108.04,0.0,C989454103,964765.92,1528573.93,0,0
393,PAYMENT,33803.37,C325356111,59674.0,25870.63,M666153455,0.0,0.0,0,0
326,PAYMENT,14887.2,C1633650445,0.0,0.0,M256830110,0.0,0.0,0,0
236,PAYMENT,18795.71,C1330276072,6045.0,0.0,M1241993521,0.0,0.0,0,0
259,PAYMENT,791.32,C1985806429,0.0,0.0,M1504591706,0.0,0.0,0,0
17,CASH_OUT,102573.55,C549248664,0.0,0.0,C2142397180,832364.85,934938.4,0,0
297,CASH_IN,166480.59,C1556827892,833908.66,1000389.25,C1449899108,623564.76,457084.16,0,0
280,PAYMENT,1127.45,C453809701,125.0,0.0,M465781464,0.0,0.0,0,0
161,TRANSFER,325379.44,C1840386634,0.0,0.0,C534514208,2615507.55,3064769.75,0,0
139,CASH_OUT,80302.63,C248190680,1521.0,0.0,C642199673,90782.95,171085.58,0,0
495,CASH_OUT,987470.17,C1138417563,987470.17,0.0,C1647906907,0.0,987470.17,1,0
232,PAYMENT,6592.31,C225064411,28916.0,22323.69,M1610857472,0.0,0.0,0,0
236,PAYMENT,4588.25,C1002949537,738.0,0.0,M238073404,0.0,0.0,0,0
258,CASH_IN,98922.12,C2000590419,14054972.48,14153894.61,C1753703703,3812296.73,3713374.6,0,0
181,CASH_OUT,449712.35,C1416734358,99018.0,0.0,C304801072,1731539.57,2528303.04,0,0
298,CASH_IN,523131.97,C1129813899,21838.0,544969.97,C1821359220,121520.14,0.0,0,0
302,CASH_OUT,360904.44,C1585903108,5032.0,0.0,C1510505480,0.0,360904.44,0,0
396,CASH_OUT,187463.2,C283789048,105352.0,0.0,C1263382585,139414.31,326877.51,0,0
230,PAYMENT,11132.12,C1124101266,10218.0,0.0,M1761159808,0.0,0.0,0,0
153,CASH_OUT,539909.09,C1401295138,0.0,0.0,C468305083,11489620.34,12029529.43,0,0
42,CASH_OUT,218406.28,C1454226560,12313.0,0.0,C157723422,259280.38,477686.66,0,0
160,CASH_IN,6064.97,C1426932947,20903971.78,20910036.75,C1820621066,233827.79,227762.82,0,0
211,CASH_OUT,36767.76,C1496018788,0.0,0.0,C490665416,638484.23,675252.0,0,0
229,TRANSFER,237082.52,C2004011527,23470.0,0.0,C73119549,0.0,237082.52,0,0
346,CASH_OUT,164835.49,C1692910485,27287.0,0.0,C910138645,3163.84,167999.33,0,0
297,PAYMENT,18344.86,C676411454,237821.91,219477.05,M1322544288,0.0,0.0,0,0
330,CASH_IN,52198.19,C416916444,51439.0,103637.19,C1723712431,269975.26,217777.07,0,0
284,CASH_OUT,7014.3,C510959449,205231.0,198216.7,C183584066,99840.16,106854.46,0,0
154,CASH_OUT,299285.33,C59025823,0.0,0.0,C522014298,371307.18,670592.51,0,0
393,PAYMENT,51488.75,C855425523,103399.66,51910.91,M88244678,0.0,0.0,0,0
448,TRANSFER,11361.67,C222000928,0.0,0.0,C788957487,21249.86,32611.52,0,0
522,PAYMENT,17502.53,C616528335,0.0,0.0,M136093662,0.0,0.0,0,0
210,PAYMENT,24954.81,C605894070,71409.0,46454.19,M1671737290,0.0,0.0,0,0
371,PAYMENT,29419.84,C1454011648,211034.01,181614.18,M841154385,0.0,0.0,0,0
297,CASH_IN,227803.49,C612459256,595.0,228398.49,C418471980,0.0,0.0,0,0
44,CASH_OUT,112151.91,C1154346077,300207.0,188055.09,C202175052,84795.5,196947.42,0,0
20,CASH_OUT,86302.54,C329744026,37832.0,0.0,C1184081138,345318.89,431621.43,0,0
165,PAYMENT,12659.88,C2116868759,49720.0,37060.12,M1247542859,0.0,0.0,0,0
355,CASH_OUT,404353.92,C690801618,0.0,0.0,C2001998228,1998425.22,2402779.15,0,0
403,CASH_OUT,203204.93,C634275160,0.0,0.0,C1151410735,6423465.18,6626670.1,0,0
205,CASH_OUT,159356.93,C830459890,21523.0,0.0,C865054812,0.0,159356.93,0,0
48,PAYMENT,12891.51,C2028318176,98854.27,85962.76,M299058855,0.0,0.0,0,0
377,CASH_IN,142298.19,C592078964,3251373.01,3393671.2,C1409823825,1871341.99,1729043.8,0,0
372,CASH_OUT,370553.53,C1288311819,0.0,0.0,C1214785209,10040681.92,10411235.45,0,0
285,PAYMENT,8551.25,C1069463912,30695.0,22143.75,M927076138,0.0,0.0,0,0
324,CASH_IN,368519.17,C1621968658,50959.0,419478.17,C2059730920,2800585.0,2432065.83,0,0
278,CASH_OUT,126664.84,C738929487,20591.0,0.0,C1845838498,248539.55,375204.39,0,0
692,CASH_IN,48366.76,C2096204687,1383941.91,1432308.67,C1421405948,88418.2,40051.44,0,0
139,CASH_IN,143563.68,C982505827,20079.0,163642.68,C1061817491,0.0,0.0,0,0
15,CASH_OUT,136018.81,C1034832716,0.0,0.0,C1568715360,1606180.62,1742199.43,0,0
350,PAYMENT,29657.59,C1028567975,0.0,0.0,M1722941206,0.0,0.0,0,0
283,CASH_OUT,231578.97,C424415233,0.0,0.0,C317895289,1024246.36,1255825.33,0,0
158,PAYMENT,2198.55,C1406624198,0.0,0.0,M748464124,0.0,0.0,0,0
233,PAYMENT,42319.5,C1917663002,0.0,0.0,M237958006,0.0,0.0,0,0
253,CASH_IN,126809.47,C1431057508,1346447.57,1473257.04,C911664609,406591.57,279782.1,0,0
10,CASH_OUT,203775.44,C2138017031,0.0,0.0,C979719862,3612354.23,4067018.45,0,0
189,PAYMENT,609.63,C897422863,0.0,0.0,M1441798650,0.0,0.0,0,0
370,PAYMENT,5270.31,C1977795844,49268.0,43997.69,M1076705402,0.0,0.0,0,0
206,CASH_OUT,46152.51,C299865996,21934.0,0.0,C88338853,2723470.5,2769623.01,0,0
212,PAYMENT,9426.24,C724970695,19812.0,10385.76,M1025244101,0.0,0.0,0,0
15,PAYMENT,22445.83,C1584856829,152073.0,129627.17,M1182827782,0.0,0.0,0,0
402,CASH_OUT,105709.39,C1789036505,127083.0,21373.61,C1914137591,0.0,465749.36,0,0
405,PAYMENT,11996.6,C1115969264,5316.0,0.0,M1604195845,0.0,0.0,0,0
158,CASH_OUT,112989.41,C876196834,0.0,0.0,C1415758685,338667.81,451657.22,0,0
255,PAYMENT,25056.51,C1490961122,70675.0,45618.49,M1772159997,0.0,0.0,0,0
377,CASH_OUT,148845.99,C1620402832,204952.33,56106.34,C1150801840,737169.91,886015.9,0,0
373,PAYMENT,12887.69,C1374901403,139184.0,126296.31,M190860119,0.0,0.0,0,0
260,CASH_IN,210738.4,C921653959,513986.0,724724.4,C689261155,440758.8,230020.4,0,0
355,CASH_OUT,76014.01,C1153188011,11994.0,0.0,C1706145077,6366283.22,6442297.24,0,0
330,CASH_OUT,485026.51,C291733630,0.0,0.0,C1364708194,518674.44,1003700.95,0,0
39,CASH_OUT,101915.37,C1619864114,0.0,0.0,C1530516105,382414.88,484330.25,0,0
203,CASH_OUT,333199.77,C671752243,0.0,0.0,C1244574939,2390299.35,2723499.12,0,0
33,CASH_IN,85686.72,C1673141292,5247634.95,5333321.67,C603648060,6636699.71,6551012.99,0,0
373,PAYMENT,25718.57,C397581988,0.0,0.0,M2113415341,0.0,0.0,0,0
228,CASH_OUT,412564.32,C106877440,0.0,0.0,C1354779959,4257058.15,4669622.47,0,0
274,CASH_IN,310532.98,C1446964042,7530989.46,7841522.44,C2113353379,7686218.88,7375685.9,0,0
281,PAYMENT,40030.68,C1387983906,0.0,0.0,M1091557481,0.0,0.0,0,0
155,CASH_OUT,284120.38,C1180429152,51391.0,0.0,C175684745,570176.55,854296.93,0,0
18,PAYMENT,9180.05,C478013316,207643.72,198463.67,M484377533,0.0,0.0,0,0
187,CASH_OUT,205358.19,C1660576768,40614.0,0.0,C1422672194,121867.07,327225.26,0,0
40,CASH_IN,93009.85,C1883724865,21851.0,114860.85,C1486240284,0.0,0.0,0,0
139,CASH_IN,97097.09,C816253747,20006.0,117103.09,C1346351265,14629.07,0.0,0,0
321,PAYMENT,4551.99,C227975205,3348.0,0.0,M1851068385,0.0,0.0,0,0
165,CASH_IN,210052.84,C1252249765,58302.0,268354.84,C919117871,435254.86,225202.03,0,0
352,CASH_IN,220464.34,C30332415,44.0,220508.34,C542032320,2664.94,0.0,0,0
228,PAYMENT,46839.67,C2064782123,17063.0,0.0,M1279262754,0.0,0.0,0,0
44,CASH_OUT,172398.86,C1507888450,0.0,0.0,C2143998843,4495653.95,4574559.1,0,0
137,PAYMENT,2855.03,C1121009041,206979.98,204124.95,M1099705025,0.0,0.0,0,0
37,CASH_OUT,85529.12,C1827208511,0.0,0.0,C2116179610,2555177.92,2640707.04,0,0
14,PAYMENT,12019.9,C1842250159,29252.0,17232.1,M1225543682,0.0,0.0,0,0
208,CASH_OUT,112418.35,C2092457619,309346.72,196928.37,C1679120917,1442184.98,1554603.33,0,0
612,CASH_OUT,78140.91,C1527247366,680610.0,602469.09,C1520535441,0.0,78140.91,0,0
42,CASH_OUT,52422.17,C14237115,306695.0,254272.83,C1566653742,3149315.06,3201737.23,0,0
595,CASH_IN,311344.66,C1169749689,306624.0,617968.66,C1583860357,0.0,0.0,0,0
283,CASH_IN,335732.51,C1769111857,1321137.11,1656869.63,C271575221,2630877.51,2295145.0,0,0
329,TRANSFER,179213.46,C989102583,54917.0,0.0,C659698518,0.0,179213.46,0,0
137,CASH_IN,112562.77,C2046338079,574776.47,687339.24,C500437472,482087.82,369525.05,0,0
382,PAYMENT,8872.05,C47655256,1719.88,0.0,M1901238267,0.0,0.0,0,0
403,CASH_IN,371398.04,C752943507,1412.0,372810.04,C2145307120,721711.15,350313.11,0,0
282,CASH_OUT,54320.46,C1183814113,0.0,0.0,C110439125,81831.47,136151.93,0,0
373,PAYMENT,13621.86,C485545597,6061.0,0.0,M941858380,0.0,0.0,0,0
157,CASH_IN,135694.36,C416419892,2107209.46,2242903.81,C238465110,1121220.58,985526.22,0,0
21,CASH_OUT,412051.4,C2067085163,0.0,0.0,C392981119,477911.36,1004003.91,0,0
9,CASH_IN,112486.06,C1771480479,6397964.65,6510450.71,C1252466498,208895.76,2779197.58,0,0
250,PAYMENT,4327.69,C940989993,0.0,0.0,M569206750,0.0,0.0,0,0
327,CASH_OUT,506977.81,C1024427894,2555.0,0.0,C1753125458,0.0,506977.81,0,0
189,CASH_IN,176842.54,C924695163,8775349.04,8952191.58,C2146783553,180521.13,3678.59,0,0
131,PAYMENT,9254.48,C360425903,20898.0,11643.52,M830140207,0.0,0.0,0,0
249,CASH_OUT,251250.0,C238798946,0.0,0.0,C1378128479,398983.73,650233.72,0,0
355,CASH_OUT,230046.21,C1721681034,31657.0,0.0,C1990249984,805618.38,1035664.59,0,0
210,PAYMENT,262.07,C1740083033,12377.0,12114.93,M1776072224,0.0,0.0,0,0
369,CASH_OUT,40603.01,C1839226835,39843.0,0.0,C1696583417,4133349.18,4173952.19,0,0
182,TRANSFER,77487.02,C1604303171,0.0,0.0,C494407924,342481.41,419968.43,0,0
589,CASH_IN,223905.65,C1481272308,73727.0,297632.65,C1850122235,2637153.54,2413247.89,0,0
257,PAYMENT,9556.86,C2085967098,4078.0,0.0,M1648106559,0.0,0.0,0,0
184,CASH_OUT,128784.67,C1829712973,0.0,0.0,C268784004,2596617.37,2725402.04,0,0
709,DEBIT,1913.45,C1465678579,105.0,0.0,C209309635,9998566.64,10000480.09,0,0
13,CASH_OUT,165833.32,C887501667,7328.0,0.0,C282112012,1142.82,166976.14,0,0
34,PAYMENT,7172.43,C46047073,38.0,0.0,M405338361,0.0,0.0,0,0
301,CASH_OUT,16873.88,C910627191,0.0,0.0,C2121279690,13991532.27,14008406.15,0,0
330,PAYMENT,40453.54,C993409460,103124.0,62670.46,M2025141078,0.0,0.0,0,0
404,CASH_OUT,85111.77,C892861490,10618.0,0.0,C2037092789,531542.74,616654.51,0,0
301,PAYMENT,28511.92,C1752015896,0.0,0.0,M949488345,0.0,0.0,0,0
177,PAYMENT,4015.18,C257077766,130085.0,126069.82,M2062275654,0.0,0.0,0,0
20,TRANSFER,274605.42,C1410163035,0.0,0.0,C1621229567,798861.07,1015975.87,0,0
277,PAYMENT,30935.54,C1795697412,0.0,0.0,M1227974024,0.0,0.0,0,0
162,CASH_IN,116870.93,C719101980,884661.97,1001532.9,C1055760328,923915.17,807044.25,0,0
351,PAYMENT,22983.76,C1657295935,28937.0,5953.24,M802825738,0.0,0.0,0,0
230,CASH_IN,379671.74,C1781187117,53259.0,432930.74,C1401713713,0.0,0.0,0,0
18,CASH_IN,79435.17,C362442238,11177.0,90612.17,C170954749,843638.81,666303.43,0,0
191,PAYMENT,4893.36,C1092638692,70547.0,65653.64,M1516734043,0.0,0.0,0,0
43,TRANSFER,783387.93,C1300249751,132069.37,0.0,C846988219,1579308.22,2362696.14,0,0
400,CASH_OUT,40914.51,C127633183,0.0,0.0,C125966997,237036.27,277950.77,0,0
15,CASH_OUT,37211.38,C342600274,0.0,0.0,C480497673,1762670.5,1799881.88,0,0
191,PAYMENT,2056.01,C1034785034,0.0,0.0,M1062173470,0.0,0.0,0,0
141,CASH_IN,164455.92,C1029940541,2592602.92,2757058.84,C157416114,1583450.82,1418994.9,0,0
395,TRANSFER,1408417.24,C209564943,0.0,0.0,C99621683,1499360.76,2907778.0,0,0
285,CASH_IN,234614.72,C390086365,2538608.47,2773223.19,C556123745,1187503.9,952889.18,0,0
326,CASH_IN,251456.88,C1339031541,30148.0,281604.88,C1107903043,0.0,0.0,0,0
36,CASH_OUT,73495.45,C1187066950,0.0,0.0,C1697190375,411844.9,485340.34,0,0
394,CASH_OUT,95129.35,C1140687338,0.0,0.0,C88708425,991035.95,1086165.3,0,0
43,PAYMENT,13776.08,C12455396,40770.0,26993.92,M1767590733,0.0,0.0,0,0
380,PAYMENT,12476.7,C1511238363,10916.0,0.0,M1205080826,0.0,0.0,0,0
210,CASH_OUT,186741.73,C688946650,3752.0,0.0,C1255113146,0.0,186741.73,0,0
10,CASH_OUT,451487.73,C127321814,892663.69,441175.97,C339254743,3641754.64,4093242.37,0,0
381,CASH_OUT,113551.87,C2038339754,0.0,0.0,C1873739758,2931278.29,3044830.16,0,0
156,CASH_OUT,409975.18,C24516285,103485.0,0.0,C1779634903,0.0,409975.18,0,0
305,PAYMENT,33336.32,C1032652346,0.0,0.0,M1007925263,0.0,0.0,0,0
162,CASH_IN,201492.8,C524008489,3534579.16,3736071.96,C1349923341,12619304.88,12417812.07,0,0
212,CASH_OUT,104864.03,C85555869,0.0,0.0,C1385739128,271928.99,376793.02,0,0
207,CASH_OUT,187342.93,C773908132,0.0,0.0,C488069798,207567.18,394910.11,0,0
351,CASH_OUT,131982.29,C31735137,0.0,0.0,C1028359564,1896654.22,2028636.51,0,0
323,CASH_IN,388489.53,C7068232,17321.81,405811.34,C1255432872,41229.48,0.0,0,0
332,CASH_IN,130364.56,C1766472395,596084.0,726448.56,C2061232136,0.0,0.0,0,0
11,CASH_OUT,22871.96,C667060368,0.0,0.0,C732470450,2651662.74,2674534.69,0,0
251,CASH_IN,155526.94,C1253600798,3265638.76,3421165.7,C1780559314,514364.61,358837.68,0,0
590,PAYMENT,9817.24,C1314396912,2196.0,0.0,M593328698,0.0,0.0,0,0
354,TRANSFER,508160.76,C2057589603,0.0,0.0,C1862999440,7994965.01,8503125.77,0,0
259,CASH_OUT,142071.89,C1873416794,0.0,0.0,C1844453445,254913.64,396985.53,0,0
235,CASH_IN,127147.13,C129989130,19963.0,147110.13,C2012302053,12232.65,0.0,0,0
161,PAYMENT,2087.36,C1990001828,0.0,0.0,M896729304,0.0,0.0,0,0
331,CASH_OUT,368523.03,C839568871,0.0,0.0,C1299451398,680125.25,1048648.28,0,0
41,CASH_OUT,473464.2,C82420490,11788.0,0.0,C1808585861,1152928.68,1626392.88,0,0
38,CASH_IN,367266.54,C2117923186,649993.85,1017260.39,C2042935462,428779.96,61513.42,0,0
522,PAYMENT,18233.65,C2016355735,18259.0,25.35,M1609305205,0.0,0.0,0,0
226,PAYMENT,2489.19,C377328977,0.0,0.0,M1671063189,0.0,0.0,0,0
396,PAYMENT,6999.79,C129107481,38689.11,31689.32,M399847317,0.0,0.0,0,0
251,CASH_OUT,220504.96,C2146623035,34790.88,0.0,C1135752713,322527.01,543031.97,0,0
404,CASH_OUT,257496.07,C1068302030,122005.0,0.0,C440405067,124309.12,381805.19,0,0
179,TRANSFER,798495.78,C154975970,21401.0,0.0,C1013962620,363870.26,1162366.04,0,0
261,CASH_OUT,197348.23,C1431142873,559180.0,361831.77,C1357092659,135710.85,333059.08,0,0
312,CASH_OUT,193474.88,C798534550,0.0,0.0,C1544943575,5797369.42,5990844.3,0,0
284,CASH_OUT,130107.15,C1436162741,0.0,0.0,C1615714703,291396.4,421503.55,0,0
208,CASH_IN,330055.46,C399690045,9988.0,340043.46,C1522963998,0.0,0.0,0,0
300,CASH_IN,215362.62,C1076820368,107064.0,322426.62,C743299873,1426560.18,1211197.56,0,0
251,CASH_OUT,418714.13,C457342947,164.0,0.0,C2101459290,11841393.61,12260107.74,0,0
646,CASH_OUT,10000000.0,C409047240,10000000.0,0.0,C325570373,235170.07,10235170.07,1,0
41,CASH_OUT,73644.88,C253892478,0.0,0.0,C144892117,1626661.62,1700306.5,0,0
42,PAYMENT,4054.65,C1148865984,0.0,0.0,M668142520,0.0,0.0,0,0
358,PAYMENT,8688.1,C940069008,0.0,0.0,M2077328204,0.0,0.0,0,0
565,CASH_OUT,254947.37,C1850623085,254947.37,0.0,C1632237950,0.0,254947.37,1,0
372,CASH_IN,125530.42,C667928243,8256.0,133786.42,C1399750017,190750.06,65219.64,0,0
226,CASH_OUT,371723.58,C899514279,0.0,0.0,C1217728591,1167089.76,1538813.33,0,0
209,CASH_OUT,83064.23,C23704929,67041.0,0.0,C1355132024,0.0,83064.23,0,0
185,CASH_OUT,258543.66,C991333854,0.0,0.0,C1047719771,459809.11,718352.77,0,0
619,CASH_IN,107945.69,C1547144399,17499.0,125444.69,C1518766856,859285.06,751339.37,0,0
40,CASH_OUT,276514.96,C836362466,37942.0,0.0,C600100500,2069390.77,2345905.72,0,0
405,PAYMENT,4961.21,C1249947424,89963.59,85002.38,M48996102,0.0,0.0,0,0
39,CASH_OUT,290791.8,C1330904944,0.0,0.0,C953168815,514150.14,804941.94,0,0
260,CASH_IN,166597.92,C572512831,1113722.95,1280320.87,C881312218,7043109.19,6876511.27,0,0
207,PAYMENT,3107.98,C67170321,29104.68,25996.7,M444064740,0.0,0.0,0,0
397,TRANSFER,939394.82,C387910285,0.0,0.0,C561822941,9436107.25,10375502.07,0,0
403,TRANSFER,938799.05,C2116591000,8683.0,0.0,C972078386,202249.9,1141048.95,0,0
213,PAYMENT,87204.41,C482215044,0.0,0.0,M1674903697,0.0,0.0,0,0
348,CASH_IN,13039.04,C905948437,3705012.59,3718051.63,C955239133,2371376.13,2358337.09,0,0
299,TRANSFER,189861.87,C876536385,0.0,0.0,C1443276157,622237.01,933863.08,0,0
143,PAYMENT,8400.04,C1169739204,0.0,0.0,M1956078700,0.0,0.0,0,0
379,PAYMENT,15637.21,C895822071,638863.17,623225.96,M1782899900,0.0,0.0,0,0
203,CASH_OUT,159763.81,C1362497327,0.0,0.0,C863299176,300265.16,647212.22,0,0
299,PAYMENT,26384.63,C1349367273,0.0,0.0,M1504655920,0.0,0.0,0,0
155,TRANSFER,3821886.8,C622742627,0.0,0.0,C902848606,4453097.61,8274984.41,0,0
202,CASH_OUT,354024.32,C1752376683,49796.0,0.0,C1186469244,5107774.76,5461799.08,0,0
226,CASH_IN,294894.09,C282367270,40254.0,335148.09,C780995449,0.0,0.0,0,0
484,CASH_OUT,156220.74,C389614238,156220.74,0.0,C643171110,0.0,156220.74,1,0
20,CASH_OUT,42848.88,C1450113365,0.0,0.0,C1380922009,13199472.46,13365063.77,0,0
159,PAYMENT,19655.87,C1998413544,0.0,0.0,M1529252704,0.0,0.0,0,0
13,CASH_OUT,740932.62,C2040681681,14819.0,0.0,C495643918,102398.0,843330.62,0,0
130,CASH_OUT,127727.37,C769317878,7384.0,0.0,C690434445,0.0,127727.37,0,0
13,TRANSFER,954856.52,C1289503245,898.0,0.0,C17200346,193503.11,1148359.62,0,0
251,CASH_OUT,318488.67,C1542583913,34954.0,0.0,C87614541,245530.9,564019.57,0,0
403,PAYMENT,15765.73,C1902646571,20410.0,4644.27,M942707701,0.0,0.0,0,0
257,CASH_OUT,16357.95,C602953247,33310.0,16952.05,C1079748561,0.0,16357.95,0,0
21,PAYMENT,3986.82,C1797984171,0.0,0.0,M936191926,0.0,0.0,0,0
298,CASH_OUT,667819.0,C231028402,105965.0,0.0,C291941656,0.0,667819.0,0,0
131,CASH_IN,136481.28,C70089384,972712.5,1109193.79,C437626439,322069.78,185588.5,0,0
398,CASH_OUT,296109.99,C2091735654,12452.0,0.0,C1005760685,36059.14,332169.13,0,0
35,CASH_OUT,369119.17,C798583061,0.0,0.0,C1241193816,796317.98,1165437.15,0,0
204,CASH_OUT,205632.81,C1115109214,19861.0,0.0,C1795787797,1705507.93,2342126.97,0,0
307,PAYMENT,9486.52,C1787407898,0.0,0.0,M931671911,0.0,0.0,0,0
38,CASH_OUT,289125.36,C698436922,0.0,0.0,C1489703171,918425.41,1207550.77,0,0
163,CASH_OUT,374613.83,C405434051,30072.0,0.0,C689327195,321355.15,1129513.16,0,0
182,TRANSFER,1376986.92,C1735918357,10756.0,0.0,C635329166,0.0,1376986.92,0,0
14,PAYMENT,6502.83,C967904609,40511.0,34008.17,M1426878886,0.0,0.0,0,0
163,PAYMENT,2978.71,C148432728,0.0,0.0,M1658567367,0.0,0.0,0,0
16,CASH_OUT,248953.54,C1679997837,0.0,0.0,C823752553,658783.92,1036680.75,0,0
379,CASH_OUT,141477.38,C277249643,0.0,0.0,C1830709958,311670.45,453147.82,0,0
381,PAYMENT,8225.9,C1487810359,19952.0,11726.1,M1481506099,0.0,0.0,0,0
156,CASH_IN,108059.63,C700411667,297401.0,405460.63,C1535960803,31485.34,0.0,0,0
135,CASH_IN,189122.7,C1727991002,4661611.49,4850734.19,C1139333885,208890.95,19768.25,0,0
324,CASH_IN,120989.76,C1662907342,5188519.55,5309509.31,C1339569545,927789.76,806800.0,0,0
17,PAYMENT,3467.97,C324247631,0.0,0.0,M723188420,0.0,0.0,0,0
36,CASH_OUT,460513.81,C514713288,0.0,0.0,C351240345,2817144.62,4604886.48,0,0
153,CASH_OUT,446548.88,C389605493,94.0,0.0,C1491570082,4258.71,450807.59,0,0
8,CASH_OUT,155548.45,C32212848,0.0,0.0,C2032924554,6405945.16,6561493.61,0,0
204,PAYMENT,1938.21,C4575580,0.0,0.0,M400557764,0.0,0.0,0,0
404,CASH_OUT,64134.45,C1306262172,0.0,0.0,C1143698806,136229.81,200364.26,0,0
157,CASH_OUT,205364.17,C1518359268,0.0,0.0,C710954031,1347269.88,1552634.05,0,0
18,PAYMENT,13011.35,C679778310,0.0,0.0,M1202079632,0.0,0.0,0,0
131,CASH_IN,104143.24,C574541471,8523324.64,8627467.88,C401138689,212714.21,108570.97,0,0
95,PAYMENT,14211.65,C458078892,558.0,0.0,M1817900162,0.0,0.0,0,0
158,CASH_OUT,15149.73,C1064892155,0.0,0.0,C787745039,92633.09,107782.82,0,0
15,CASH_OUT,56940.09,C534139993,0.0,0.0,C1748725857,163140.39,626225.29,0,0
36,CASH_OUT,364928.38,C1271754812,0.0,0.0,C806083492,2470785.95,2835714.33,0,0
617,CASH_IN,96113.19,C1741137826,729611.51,825724.7,C129604412,119271.95,23158.76,0,0
279,PAYMENT,11242.99,C1897579112,14715.0,3472.01,M1111011045,0.0,0.0,0,0
351,PAYMENT,104.92,C575571437,19930.88,19825.96,M1404624262,0.0,0.0,0,0
185,PAYMENT,45030.32,C164537221,208260.84,163230.52,M621988899,0.0,0.0,0,0
302,PAYMENT,8438.56,C748174621,11178.0,2739.44,M1723547095,0.0,0.0,0,0
522,TRANSFER,302654.41,C1238124854,0.0,0.0,C406629279,675979.2,978633.61,0,0
232,CASH_IN,69760.37,C760864623,5619.0,75379.37,C619149289,660800.87,591040.5,0,0
253,PAYMENT,19985.98,C1090010074,0.0,0.0,M1380043462,0.0,0.0,0,0
9,CASH_OUT,469622.08,C958011521,0.0,0.0,C571435580,1951209.51,2530669.07,0,0
158,CASH_OUT,203019.73,C922723625,1585.0,0.0,C1711120438,1744487.29,1947507.02,0,0
354,CASH_OUT,62745.19,C188803575,0.0,0.0,C16071803,1644353.62,1707098.81,0,0
262,CASH_OUT,194642.32,C4192579,0.0,0.0,C187889376,733723.98,928366.3,0,0
205,TRANSFER,1210543.31,C576819811,19922.0,0.0,C547783829,190524.05,1401067.36,0,0
380,CASH_IN,65224.99,C1362187100,7194138.12,7259363.12,C280261802,292177.97,226952.98,0,0
154,CASH_OUT,47309.43,C1241624435,43671.0,0.0,C1242564045,1219095.37,1266404.8,0,0
14,CASH_OUT,207777.74,C467464047,0.0,0.0,C1793928293,571143.65,147672.16,0,0
332,PAYMENT,181.09,C930784085,29786.0,29604.91,M1451744739,0.0,0.0,0,0
132,CASH_OUT,229342.33,C1380522838,0.0,0.0,C199646416,1352653.96,2063478.26,0,0
133,CASH_OUT,41713.73,C1400237457,2133.0,0.0,C1345141723,0.0,41713.73,0,0
321,PAYMENT,16084.5,C928639763,25999.0,9914.5,M152419483,0.0,0.0,0,0
188,PAYMENT,16433.52,C276550966,30180.0,13746.48,M2125761761,0.0,0.0,0,0
12,CASH_IN,38486.87,C960984523,6687222.71,6725709.58,C7074894,281551.78,243064.91,0,0
157,CASH_IN,131535.23,C1290036572,6255509.56,6387044.79,C1912911229,206142.92,74607.69,0,0
12,PAYMENT,5421.81,C775767940,0.0,0.0,M52423321,0.0,0.0,0,0
179,TRANSFER,698792.56,C1706856992,524369.0,0.0,C147689379,1767708.54,2466501.11,0,0
188,PAYMENT,11027.64,C317156044,188657.49,177629.85,M1366209346,0.0,0.0,0,0
157,PAYMENT,7339.34,C1303037238,0.0,0.0,M752690828,0.0,0.0,0,0
21,CASH_IN,57467.67,C634028329,1960047.82,2017515.49,C1279122388,4261142.64,4203674.97,0,0
36,CASH_OUT,190648.33,C545354921,10578.0,0.0,C1863896065,20083.28,210731.61,0,0
404,CASH_OUT,24822.52,C1462756935,0.0,0.0,C361001207,110971.57,135794.09,0,0
41,CASH_OUT,270469.21,C360477775,9180.0,0.0,C1725758453,7039013.76,7309482.97,0,0
216,CASH_OUT,285666.45,C1755917239,0.0,0.0,C653558873,2005740.47,2291406.92,0,0
370,CASH_OUT,5864.07,C522967117,241.0,0.0,C1565882719,206073.75,211937.81,0,0
15,PAYMENT,4037.44,C1249223090,237463.62,233426.18,M312835721,0.0,0.0,0,0
163,PAYMENT,18383.11,C1496541704,0.0,0.0,M55619715,0.0,0.0,0,0
298,CASH_OUT,35878.98,C932659340,0.0,0.0,C1260777304,48498.04,84377.02,0,0
163,TRANSFER,876876.25,C887178513,0.0,0.0,C1166958278,1686747.68,2563623.92,0,0
186,CASH_IN,155860.71,C696734391,3791628.88,3947489.59,C1237329987,1568324.52,1412463.82,0,0
348,PAYMENT,33782.66,C278043495,29977.66,0.0,M695118693,0.0,0.0,0,0
11,PAYMENT,7663.56,C1739384306,174.0,0.0,M212586485,0.0,0.0,0,0
194,PAYMENT,9725.88,C524463214,0.0,0.0,M1878043759,0.0,0.0,0,0
184,CASH_IN,151873.29,C1052254002,6895551.56,7047424.84,C520606697,154049.96,2176.67,0,0
205,CASH_OUT,309496.87,C848859281,20406.0,0.0,C806095004,0.0,309496.87,0,0
16,CASH_OUT,385131.94,C445890648,0.0,0.0,C1745052337,1449292.8,1834424.74,0,0
43,CASH_OUT,46189.5,C101519059,0.0,0.0,C1823402370,1619323.31,1665512.81,0,0
180,TRANSFER,678279.83,C1009409727,59169.0,0.0,C1269683447,0.0,678279.83,0,0
134,CASH_IN,199841.95,C666316791,20685.0,220526.95,C1959942740,118752.5,0.0,0,0
350,CASH_OUT,237536.81,C1661170914,0.0,0.0,C1844494668,2413717.99,2651254.8,0,0
185,CASH_IN,524612.2,C321741247,5005.0,529617.2,C1834996808,690075.72,165463.53,0,0
155,CASH_OUT,47466.89,C1311440644,0.0,0.0,C1410540753,148175.25,114173.71,0,0
234,CASH_OUT,293848.21,C1644469944,205.0,0.0,C235826977,6194.23,300042.44,0,0
331,CASH_OUT,67586.87,C650898261,0.0,0.0,C1137172813,138140.27,205727.14,0,0
226,PAYMENT,20456.75,C1195123539,14658.0,0.0,M1931248552,0.0,0.0,0,0
131,PAYMENT,9335.29,C649982810,0.0,0.0,M1262039061,0.0,0.0,0,0
204,PAYMENT,2730.67,C511868015,30704.0,27973.33,M1471814556,0.0,0.0,0,0
189,PAYMENT,14321.23,C1274919531,0.0,0.0,M1832743982,0.0,0.0,0,0
404,CASH_OUT,235010.07,C1482956611,0.0,0.0,C1569992180,12544640.86,12779650.92,0,0
12,CASH_IN,241873.7,C565641328,0.0,241873.7,C353094433,1118055.03,1324543.54,0,0
258,TRANSFER,139733.48,C835800053,599527.55,459794.07,C136185483,146548.03,286281.51,0,0
404,CASH_OUT,46669.26,C1540573212,0.0,0.0,C247098680,1299237.53,1345906.79,0,0
373,CASH_OUT,296431.82,C798251217,801.0,0.0,C1991924441,242430.71,538862.53,0,0
208,PAYMENT,9004.46,C510595426,22287.0,13282.54,M1818178380,0.0,0.0,0,0
231,CASH_OUT,196759.36,C964670040,0.0,0.0,C589733044,260354.96,457114.32,0,0
229,CASH_OUT,105097.38,C425205720,26396.0,0.0,C1685983624,1541362.04,1646459.42,0,0
179,CASH_OUT,261306.81,C1386838281,336110.79,74803.99,C2004986741,1785753.33,2372901.37,0,0
321,PAYMENT,3042.37,C1947769645,141264.08,138221.71,M213792125,0.0,0.0,0,0
309,PAYMENT,11663.64,C634557571,0.0,0.0,M191071935,0.0,0.0,0,0
594,CASH_IN,55302.28,C1793803329,4346196.45,4401498.74,C1735741137,2290682.46,2235380.17,0,0
44,PAYMENT,213.68,C1757793322,797.02,583.34,M1230639191,0.0,0.0,0,0
302,CASH_IN,26610.68,C1685903935,4780777.66,4807388.34,C1632429589,88829.14,62218.46,0,0
305,TRANSFER,10887606.15,C1982440519,0.0,0.0,C1197828627,11275713.43,22163319.58,0,0
300,PAYMENT,29418.9,C691915504,0.0,0.0,M1691301641,0.0,0.0,0,0
13,CASH_OUT,377851.37,C830664242,0.0,0.0,C877696892,1389102.04,1766953.41,0,0
95,PAYMENT,237.42,C214404892,16.0,0.0,M867276546,0.0,0.0,0,0
37,PAYMENT,36663.64,C1771488704,10097.0,0.0,M970585693,0.0,0.0,0,0
185,CASH_OUT,407575.45,C365069543,0.0,0.0,C656131767,3768095.16,4175670.61,0,0
231,CASH_IN,506523.0,C1827990471,1913362.36,2419885.36,C677260014,827289.33,320766.33,0,0
131,PAYMENT,9154.22,C317725378,0.0,0.0,M1424951115,0.0,0.0,0,0
203,CASH_IN,124242.55,C279387343,13235071.24,13359313.79,C1925670020,124424.46,181.91,0,0
38,CASH_IN,14858.71,C1010097505,21513.0,36371.71,C502493429,0.0,0.0,0,0
42,DEBIT,2094.62,C603191131,88092.29,85997.67,C27609902,989848.79,991943.41,0,0
522,TRANSFER,420054.69,C1854780241,0.0,0.0,C1886044585,2880162.37,3300217.06,0,0
253,CASH_OUT,161557.75,C854361684,125862.0,0.0,C653544015,742826.8,902391.19,0,0
522,CASH_OUT,54323.85,C778174882,0.0,0.0,C1167313590,361480.3,415804.16,0,0
181,CASH_OUT,168351.88,C425840158,0.0,0.0,C2047376708,6309471.03,6477822.91,0,0
259,CASH_IN,50867.23,C463709084,1267826.3,1318693.53,C856513030,808533.38,757666.15,0,0
187,CASH_IN,136350.86,C1947289955,16994240.01,17130590.87,C719275374,424971.93,288621.07,0,0
209,CASH_IN,24269.63,C1852660801,127819.66,152089.3,C579868061,1839368.71,1114826.9,0,0
160,PAYMENT,9106.27,C203372980,0.0,0.0,M1605030787,0.0,0.0,0,0
688,CASH_OUT,37758.92,C62640402,39882.0,2123.08,C1516701590,0.0,37758.92,0,0
204,PAYMENT,11834.22,C1466285143,20146.0,8311.78,M1480364872,0.0,0.0,0,0
207,PAYMENT,6340.88,C1403623711,0.0,0.0,M1529408317,0.0,0.0,0,0
20,CASH_IN,13214.81,C812731729,6678.0,19892.81,C983253408,1852464.93,1753449.06,0,0
280,TRANSFER,103548.5,C1262680784,0.0,0.0,C184447876,2826528.73,2930077.23,0,0
35,PAYMENT,8894.49,C386263910,951.0,0.0,M1322889372,0.0,0.0,0,0
300,CASH_IN,113203.88,C1429791201,8266.0,121469.88,C832389153,96088.82,0.0,0,0
210,CASH_OUT,20063.23,C1363463421,0.0,0.0,C979253442,344981.05,365044.27,0,0
180,CASH_OUT,138077.42,C1722921655,651566.0,513488.58,C602975362,2587066.22,2725143.64,0,0
277,CASH_OUT,247440.56,C1960261298,0.0,0.0,C1379461819,1223417.24,1470857.8,0,0
7,CASH_OUT,79602.79,C997361164,0.0,0.0,C728885526,131518.1,211120.9,0,0
379,CASH_OUT,288810.98,C681231133,10712.0,0.0,C1453165161,0.0,288810.98,0,0
133,PAYMENT,7040.67,C1027132507,0.0,0.0,M1698776671,0.0,0.0,0,0
235,PAYMENT,7807.16,C1555553181,12293.0,4485.84,M1601200576,0.0,0.0,0,0
305,PAYMENT,11684.98,C1158538622,22816.23,11131.25,M835543485,0.0,0.0,0,0
136,CASH_OUT,95637.89,C603661997,614.0,0.0,C1207924772,17507.0,288716.41,0,0
210,CASH_IN,209952.8,C641402947,100853.0,310805.8,C1054521115,0.0,0.0,0,0
36,CASH_OUT,57336.37,C1532936102,0.0,0.0,C895882992,127708.24,141438.71,0,0
379,CASH_OUT,134057.58,C1723909882,71543.0,0.0,C1171689420,0.0,134057.58,0,0
250,CASH_OUT,127293.47,C1961555756,0.0,0.0,C1135013043,3429894.97,3557188.44,0,0
13,CASH_OUT,156705.27,C1123836361,15071.0,0.0,C1201419111,43397.39,133353.12,0,0
542,CASH_IN,144534.5,C875358530,20927.0,165461.5,C738077141,639375.97,494841.47,0,0
398,CASH_IN,36464.69,C1737537594,22506300.35,22542765.04,C1141106668,163373.62,126908.93,0,0
206,CASH_OUT,105941.97,C1120818015,0.0,0.0,C1199996421,229255.22,335197.19,0,0
308,CASH_IN,148955.76,C1927403859,5081144.52,5230100.28,C1669504352,164894.74,15938.99,0,0
325,CASH_OUT,120550.92,C1571618086,0.0,0.0,C1916599875,381757.5,502308.42,0,0
352,CASH_IN,402350.17,C138894988,773713.0,1176063.17,C259078266,0.0,0.0,0,0
186,CASH_OUT,50197.19,C1342820959,15557.0,0.0,C937403027,56598.42,106795.61,0,0
227,TRANSFER,1406724.71,C868529150,11575.0,0.0,C175706623,0.0,1406724.71,0,0
273,PAYMENT,12817.71,C345839116,0.0,0.0,M1016257030,0.0,0.0,0,0
36,PAYMENT,12085.42,C1695783137,35394.0,23308.58,M1072692303,0.0,0.0,0,0
232,TRANSFER,280987.47,C538336480,0.0,0.0,C307564906,1367003.66,1647991.14,0,0
324,CASH_OUT,59443.08,C642915951,114763.0,55319.92,C1204639520,395020.56,454463.64,0,0
378,CASH_OUT,241310.41,C1892782292,0.0,0.0,C1645634333,523531.88,764842.29,0,0
238,PAYMENT,2111.09,C1283863414,162058.0,159946.91,M1095601434,0.0,0.0,0,0
403,PAYMENT,6608.82,C160354533,22354.0,15745.18,M2050323284,0.0,0.0,0,0
139,PAYMENT,416.97,C553334683,0.0,0.0,M1283891338,0.0,0.0,0,0
281,PAYMENT,822.56,C18773361,0.0,0.0,M871388478,0.0,0.0,0,0
166,CASH_OUT,142984.51,C483338269,0.0,0.0,C691447712,3353908.88,3503974.39,0,0
13,CASH_OUT,77326.39,C289555772,0.0,0.0,C1792855239,1345842.46,1423168.85,0,0
372,CASH_OUT,153659.73,C1809521625,16033.0,0.0,C1386183720,17627.33,171287.07,0,0
206,CASH_OUT,333854.33,C1877968831,0.0,0.0,C408799115,385919.05,719773.38,0,0
377,CASH_OUT,277441.52,C1776353249,480.0,0.0,C1834608017,0.0,277441.52,0,0
189,CASH_IN,184101.42,C884360975,1591147.22,1775248.65,C1978933134,251900.05,67798.62,0,0
9,CASH_IN,129301.32,C1753726107,7410593.05,7539894.38,C1882170630,479143.17,1482758.49,0,0
303,CASH_OUT,238542.74,C438935617,68152.89,0.0,C657018368,21761.52,260304.26,0,0
132,CASH_OUT,10339.13,C623529963,291830.0,281490.87,C1819398245,1520376.16,1742202.27,0,0
280,CASH_OUT,108090.69,C1999176146,0.0,0.0,C156363230,4273483.45,4381574.14,0,0
213,CASH_IN,204137.57,C1538451505,18460580.85,18664718.43,C479466911,477956.37,273818.8,0,0
180,PAYMENT,8311.35,C1738926612,0.0,0.0,M1347093837,0.0,0.0,0,0
282,CASH_OUT,78590.06,C882091081,49172.0,0.0,C447749993,0.0,78590.06,0,0
229,CASH_IN,246059.3,C1694164187,2680257.35,2926316.65,C1033958725,481859.09,235799.79,0,0
255,CASH_OUT,107428.04,C730657625,264277.97,156849.93,C1906172246,3857458.66,3964886.7,0,0
205,PAYMENT,27835.06,C1492846450,0.0,0.0,M1686790558,0.0,0.0,0,0
166,CASH_OUT,210356.82,C177040998,0.0,0.0,C323093282,1741343.9,1951700.72,0,0
211,PAYMENT,3015.9,C1003756888,13521.0,10505.1,M890855904,0.0,0.0,0,0
10,CASH_OUT,343024.91,C1530027016,251339.0,0.0,C1564251366,303476.31,646501.22,0,0
229,CASH_IN,375634.85,C1876691564,71901.0,447535.85,C772493639,898614.31,522979.46,0,0
135,PAYMENT,3869.07,C1598809032,50273.0,46403.93,M148135420,0.0,0.0,0,0
330,CASH_IN,282993.76,C644762295,2244814.46,2527808.22,C1886556817,1694108.1,1411114.35,0,0
307,CASH_OUT,220139.23,C2087198982,30929.0,0.0,C1158323496,88163.82,308303.05,0,0
38,CASH_OUT,25050.43,C618764734,104454.0,79403.57,C229967251,0.0,25050.43,0,0
34,CASH_OUT,210063.55,C1384563923,0.0,0.0,C631870386,1349056.16,1734909.06,0,0
132,TRANSFER,101967.65,C1648037200,196892.84,94925.19,C2132002426,4372851.91,4474819.56,0,0
157,TRANSFER,151721.09,C1518561568,0.0,0.0,C1613536973,242801.26,394522.35,0,0
323,PAYMENT,23871.3,C1121252758,0.0,0.0,M1974643988,0.0,0.0,0,0
230,TRANSFER,163292.87,C863170312,0.0,0.0,C1435899467,765482.25,928775.12,0,0
330,CASH_IN,341798.16,C1549042117,4337214.79,4679012.94,C417692109,1071033.9,729235.74,0,0
12,CASH_OUT,484713.89,C1740627441,309311.0,0.0,C1870129829,707576.88,1771125.76,0,0
254,CASH_OUT,157022.65,C1936342615,369.0,0.0,C1761234588,0.0,157022.65,0,0
325,PAYMENT,8796.55,C1946882111,118963.0,110166.45,M948397075,0.0,0.0,0,0
378,CASH_IN,161658.53,C208651852,17045.0,178703.53,C1466630237,226245.09,64586.56,0,0
329,CASH_OUT,123004.75,C137748893,0.0,0.0,C256420719,2126818.7,2249823.45,0,0
257,CASH_OUT,206627.8,C1440857644,0.0,0.0,C516170529,472887.46,679515.26,0,0
357,CASH_IN,48058.43,C1964805327,11002.0,59060.43,C753189168,2502919.84,2454861.41,0,0
522,CASH_OUT,151803.43,C972023463,0.0,0.0,C1198395043,4240513.02,4653672.38,0,0
500,PAYMENT,6297.3,C1200077567,201751.0,195453.7,M1266932071,0.0,0.0,0,0
211,CASH_IN,81074.83,C1406395600,10258406.15,10339480.98,C443117674,188765.17,141426.06,0,0
371,CASH_OUT,305047.34,C686681042,0.0,0.0,C53820707,562793.19,867840.54,0,0
165,PAYMENT,3332.58,C44906638,6438.0,3105.42,M1363401572,0.0,0.0,0,0
131,CASH_IN,113032.44,C105437169,7777625.78,7890658.22,C2093054334,169544.87,56512.43,0,0
235,CASH_IN,265616.01,C1689765490,1959882.58,2225498.59,C783765910,4788108.4,4522492.39,0,0
275,CASH_OUT,261141.67,C568146684,10404.0,0.0,C898835154,144653.12,405794.79,0,0
135,CASH_IN,20230.48,C1400878405,8471244.86,8491475.34,C206190909,1375218.83,1354988.35,0,0
231,TRANSFER,385206.6,C1685700123,0.0,0.0,C1589273282,435976.77,821183.37,0,0
284,CASH_OUT,212447.24,C1217028615,0.0,0.0,C732671437,250221.35,462668.59,0,0
348,CASH_IN,261236.14,C649787003,3259551.58,3520787.72,C1624972057,1812018.59,1550782.45,0,0
44,PAYMENT,7217.52,C598474008,0.0,0.0,M1649198433,0.0,0.0,0,0
157,CASH_IN,237983.21,C982727363,5903774.97,6141758.19,C1559183463,253886.79,15903.58,0,0
40,CASH_IN,86345.31,C422453346,14548.0,100893.31,C121723460,0.0,0.0,0,0
181,CASH_IN,161918.07,C1306898972,598.0,162516.07,C1054246475,157508.16,0.0,0,0
328,CASH_IN,183444.47,C1551932501,0.0,183444.47,C1590926612,45073765.48,44890321.01,0,0
188,CASH_IN,133912.68,C1451772910,14341.0,148253.68,C1305681617,9762.0,0.0,0,0
279,CASH_OUT,158304.22,C742097754,12052.0,0.0,C746451674,2403258.7,2902974.59,0,0
407,TRANSFER,890791.35,C80062232,0.0,0.0,C1025739561,1300783.07,2191574.42,0,0
376,CASH_IN,251393.93,C10357997,5371129.88,5622523.81,C1211607837,3975601.55,3724207.62,0,0
288,CASH_OUT,135722.53,C821307854,0.0,0.0,C905963395,769121.79,904844.31,0,0
350,TRANSFER,1206222.21,C1607028213,0.0,0.0,C1217751863,2015093.09,3221315.31,0,0
347,DEBIT,4873.68,C1755668748,58455.0,53581.32,C288624208,2533104.07,2537977.75,0,0
284,PAYMENT,18817.47,C736947502,39808.0,20990.53,M1852589571,0.0,0.0,0,0
326,PAYMENT,41330.74,C632823786,881311.0,839980.26,M1612188482,0.0,0.0,0,0
234,CASH_OUT,94546.11,C1660245165,0.0,0.0,C629289810,97566.42,192112.52,0,0
283,TRANSFER,953006.98,C725724968,0.0,0.0,C826178834,4181692.9,5134699.88,0,0
163,PAYMENT,1151.48,C1183049255,22243.0,21091.52,M1997552012,0.0,0.0,0,0
330,CASH_IN,229507.83,C463886629,30834.0,260341.83,C108435136,408253.68,178745.85,0,0
402,CASH_OUT,23491.42,C61204198,5128.0,0.0,C1399470172,0.0,23491.42,0,0
139,CASH_IN,53604.31,C639797143,660.0,54264.31,C2044512048,0.0,0.0,0,0
14,CASH_OUT,109582.98,C815797632,0.0,0.0,C399841837,272995.59,298425.19,0,0
17,PAYMENT,15045.7,C246744816,310.0,0.0,M27440856,0.0,0.0,0,0
309,PAYMENT,36955.8,C529722043,99859.0,62903.2,M1142948164,0.0,0.0,0,0
285,PAYMENT,47548.56,C255399899,0.0,0.0,M1623685474,0.0,0.0,0,0
305,PAYMENT,17368.69,C1914065615,260732.87,243364.17,M1663656360,0.0,0.0,0,0
36,CASH_OUT,982.78,C880011887,19955.0,18972.22,C1345349514,253598.63,254581.41,0,0
20,PAYMENT,5520.01,C383431179,0.0,0.0,M1478640963,0.0,0.0,0,0
21,PAYMENT,835.63,C1439879909,0.0,0.0,M722707754,0.0,0.0,0,0
588,CASH_OUT,220128.82,C15522321,0.0,0.0,C585292373,5445401.15,5744571.44,0,0
212,PAYMENT,3146.63,C62880595,6275.0,3128.37,M2071219904,0.0,0.0,0,0
235,PAYMENT,17042.29,C2121330017,35909.0,18866.71,M1512485465,0.0,0.0,0,0
165,CASH_IN,145708.73,C1497148363,3835720.09,3981428.83,C1383250598,351625.53,205916.8,0,0
162,CASH_OUT,169831.74,C1890727353,0.0,0.0,C1277501127,1567443.72,1737275.46,0,0
238,TRANSFER,366505.58,C1159687504,29524.0,0.0,C733306660,408534.42,775040.0,0,0
209,CASH_OUT,232877.1,C1336452378,15644.0,0.0,C232652,2713442.44,2946319.54,0,0
162,PAYMENT,10858.69,C616789961,0.0,0.0,M1951177568,0.0,0.0,0,0
187,PAYMENT,13901.15,C946116627,21468.0,7566.85,M1313739753,0.0,0.0,0,0
336,PAYMENT,5607.99,C107775893,15969.0,10361.01,M1699487760,0.0,0.0,0,0
139,CASH_IN,24333.01,C373925852,2432457.27,2456790.28,C24121494,34245.34,9912.33,0,0
17,CASH_OUT,280245.84,C1919582826,6043.0,0.0,C759588610,1126814.87,1183602.53,0,0
283,CASH_OUT,152389.93,C719812597,0.0,0.0,C1223575319,409334.21,561724.14,0,0
333,TRANSFER,3255118.44,C1298891342,0.0,0.0,C1545485892,7225423.52,10480541.96,0,0
354,PAYMENT,8246.31,C530760344,0.0,0.0,M299489861,0.0,0.0,0,0
226,PAYMENT,30545.82,C212189390,61592.0,31046.18,M652304290,0.0,0.0,0,0
36,CASH_OUT,324662.18,C1993692066,30217.0,0.0,C473764838,1405552.71,1730214.89,0,0
160,CASH_IN,146375.56,C200041371,1284828.37,1431203.92,C494571826,417604.15,218655.33,0,0
41,TRANSFER,88974.28,C483658339,177.0,0.0,C583566517,2238337.66,2327311.93,0,0
38,CASH_IN,117516.05,C1240376599,12451.0,129967.05,C1676364768,0.0,0.0,0,0
306,CASH_OUT,243569.59,C1877196895,2076.0,0.0,C44145926,87323.09,330892.68,0,0
375,TRANSFER,2916109.57,C677768871,0.0,0.0,C43184203,4362875.95,7278985.52,0,0
229,CASH_OUT,94625.37,C60182331,30431.0,0.0,C494990160,10035.02,104660.39,0,0
159,PAYMENT,7714.48,C1963979645,6041.0,0.0,M1011217287,0.0,0.0,0,0
42,PAYMENT,21319.44,C1061814630,0.0,0.0,M698722382,0.0,0.0,0,0
214,PAYMENT,16746.4,C694665026,199427.0,182680.6,M1072569361,0.0,0.0,0,0
281,CASH_OUT,309187.99,C326072054,123306.0,0.0,C894268468,84204.59,393392.58,0,0
211,CASH_IN,234597.23,C392240524,2086627.59,2321224.82,C388595293,470059.07,235461.85,0,0
382,CASH_OUT,73751.65,C1231583303,0.0,0.0,C1707574337,987238.21,1060989.85,0,0
231,CASH_OUT,53759.33,C83692455,0.0,0.0,C1241429108,125558.33,179317.66,0,0
330,CASH_IN,77774.4,C1986167400,840564.25,918338.65,C1523090194,740827.55,663053.15,0,0
403,TRANSFER,966012.82,C1998562386,0.0,0.0,C322787085,17429925.64,18395938.46,0,0
42,CASH_OUT,249383.17,C1391324159,5165.0,0.0,C908097065,22347.7,271730.87,0,0
178,CASH_IN,247217.69,C635301363,41931.0,289148.69,C432736408,0.0,0.0,0,0
15,CASH_IN,225273.66,C319244287,6356188.03,6581461.69,C1995881616,603147.53,393344.51,0,0
35,CASH_OUT,168406.54,C313936337,3509.0,0.0,C766119233,0.0,221248.14,0,0
235,CASH_IN,134531.34,C116997193,54958.0,189489.34,C186141807,151641.1,17109.76,0,0
42,CASH_IN,409764.58,C1090722353,5054.0,414818.58,C102981010,8293764.76,7884000.18,0,0
329,CASH_IN,238771.88,C788493878,11087430.57,11326202.46,C1627317814,555645.64,316873.76,0,0
41,PAYMENT,2868.18,C2105535025,10009.0,7140.82,M2107629689,0.0,0.0,0,0
258,PAYMENT,3970.32,C210977483,0.0,0.0,M1451057457,0.0,0.0,0,0
36,CASH_IN,120484.14,C908120291,537844.7,658328.84,C1691842823,1220160.08,1099675.93,0,0
188,CASH_IN,13232.79,C106684008,5205469.43,5218702.22,C1983104147,5295240.09,5282007.29,0,0
44,PAYMENT,2479.15,C1717567785,97741.85,95262.71,M1798879234,0.0,0.0,0,0
487,TRANSFER,1205760.86,C1553540945,1205760.86,0.0,C758612821,0.0,0.0,1,0
156,CASH_OUT,226774.96,C1272874286,30787.0,0.0,C456280531,0.0,226774.96,0,0
203,CASH_OUT,102107.02,C455528276,0.0,0.0,C1923641478,867806.33,969913.35,0,0
300,CASH_OUT,76330.34,C312458759,28336.0,0.0,C1212048842,248458.73,324789.07,0,0
251,CASH_OUT,213038.2,C334503506,0.0,0.0,C1471687261,8441295.8,8654334.01,0,0
346,CASH_OUT,83092.71,C2133676496,62949.0,0.0,C574628584,3499665.47,3582758.18,0,0
599,PAYMENT,565.71,C384224852,51670.0,51104.29,M229508922,0.0,0.0,0,0
143,CASH_OUT,119090.56,C668321851,21537.0,0.0,C66565123,978900.6,1097991.15,0,0
326,CASH_OUT,105255.22,C651654906,20470.0,0.0,C1875507416,1278632.91,1383888.13,0,0
161,CASH_IN,250171.59,C159667095,258288.31,508459.9,C1005460442,452617.07,202445.49,0,0
300,CASH_OUT,338082.26,C741431076,0.0,0.0,C875336802,632693.83,970776.09,0,0
393,CASH_OUT,77632.26,C483036616,0.0,0.0,C187482,1520656.34,1598288.6,0,0
167,PAYMENT,8020.1,C1157404124,10899.0,2878.9,M1087056038,0.0,0.0,0,0
326,CASH_OUT,147689.54,C1966794866,15353.59,0.0,C618796434,2310867.5,2264687.66,0,0
332,PAYMENT,34555.78,C24707508,0.0,0.0,M1874782432,0.0,0.0,0,0
276,PAYMENT,8143.43,C951140830,11544.0,3400.57,M806282861,0.0,0.0,0,0
275,PAYMENT,8361.52,C1889857956,0.0,0.0,M1786976511,0.0,0.0,0,0
160,CASH_IN,139178.08,C1161936767,936366.99,1075545.07,C724658728,134773.95,0.0,0,0
236,PAYMENT,17975.55,C136711736,118336.0,100360.45,M249763907,0.0,0.0,0,0
227,TRANSFER,744419.57,C1243259276,0.0,0.0,C1448082310,2176174.26,2920593.83,0,0
314,CASH_OUT,271150.29,C1431720928,271150.29,0.0,C1276777256,105282.66,376432.95,1,0
281,CASH_OUT,15862.33,C259778960,0.0,0.0,C1236278074,124646.91,140509.24,0,0
43,CASH_IN,340775.4,C1321688546,7247658.79,7588434.18,C1523273333,2147748.7,1806973.3,0,0
163,CASH_OUT,66251.04,C809393534,0.0,0.0,C928216789,8435259.58,8501510.62,0,0
189,CASH_OUT,141918.84,C695282793,20970.0,0.0,C209796396,279934.01,421852.85,0,0
369,CASH_OUT,192185.88,C694439196,0.0,0.0,C159461032,5392000.69,5584186.57,0,0
18,CASH_OUT,128501.47,C405990887,0.0,0.0,C1786765410,1021963.13,1140947.41,0,0
298,PAYMENT,3006.68,C1346163408,0.0,0.0,M1455018105,0.0,0.0,0,0
160,CASH_IN,637205.46,C1284341983,2963176.58,3600382.03,C271365023,2926879.48,2289674.02,0,0
16,PAYMENT,17492.44,C518006440,4260.42,0.0,M2092197989,0.0,0.0,0,0
695,TRANSFER,530729.16,C72151713,0.0,0.0,C1196309169,6344823.32,6875552.48,0,0
140,PAYMENT,8548.62,C1329144923,51616.0,43067.38,M1038875427,0.0,0.0,0,0
709,PAYMENT,22207.08,C1238540511,10687.0,0.0,M2064919571,0.0,0.0,0,0
44,CASH_IN,137627.17,C1961440673,11521927.08,11659554.24,C428635036,2118282.53,1980655.36,0,0
298,CASH_OUT,395866.51,C556259762,0.0,0.0,C1258835710,590667.41,986533.92,0,0
257,CASH_IN,271651.17,C1878128883,14361.0,286012.17,C1075223067,239336.11,0.0,0,0
405,CASH_OUT,100916.58,C2089565418,0.0,0.0,C790674170,187638.17,288554.75,0,0
402,CASH_OUT,144053.13,C591765922,1051.0,0.0,C1867562315,2654163.88,2798217.02,0,0
299,CASH_OUT,87715.35,C434042584,0.0,0.0,C899705704,1725170.69,1791741.21,0,0
297,TRANSFER,2805546.0,C1052856311,0.0,0.0,C906275627,5048412.21,7853958.21,0,0
325,CASH_IN,92489.64,C1747260168,92008.88,184498.52,C1452862148,240460.68,147971.04,0,0
210,CASH_IN,169949.86,C2132637461,125122.48,295072.34,C1093136245,1468076.8,1298126.93,0,0
326,CASH_OUT,41897.08,C1299552892,99908.0,58010.92,C1890258988,7845341.48,7887238.57,0,0
346,PAYMENT,16494.07,C68174185,57286.0,40791.93,M1317090700,0.0,0.0,0,0
207,TRANSFER,2407.45,C1545980166,0.0,0.0,C1786653117,3210516.28,3212923.72,0,0
451,CASH_OUT,49184.07,C231139222,0.0,0.0,C1772186351,2334588.88,2383772.95,0,0
206,PAYMENT,25276.43,C1713003467,0.0,0.0,M601039133,0.0,0.0,0,0
10,CASH_OUT,492630.59,C2117796619,263942.67,0.0,C1914690137,0.0,492630.59,0,0
216,PAYMENT,35580.02,C1912672339,25646.07,0.0,M2092042983,0.0,0.0,0,0
548,CASH_OUT,442474.54,C1452008453,0.0,0.0,C575856839,1272138.37,1714612.91,0,0
328,PAYMENT,15575.58,C1109814914,696.0,0.0,M1027816897,0.0,0.0,0,0
255,CASH_OUT,14577.37,C71632277,0.0,0.0,C1702455561,189731.65,204309.02,0,0
254,CASH_OUT,212844.95,C953414288,0.0,0.0,C588511092,603612.54,816457.5,0,0
285,CASH_IN,123151.08,C2139892283,8942857.51,9066008.59,C1567037883,775963.86,652812.78,0,0
160,TRANSFER,392968.7,C778045429,0.0,0.0,C745705721,449728.73,842697.43,0,0
394,CASH_OUT,236716.13,C782625044,0.0,0.0,C1393038107,1431743.24,1668459.37,0,0
11,CASH_OUT,399605.84,C1132847387,2753.0,0.0,C1304776965,693009.22,1092615.06,0,0
190,CASH_IN,315471.33,C1070684883,5665530.5,5981001.83,C565200591,3896028.16,3580556.84,0,0
371,CASH_OUT,147181.94,C797365658,0.0,0.0,C1102714538,1508624.25,1655806.19,0,0
326,PAYMENT,10529.56,C447462268,0.0,0.0,M891889903,0.0,0.0,0,0
384,PAYMENT,9202.72,C299285070,185069.0,175866.28,M773840780,0.0,0.0,0,0
18,TRANSFER,1201492.93,C1653596197,22734.0,0.0,C42898023,48869.58,1250362.51,0,0
325,CASH_OUT,223635.68,C1371576630,0.0,0.0,C1172814480,12425270.3,12648905.98,0,0
160,PAYMENT,24077.3,C590677591,0.0,0.0,M48992340,0.0,0.0,0,0
252,CASH_OUT,113883.1,C941293209,0.0,0.0,C1078201173,466973.54,580856.64,0,0
40,CASH_IN,35132.02,C1871567409,6998860.64,7033992.66,C886284769,2039787.08,2004655.06,0,0
158,CASH_OUT,348503.07,C821888205,0.0,0.0,C1416913080,436509.03,785012.1,0,0
324,PAYMENT,34214.43,C1918585996,0.0,0.0,M1043000825,0.0,0.0,0,0
14,CASH_OUT,567317.22,C1218230822,0.0,0.0,C1910163007,1206874.72,1559734.7,0,0
330,CASH_IN,76606.8,C2058281447,20195.0,96801.8,C2125996465,0.0,0.0,0,0
161,TRANSFER,691981.67,C856261933,0.0,0.0,C897475096,10285883.57,10977865.24,0,0
250,CASH_OUT,165069.8,C4588709,0.0,0.0,C1969723073,4281218.98,4446288.78,0,0
209,CASH_OUT,256010.29,C1015449278,9379.0,0.0,C142163691,0.0,256010.29,0,0
356,CASH_OUT,6390.29,C931875623,0.0,0.0,C2055783084,3335852.31,3342242.59,0,0
260,CASH_OUT,145693.82,C922692777,0.0,0.0,C1325756966,230072.91,375766.72,0,0
207,PAYMENT,4158.35,C1991586527,0.0,0.0,M36758491,0.0,0.0,0,0
328,PAYMENT,10285.32,C1839052561,0.0,0.0,M554797977,0.0,0.0,0,0
43,CASH_OUT,159005.53,C362843502,401483.0,242477.47,C1449751798,814589.92,973595.45,0,0
226,PAYMENT,22603.43,C1074983589,236442.0,213838.57,M1916934125,0.0,0.0,0,0
14,CASH_OUT,236447.49,C1208664106,0.0,0.0,C2068512425,1281686.55,1518134.04,0,0
139,CASH_IN,31105.91,C698674792,2927206.62,2958312.54,C1426652051,369961.96,338856.04,0,0
16,TRANSFER,267292.78,C837721676,31340.0,0.0,C209217337,409315.76,311723.42,0,0
133,CASH_OUT,60675.28,C970317793,0.0,0.0,C1778504963,80498.57,141173.85,0,0
160,CASH_IN,136119.37,C1255609931,328677.0,464796.37,C621863533,258108.12,121988.75,0,0
42,CASH_OUT,262596.86,C63258908,0.0,0.0,C1659655938,508877.95,771474.81,0,0
226,PAYMENT,6434.69,C2023470190,0.0,0.0,M985942962,0.0,0.0,0,0
44,CASH_OUT,72386.26,C993425154,0.0,0.0,C879329312,2369653.28,2442039.54,0,0
273,PAYMENT,3085.12,C1779845841,24278.0,21192.88,M120243562,0.0,0.0,0,0
41,CASH_OUT,105550.48,C668660075,788.0,0.0,C128736076,664236.06,769786.54,0,0
212,PAYMENT,2152.02,C558251456,314274.39,312122.37,M538371215,0.0,0.0,0,0
329,PAYMENT,13084.27,C121671509,0.0,0.0,M1655640013,0.0,0.0,0,0
259,PAYMENT,11902.21,C1121595144,142.0,0.0,M1277619347,0.0,0.0,0,0
160,CASH_IN,221850.63,C537668007,558986.07,780836.7,C1641176259,405256.23,183405.6,0,0
308,CASH_OUT,58016.66,C1007714023,23673.0,0.0,C2071444891,4741.54,62758.2,0,0
212,CASH_IN,62114.31,C808118805,1103.0,63217.31,C1490735980,0.0,0.0,0,0
188,CASH_OUT,69089.08,C564072434,13235.0,0.0,C639544240,40451.13,109540.21,0,0
139,CASH_IN,222353.91,C1057171893,2601431.13,2823785.04,C1176240630,1509116.92,1286763.01,0,0
259,CASH_OUT,43404.12,C331026925,1115.0,0.0,C1687556922,430358.11,473762.22,0,0
399,CASH_OUT,200318.4,C1289658957,204036.67,3718.27,C1554865197,6517339.26,6717657.67,0,0
158,CASH_OUT,90975.61,C1650958244,120678.0,29702.39,C2056813701,0.0,90975.61,0,0
16,CASH_OUT,187966.76,C909737583,111833.0,0.0,C2107395060,10166.0,0.0,0,0
280,PAYMENT,312.21,C1313850632,1291.58,979.37,M1540868834,0.0,0.0,0,0
227,PAYMENT,74159.17,C11630134,1360.0,0.0,M1744235189,0.0,0.0,0,0
163,PAYMENT,5526.53,C352693511,0.0,0.0,M2146285768,0.0,0.0,0,0
717,PAYMENT,8514.98,C515042918,152124.0,143609.02,M2119151749,0.0,0.0,0,0
212,CASH_IN,287021.87,C855121790,18382517.11,18669538.99,C1793217550,656872.62,369850.75,0,0
594,TRANSFER,90615.8,C1295758896,0.0,0.0,C1037417276,294305.43,384921.23,0,0
262,PAYMENT,5285.78,C734186795,49936.0,44650.22,M118152559,0.0,0.0,0,0
33,CASH_IN,6115.8,C1907120003,16348603.79,16354719.59,C1351413826,324722.7,318606.9,0,0
397,PAYMENT,26960.57,C2082801886,0.0,0.0,M1958530279,0.0,0.0,0,0
35,TRANSFER,1639427.1,C1285109402,30276.0,0.0,C1727301689,2961176.34,4600603.44,0,0
399,TRANSFER,423931.3,C1877835619,0.0,0.0,C293883370,623934.08,1047865.38,0,0
189,TRANSFER,259579.63,C650712016,0.0,0.0,C1724830936,281364.82,540944.45,0,0
182,PAYMENT,12100.35,C253710457,8708.0,0.0,M1810253250,0.0,0.0,0,0
156,PAYMENT,4525.31,C998616534,98384.64,93859.33,M1410148989,0.0,0.0,0,0
276,CASH_OUT,99791.44,C1138804435,183878.0,84086.56,C619647629,0.0,99791.44,0,0
281,CASH_IN,80887.88,C744558384,6475.0,87362.88,C1410764600,0.0,0.0,0,0
34,CASH_IN,682264.38,C369663856,527206.26,1209470.64,C469985115,1799579.28,1117314.9,0,0
250,CASH_OUT,325900.57,C1214828831,16670.0,0.0,C488082561,905062.23,1230962.8,0,0
273,CASH_IN,159436.72,C144093884,5631591.53,5791028.24,C1015412303,848400.07,688963.36,0,0
379,PAYMENT,4708.17,C1323061433,0.0,0.0,M1916750711,0.0,0.0,0,0
250,CASH_OUT,91346.51,C776653650,0.0,0.0,C1696920552,944780.55,1036127.06,0,0
327,PAYMENT,6837.78,C1223198659,0.0,0.0,M847905150,0.0,0.0,0,0
211,PAYMENT,1510.04,C1976539094,74863.0,73352.96,M77246292,0.0,0.0,0,0
395,CASH_OUT,78153.52,C700054944,0.0,0.0,C1189677144,1207258.94,1285412.45,0,0
259,TRANSFER,174938.05,C765611474,0.0,0.0,C1717513242,2238744.3,2413682.35,0,0
252,PAYMENT,38499.95,C2063993109,336140.0,297640.05,M612320189,0.0,0.0,0,0
36,CASH_IN,96267.67,C1907068214,0.0,96267.67,C1189470756,221217.97,124950.3,0,0
257,CASH_IN,8564.98,C1460294421,2441335.32,2449900.31,C1878279357,156543.7,147978.72,0,0
298,TRANSFER,705685.15,C264947891,240663.07,0.0,C1935998307,3957720.58,4663405.73,0,0
400,CASH_IN,70618.65,C148578219,5581833.04,5652451.7,C1834999729,531923.0,461304.34,0,0
131,TRANSFER,753568.4,C87958615,6012.0,0.0,C2096098493,33271.16,786839.56,0,0
132,PAYMENT,8118.2,C457099957,36793.0,28674.8,M1373852606,0.0,0.0,0,0
178,CASH_IN,172637.92,C782285314,165134.0,337771.92,C1289317646,0.0,0.0,0,0
401,PAYMENT,20313.04,C541953777,2812.0,0.0,M1672957775,0.0,0.0,0,0
164,CASH_OUT,77289.78,C2143895515,1014.0,0.0,C220849148,3154.0,0.0,0,0
14,PAYMENT,5915.42,C747862398,871474.74,865559.33,M712545284,0.0,0.0,0,0
184,CASH_OUT,384525.83,C42706602,23238.0,0.0,C1878550076,1360781.78,1745307.61,0,0
401,CASH_IN,132420.68,C508677759,749186.47,881607.15,C966499552,1078650.06,946229.38,0,0
398,CASH_OUT,86951.1,C2121082444,0.0,0.0,C39133662,216741.03,303692.14,0,0
17,CASH_OUT,592890.71,C492518004,0.0,0.0,C279371037,1463461.91,2056352.62,0,0
278,CASH_OUT,131968.38,C1990688756,152486.0,20517.62,C419448461,695048.08,827016.46,0,0
323,CASH_OUT,229955.32,C787894660,0.0,0.0,C593188047,1020024.1,1249979.43,0,0
250,TRANSFER,2189194.57,C1565880628,159.0,0.0,C1052924433,1080824.55,3270019.12,0,0
705,CASH_IN,241131.57,C1533874734,3512642.86,3753774.44,C69968364,700081.77,458950.19,0,0
596,CASH_OUT,6429.32,C894479581,60059.0,53629.68,C1628381306,254705.97,261135.28,0,0
232,CASH_OUT,307380.36,C858534527,127024.0,0.0,C1528853716,0.0,307380.36,0,0
12,CASH_IN,99004.74,C1200869199,3037923.25,3136927.99,C1885272526,789333.72,581188.01,0,0
514,CASH_OUT,268593.87,C468369427,11126.0,0.0,C1029348643,0.0,268593.87,0,0
382,CASH_OUT,479788.46,C1573133843,609649.68,129861.22,C1136728775,27114571.14,27594359.6,0,0
495,PAYMENT,10560.55,C1572071820,0.0,0.0,M1804989855,0.0,0.0,0,0
332,CASH_OUT,89713.48,C1985541454,0.0,0.0,C1039888554,2360976.69,2450690.17,0,0
405,PAYMENT,10995.4,C208653425,71807.0,60811.6,M1304799664,0.0,0.0,0,0
326,CASH_OUT,209024.12,C613175071,0.0,0.0,C604663025,495743.7,704767.82,0,0
350,CASH_OUT,63386.72,C1151684502,114188.0,50801.28,C1207499535,1417133.97,1480520.69,0,0
403,CASH_OUT,233346.03,C1684231960,246685.71,13339.68,C2023533774,3269724.4,3503070.43,0,0
232,CASH_OUT,284967.62,C1977755656,7556.0,0.0,C1982362842,7016704.24,7301671.86,0,0
231,CASH_IN,74186.47,C1763154349,3734373.7,3808560.17,C1449404948,337940.17,263753.7,0,0
298,CASH_OUT,231342.02,C1088364268,41394.0,0.0,C487746136,14179628.07,14410970.1,0,0
202,PAYMENT,4105.83,C959480038,40403.0,36297.17,M1178551503,0.0,0.0,0,0
260,CASH_OUT,88053.67,C1977639429,302268.72,214215.05,C689797629,345036.64,433090.3,0,0
137,CASH_OUT,55828.53,C1000686805,0.0,0.0,C961845967,907268.82,963097.35,0,0
527,PAYMENT,3748.25,C906513530,16676.0,12927.75,M1229557164,0.0,0.0,0,0
130,PAYMENT,12621.63,C1897742978,401.0,0.0,M615991406,0.0,0.0,0,0
146,CASH_OUT,142467.17,C2136805663,0.0,0.0,C210060666,2198345.37,2340812.54,0,0
323,TRANSFER,367944.24,C438338141,35864.0,0.0,C867420450,0.0,367944.24,0,0
329,CASH_OUT,216624.78,C1112123737,0.0,0.0,C1074006953,498366.04,714990.82,0,0
43,PAYMENT,1159.39,C1419714529,0.0,0.0,M147150280,0.0,0.0,0,0
11,CASH_IN,335762.91,C1602597651,52103.0,387865.91,C1705943735,148611.09,0.0,0,0
162,CASH_OUT,10302.46,C512732558,0.0,0.0,C355040612,146779.74,157082.2,0,0
21,CASH_IN,41754.47,C1934028613,173541.0,215295.47,C100079527,138288.97,96534.5,0,0
206,CASH_OUT,140264.07,C1406245979,53294.0,0.0,C585731195,0.0,140264.07,0,0
43,CASH_OUT,125045.38,C1535723025,0.0,0.0,C295400779,215656.94,340702.32,0,0
252,PAYMENT,15842.9,C1250558804,5055.86,0.0,M824275857,0.0,0.0,0,0
301,CASH_OUT,349946.95,C472742129,1549.0,0.0,C348231888,0.0,349946.95,0,0
163,CASH_OUT,310264.15,C1253870467,0.0,0.0,C920636617,3894312.99,4204577.14,0,0
321,CASH_OUT,90951.45,C650000750,0.0,0.0,C810221553,2958324.99,3049276.44,0,0
298,TRANSFER,63593.77,C173881961,0.0,0.0,C4217034,1932516.73,1996110.51,0,0
37,CASH_OUT,239188.77,C1113229328,0.0,0.0,C298266628,2387051.87,2626240.65,0,0
373,CASH_IN,155743.66,C1879230902,297019.0,452762.66,C135007783,0.0,0.0,0,0
14,CASH_OUT,99720.68,C1633590443,51543.0,0.0,C1073051341,145520.05,803600.37,0,0
164,TRANSFER,110526.6,C1851309867,82053.24,0.0,C1713489043,229900.22,340426.83,0,0
283,CASH_OUT,456574.58,C66081612,0.0,0.0,C1277355384,661999.96,1118574.54,0,0
306,CASH_OUT,235652.28,C747320286,7356.0,0.0,C1894428914,4595230.66,4830882.94,0,0
400,PAYMENT,24966.31,C542212743,508727.0,483760.69,M2103943302,0.0,0.0,0,0
189,CASH_IN,192115.62,C910171724,5818607.11,6010722.73,C664025635,543409.53,351293.91,0,0
276,CASH_OUT,95396.95,C54299810,322.0,0.0,C643247045,2110.39,97507.34,0,0
274,CASH_IN,228576.3,C121158593,7894302.53,8122878.83,C1891730548,268042.19,39465.89,0,0
234,CASH_IN,308318.84,C918423703,225655.0,533973.84,C1120125185,0.0,0.0,0,0
23,PAYMENT,10868.31,C1750059967,101061.49,90193.17,M2046014279,0.0,0.0,0,0
155,CASH_IN,245878.02,C1207268460,28015.0,273893.02,C1352192973,0.0,0.0,0,0
141,TRANSFER,617774.35,C443683085,0.0,0.0,C1760562417,1201359.86,1819134.21,0,0
283,CASH_IN,157021.76,C390000907,3565994.4,3723016.16,C1323291807,696871.92,539850.16,0,0
284,CASH_OUT,204215.09,C981570909,0.0,0.0,C1318161867,1345214.12,1549429.21,0,0
135,TRANSFER,385923.47,C473653982,53694.0,0.0,C671189136,2082131.15,2468054.62,0,0
307,PAYMENT,13248.77,C1716429324,0.0,0.0,M663901525,0.0,0.0,0,0
207,PAYMENT,8101.33,C1763897261,11606.05,3504.72,M760471550,0.0,0.0,0,0
9,CASH_IN,72147.46,C2037346523,1093294.62,1165442.07,C1022665407,125293.08,53145.62,0,0
256,CASH_OUT,165358.19,C1282940250,129911.0,0.0,C807329566,3778349.47,3943707.66,0,0
401,CASH_IN,257630.44,C559076272,7815360.76,8072991.2,C72798840,2088758.41,1831127.97,0,0
21,PAYMENT,5984.81,C2042901893,0.0,0.0,M887423323,0.0,0.0,0,0
254,PAYMENT,3144.8,C69806236,190126.15,186981.36,M1122969655,0.0,0.0,0,0
130,PAYMENT,8918.19,C1668982644,0.0,0.0,M100926114,0.0,0.0,0,0
168,PAYMENT,10632.11,C1081397190,0.0,0.0,M163633903,0.0,0.0,0,0
11,CASH_OUT,303983.7,C2054198927,0.0,0.0,C1601850161,363668.97,819154.25,0,0
259,CASH_OUT,268189.81,C1393171067,0.0,0.0,C903231939,492611.02,1111876.61,0,0
43,PAYMENT,29573.01,C1027632737,39055.0,9481.99,M1079829395,0.0,0.0,0,0
369,PAYMENT,4991.94,C1387284999,61561.0,56569.06,M1433206867,0.0,0.0,0,0
544,PAYMENT,5359.31,C604282441,0.0,0.0,M362926213,0.0,0.0,0,0
132,CASH_OUT,11984.28,C199876748,205.0,0.0,C920901794,0.0,11984.28,0,0
11,PAYMENT,21530.85,C1821006350,46723.0,25192.15,M40797959,0.0,0.0,0,0
139,CASH_OUT,81874.49,C525701723,104097.0,22222.51,C533967551,328762.85,410637.35,0,0
382,PAYMENT,5252.13,C1431266616,0.0,0.0,M1609412280,0.0,0.0,0,0
36,CASH_OUT,19794.1,C602869131,26061.0,6266.9,C2079980114,0.0,19794.1,0,0
19,PAYMENT,28511.61,C1378282993,140871.93,112360.33,M736331030,0.0,0.0,0,0
303,CASH_IN,71592.31,C1185420243,1204266.85,1275859.17,C1716069290,112106.52,40514.2,0,0
39,PAYMENT,21277.56,C621059619,11933.0,0.0,M1055418185,0.0,0.0,0,0
282,CASH_OUT,96192.12,C748445849,0.0,0.0,C59508054,3302282.91,3398475.03,0,0
139,CASH_IN,138025.94,C2069936736,5765812.38,5903838.32,C1936786489,467301.3,329275.36,0,0
45,CASH_IN,9782.05,C1888633669,12458921.11,12468703.16,C964530004,19243.39,9461.34,0,0
233,CASH_OUT,247241.41,C442323090,183.0,0.0,C208776798,970485.18,1217726.59,0,0
396,PAYMENT,10473.79,C485360183,0.0,0.0,M1131088503,0.0,0.0,0,0
135,TRANSFER,306860.36,C784796578,0.0,0.0,C451910364,482226.1,789086.46,0,0
260,CASH_OUT,22380.03,C218437258,62215.0,39834.97,C2024032162,0.0,22380.03,0,0
590,PAYMENT,41166.09,C1691423550,30527.0,0.0,M1817526669,0.0,0.0,0,0
687,CASH_OUT,39251.67,C32809229,0.0,0.0,C1512022664,223164.4,262416.07,0,0
179,PAYMENT,5987.93,C1127009402,20850.0,14862.07,M1768360452,0.0,0.0,0,0
236,PAYMENT,6017.44,C12758299,46724.0,40706.56,M1394658734,0.0,0.0,0,0
659,CASH_OUT,109519.33,C898738261,21171.0,0.0,C889618520,0.0,109519.33,0,0
210,PAYMENT,8257.06,C672695470,814832.83,806575.77,M894546925,0.0,0.0,0,0
274,CASH_OUT,394857.46,C260424561,82611.0,0.0,C866699638,87037.04,481894.5,0,0
229,PAYMENT,12276.78,C417242513,128.0,0.0,M861860769,0.0,0.0,0,0
144,TRANSFER,287377.59,C1684546647,0.0,0.0,C1725606822,703813.97,991191.56,0,0
451,CASH_IN,144198.96,C158455811,249184.0,393382.96,C175445287,0.0,0.0,0,0
308,CASH_OUT,39403.11,C389947392,0.0,0.0,C177452442,1300696.51,1340099.62,0,0
36,CASH_IN,374949.12,C1710491502,2990911.6,3365860.72,C431816186,1768268.81,1443799.66,0,0
403,TRANSFER,667999.75,C561164717,21977.0,0.0,C341636220,663889.19,1331888.94,0,0
326,CASH_OUT,182134.75,C1100126626,0.0,0.0,C1090410387,594321.6,776456.35,0,0
157,CASH_OUT,153075.65,C7685936,0.0,0.0,C536829516,233624.63,386700.27,0,0
211,CASH_OUT,151706.24,C570612112,76417.0,0.0,C1483667383,0.0,93205.65,0,0
179,TRANSFER,525868.21,C1621689853,0.0,0.0,C1592320111,1413939.31,1939807.52,0,0
164,CASH_IN,156159.73,C249627826,17792.0,173951.73,C280398494,195051.28,38891.55,0,0
204,CASH_IN,185631.01,C732001102,141257.0,326888.01,C485285905,38624.51,0.0,0,0
36,PAYMENT,14102.39,C40629771,0.0,0.0,M1507273936,0.0,0.0,0,0
376,CASH_OUT,70566.25,C1806440914,0.0,0.0,C1819221654,110036.5,180602.75,0,0
203,PAYMENT,2211.35,C1639904707,0.0,0.0,M1785879111,0.0,0.0,0,0
375,CASH_OUT,458021.28,C901122939,10476.18,0.0,C478079354,2788444.86,3246466.15,0,0
185,CASH_OUT,378168.56,C1287628559,20057.0,0.0,C961796981,0.0,378168.56,0,0
18,PAYMENT,8480.74,C59874364,0.0,0.0,M1797505025,0.0,0.0,0,0
254,CASH_OUT,223815.53,C838238882,327129.0,103313.47,C752479429,2004166.89,2227982.43,0,0
36,PAYMENT,35041.58,C1877448779,21529.0,0.0,M580053366,0.0,0.0,0,0
346,CASH_OUT,370954.29,C2097808258,226.0,0.0,C1119895357,8083788.75,9042289.47,0,0
205,CASH_IN,149822.82,C1917158316,23364626.83,23514449.64,C629394329,1191940.64,1042117.82,0,0
399,TRANSFER,1811938.71,C984576986,824.0,0.0,C1047290878,388691.38,2200630.09,0,0
130,TRANSFER,3220181.76,C1862802191,20773.0,0.0,C1210024714,0.0,3220181.76,0,0
38,PAYMENT,11778.35,C771868389,0.0,0.0,M1036856158,0.0,0.0,0,0
230,CASH_IN,156777.4,C1520223290,4040228.43,4197005.83,C401220156,163216.77,6439.37,0,0
399,PAYMENT,528.04,C1686028893,0.0,0.0,M1935316950,0.0,0.0,0,0
705,CASH_IN,319678.85,C1387251129,6016191.7,6335870.54,C1690771407,856190.0,536511.15,0,0
283,CASH_OUT,432009.95,C471465725,155016.0,0.0,C1630926735,4629577.73,5061587.68,0,0
155,PAYMENT,11873.07,C1157779814,0.0,0.0,M1677174146,0.0,0.0,0,0
520,CASH_OUT,365843.41,C361677505,11667.0,0.0,C1790459467,0.0,365843.41,0,0
323,CASH_OUT,260074.22,C1822710651,0.0,0.0,C9804645,1534068.38,1794142.6,0,0
379,TRANSFER,724189.61,C1413090189,427.0,0.0,C1220306189,44507166.01,45231355.62,0,0
548,CASH_OUT,13462.28,C1554074388,92244.0,78781.72,C1269751745,0.0,13462.28,0,0
158,TRANSFER,397773.18,C424196874,0.0,0.0,C1624056295,404052.19,1199981.73,0,0
256,TRANSFER,730449.7,C72854096,5525.0,0.0,C1958761860,1522866.99,2253316.69,0,0
43,PAYMENT,8888.8,C1439279660,181571.25,172682.45,M777605012,0.0,0.0,0,0
254,CASH_OUT,43455.3,C1070948810,0.0,0.0,C1335841934,120209.08,163664.38,0,0
2,CASH_OUT,169734.47,C1411828534,31954.17,0.0,C248609774,7300729.62,7760414.85,0,0
133,CASH_OUT,45738.49,C73832367,76454.43,30715.93,C1268023172,409924.41,455662.9,0,0
352,CASH_OUT,219229.98,C513316310,307482.0,88252.02,C964940945,7261212.02,7311415.72,0,0
394,CASH_IN,145398.2,C469828089,7750632.93,7896031.12,C1577483558,2000081.62,1854683.42,0,0
328,CASH_IN,46060.72,C16388840,22901044.82,22947105.53,C1533138497,3482877.85,3436817.13,0,0
38,CASH_OUT,34921.03,C1193753782,0.0,0.0,C11248268,1142151.53,1177072.55,0,0
253,CASH_OUT,100348.24,C1842521329,61961.0,0.0,C1429380693,8872.78,109221.02,0,0
301,CASH_OUT,21426.4,C2100968495,0.0,0.0,C2146216948,716379.18,737805.58,0,0
234,PAYMENT,27486.51,C195386153,41145.0,13658.49,M1967014490,0.0,0.0,0,0
10,PAYMENT,25433.99,C1648991454,0.0,0.0,M827558371,0.0,0.0,0,0
34,CASH_OUT,212881.66,C723181056,30710.0,0.0,C1178961725,33094.39,1165.65,0,0
329,CASH_OUT,258020.39,C1599110494,3136.0,0.0,C1792713024,0.0,258020.39,0,0
350,PAYMENT,33302.84,C1728735733,16247.0,0.0,M1579912860,0.0,0.0,0,0
328,CASH_IN,400765.45,C1544130878,21581.0,422346.45,C1415976840,212644.33,0.0,0,0
396,PAYMENT,21341.18,C194016123,0.0,0.0,M378673403,0.0,0.0,0,0
374,CASH_OUT,178935.62,C1671790639,62705.0,0.0,C249068333,683657.12,862592.74,0,0
134,TRANSFER,984650.35,C1255825163,0.0,0.0,C1050229547,3456367.53,4441017.88,0,0
138,PAYMENT,2734.81,C1684105201,15847.0,13112.19,M1518874724,0.0,0.0,0,0
232,CASH_OUT,490223.86,C1403916521,227007.0,0.0,C310778433,252583.61,891821.35,0,0
285,CASH_IN,353834.01,C1515482919,17942.0,371776.01,C603644391,0.0,0.0,0,0
136,PAYMENT,634.68,C1047338753,93583.71,92949.02,M1638637798,0.0,0.0,0,0
308,PAYMENT,25094.7,C1598837382,123903.0,98808.3,M1284087676,0.0,0.0,0,0
180,TRANSFER,469816.26,C1044869921,0.0,0.0,C2059613113,1426066.57,2006867.19,0,0
280,PAYMENT,25511.84,C755217370,0.0,0.0,M2085771347,0.0,0.0,0,0
283,CASH_IN,247064.23,C1697740016,8692.0,255756.23,C1372488713,0.0,0.0,0,0
15,TRANSFER,472862.38,C1404025977,0.0,0.0,C53818600,494284.21,967146.59,0,0
399,CASH_IN,255774.27,C781399721,2784254.28,3040028.55,C1788748765,262621.49,6847.22,0,0
34,TRANSFER,151438.3,C847583491,0.0,0.0,C770297559,1413275.81,1564714.11,0,0
181,PAYMENT,45388.27,C2071537061,20361.0,0.0,M982612632,0.0,0.0,0,0
408,CASH_OUT,172728.65,C1486702093,99121.11,0.0,C1049191219,443965.63,616694.28,0,0
373,PAYMENT,8828.52,C516715155,0.0,0.0,M2133389260,0.0,0.0,0,0
15,PAYMENT,6882.02,C1948695633,65072.0,58189.98,M93639681,0.0,0.0,0,0
15,TRANSFER,571541.99,C1500809785,382569.52,0.0,C1073540419,2254422.92,2419052.88,0,0
260,CASH_OUT,173062.67,C210227232,103863.0,0.0,C1084015185,0.0,173062.67,0,0
33,PAYMENT,3073.23,C1189759971,156894.49,153821.26,M739298057,0.0,0.0,0,0
162,CASH_OUT,190009.51,C509643636,107832.0,0.0,C1423339558,0.0,190009.51,0,0
43,CASH_OUT,397972.98,C1380632443,10572.0,0.0,C1474439558,856890.31,1254863.28,0,0
331,CASH_OUT,132992.66,C294589525,0.0,0.0,C1545605460,1001656.18,1134648.84,0,0
38,TRANSFER,1241796.61,C128787402,40529.0,0.0,C1288282676,0.0,1241796.61,0,0
132,CASH_OUT,436163.11,C1270619514,5293.0,0.0,C1905609541,7560312.71,7996475.82,0,0
322,PAYMENT,22544.77,C1271584995,18137.0,0.0,M1947345051,0.0,0.0,0,0
355,CASH_OUT,99558.05,C1303286659,77208.0,0.0,C456698286,0.0,99558.05,0,0
375,CASH_OUT,120013.68,C873408922,10091.0,0.0,C684628309,286330.1,406343.79,0,0
297,CASH_IN,126425.27,C649799897,719018.92,845444.19,C1922204564,3515735.34,3747311.2,0,0
36,CASH_OUT,47336.55,C1488711364,12020.0,0.0,C1025400649,0.0,47336.55,0,0
35,CASH_IN,378884.44,C1616884998,127252.0,506136.44,C1861082737,670719.14,291834.7,0,0
330,CASH_OUT,179373.45,C274445563,0.0,0.0,C1808118805,2280841.83,2460215.28,0,0
359,CASH_OUT,61318.63,C1345347913,703.0,0.0,C221098011,223872.9,285191.53,0,0
226,CASH_IN,461607.13,C798147092,3335.0,464942.13,C274308793,260038.64,0.0,0,0
358,CASH_OUT,75291.72,C256299511,275.01,0.0,C821037191,350411.01,425702.73,0,0
141,CASH_OUT,59259.33,C1780902537,34830.0,0.0,C183651747,0.0,59259.33,0,0
9,CASH_OUT,17566.91,C471693071,0.0,0.0,C235908822,0.0,17566.91,0,0
133,CASH_IN,486822.41,C931792713,17058.0,503880.41,C1194807938,7097445.73,6610623.32,0,0
10,PAYMENT,2853.75,C1442234178,0.0,0.0,M1417350299,0.0,0.0,0,0
213,PAYMENT,13878.56,C800121465,0.0,0.0,M1727435786,0.0,0.0,0,0
276,CASH_OUT,124180.31,C240063702,70141.0,0.0,C640246104,0.0,124180.31,0,0
403,PAYMENT,20387.92,C1682941861,206631.0,186243.08,M1588589641,0.0,0.0,0,0
40,CASH_IN,124250.84,C86895565,89244.0,213494.84,C115302495,1925147.18,1800896.34,0,0
167,PAYMENT,10597.1,C1890567814,30220.0,19622.9,M247954945,0.0,0.0,0,0
134,CASH_OUT,349896.17,C322264635,0.0,0.0,C1940116119,562065.99,911962.15,0,0
323,CASH_OUT,254895.66,C696998745,0.0,0.0,C385707832,424870.42,679766.08,0,0
13,PAYMENT,41071.38,C1907754492,500570.81,459499.44,M1058969531,0.0,0.0,0,0
95,CASH_OUT,45981.4,C1671749291,0.0,0.0,C930316826,1844277.39,1890258.79,0,0
38,CASH_OUT,213392.09,C1640764556,95689.52,0.0,C1181691911,0.0,213392.09,0,0
18,PAYMENT,23174.59,C713277552,229.0,0.0,M1152695499,0.0,0.0,0,0
133,TRANSFER,72020.61,C1566630447,0.0,0.0,C209767449,1788349.94,1860370.55,0,0
347,CASH_IN,239385.9,C1211230953,7409353.36,7648739.25,C1816935273,527091.29,287705.39,0,0
253,CASH_OUT,196781.45,C1143827612,14871.0,0.0,C1603961995,1343413.51,1540194.97,0,0
373,PAYMENT,29255.22,C1170832618,583.0,0.0,M193860227,0.0,0.0,0,0
209,CASH_OUT,48335.39,C903073992,31848.0,0.0,C1241600742,4724277.42,4772612.8,0,0
282,PAYMENT,36857.64,C1983768195,0.0,0.0,M580770443,0.0,0.0,0,0
534,PAYMENT,12835.86,C1208252946,0.0,0.0,M611050639,0.0,0.0,0,0
205,CASH_OUT,235258.01,C432844284,40118.0,0.0,C925678331,839093.84,1074351.85,0,0
324,TRANSFER,382806.57,C2028952645,51888.0,0.0,C1731938645,1588086.07,1970892.64,0,0
21,PAYMENT,3279.19,C1780871647,16544.0,13264.81,M598242906,0.0,0.0,0,0
161,CASH_IN,219947.47,C1326069322,25535.58,245483.05,C624330639,696867.3,476919.82,0,0
228,CASH_OUT,17136.29,C56219994,2097.0,0.0,C1974821870,0.0,17136.29,0,0
187,TRANSFER,438719.83,C41703448,0.0,0.0,C795891068,1304035.75,1742755.58,0,0
21,CASH_OUT,389995.8,C472195219,0.0,0.0,C1617798240,1069545.13,1459540.93,0,0
165,CASH_IN,97798.46,C1869335719,510009.76,607808.21,C717124394,694963.4,597164.94,0,0
138,CASH_IN,134836.39,C177447517,12612605.47,12747441.86,C2137390232,521930.94,547852.45,0,0
260,CASH_OUT,48878.18,C755460766,21683.0,0.0,C1323364956,0.0,48878.18,0,0
153,TRANSFER,600416.68,C778891994,0.0,0.0,C811037326,4871128.48,5370244.56,0,0
331,CASH_OUT,12893.97,C1189464043,37560.0,24666.03,C3840566,217868.63,230762.6,0,0
307,CASH_OUT,176874.82,C1018601886,0.0,0.0,C1465642825,1207699.23,1335366.54,0,0
354,CASH_OUT,226074.24,C83816310,0.0,0.0,C173569247,231995.75,458069.99,0,0
683,CASH_IN,419305.71,C217170241,728046.51,1147352.22,C1328513627,469472.41,50166.7,0,0
277,CASH_IN,145799.34,C2078538455,409236.65,555035.99,C274605352,1433279.85,1287480.51,0,0
349,PAYMENT,202.44,C2001154726,1030.0,827.56,M530192953,0.0,0.0,0,0
257,CASH_IN,14678.12,C1223006301,2904760.34,2919438.46,C2047431912,4378110.12,4363432.0,0,0
300,CASH_IN,207058.24,C217242547,10998.0,218056.24,C477379212,0.0,0.0,0,0
44,PAYMENT,2647.07,C107271893,408.0,0.0,M470424553,0.0,0.0,0,0
282,CASH_OUT,261880.32,C1194090338,0.0,0.0,C918263870,3972611.75,4234492.07,0,0
13,CASH_IN,20095.01,C1224484346,679963.12,700058.13,C91312285,35829.26,364565.46,0,0
212,PAYMENT,11312.59,C785869254,17837.0,6524.41,M991689888,0.0,0.0,0,0
406,CASH_OUT,219969.12,C1067188033,0.0,0.0,C763283145,273230.52,493199.64,0,0
403,CASH_OUT,325185.01,C410867740,133723.0,0.0,C441116746,3439109.62,3764294.63,0,0
346,PAYMENT,18375.86,C1923643801,0.0,0.0,M1758436922,0.0,0.0,0,0
255,CASH_OUT,94386.17,C365236892,40021.0,0.0,C929297224,2966003.05,3060389.22,0,0
230,TRANSFER,2006014.11,C239740143,2615.0,0.0,C1741297567,0.0,2006014.11,0,0
304,CASH_IN,81048.91,C1918241094,93251.0,174299.91,C467086642,0.0,136186.37,0,0
304,CASH_OUT,10154.47,C996277379,23685.0,13530.53,C595029020,342346.15,352500.62,0,0
7,PAYMENT,5361.79,C553387423,16795.0,11433.21,M2106423676,0.0,0.0,0,0
273,CASH_OUT,15345.22,C801958564,68005.0,52659.78,C1116920171,714116.44,729461.67,0,0
323,CASH_OUT,18952.53,C911548916,101073.0,82120.47,C1893356803,1014326.72,1033279.25,0,0
301,PAYMENT,9148.03,C729427184,63019.0,53870.97,M465512554,0.0,0.0,0,0
227,CASH_OUT,146182.69,C1003701053,51126.0,0.0,C1355651533,3010001.64,3498609.81,0,0
571,CASH_IN,295871.75,C1158196100,1471047.13,1766918.88,C1689984797,773646.45,477774.7,0,0
369,CASH_OUT,49336.85,C790182435,0.0,0.0,C1491206531,509261.01,558597.86,0,0
353,TRANSFER,167735.68,C707430731,0.0,0.0,C1341526480,598016.33,765752.02,0,0
301,CASH_OUT,171214.92,C1689677890,0.0,0.0,C936941745,171765.01,342979.93,0,0
332,PAYMENT,5961.82,C1021222130,0.0,0.0,M1977264729,0.0,0.0,0,0
8,CASH_OUT,171173.19,C462217972,0.0,0.0,C1575652338,261792.45,451573.22,0,0
180,CASH_OUT,351343.03,C1953223606,30207.0,0.0,C1279166535,131119.84,482462.87,0,0
230,TRANSFER,1939256.28,C1618407522,387493.0,0.0,C194879494,0.0,1939256.28,0,0
332,TRANSFER,61620.83,C504393296,40002.0,0.0,C428347064,896236.46,957857.28,0,0
202,CASH_OUT,60659.45,C624639971,0.0,0.0,C350006115,5168385.96,5229045.4,0,0
346,CASH_OUT,12464.96,C590638557,0.0,0.0,C662427881,277453.66,289918.62,0,0
41,CASH_IN,117069.96,C1967774535,202899.36,319969.33,C1916675106,257243.43,140173.47,0,0
17,DEBIT,7114.72,C1105008710,471592.89,464478.17,C653147284,7076775.69,7205305.38,0,0
350,CASH_OUT,470760.51,C1154168601,0.0,0.0,C593743398,1599212.13,2069972.64,0,0
133,CASH_OUT,73661.82,C1088274464,7002.0,0.0,C584296721,0.0,73661.82,0,0
310,DEBIT,2916.48,C652859179,99145.0,96228.52,C1960074362,51533.91,54450.4,0,0
18,PAYMENT,13036.89,C1005694659,40309.18,27272.29,M1965796044,0.0,0.0,0,0
280,CASH_OUT,97988.3,C1273225362,48124.0,0.0,C395752273,0.0,97988.3,0,0
283,CASH_OUT,146036.67,C2057014391,0.0,0.0,C2145518455,694844.13,840880.8,0,0
373,CASH_OUT,291433.39,C150860455,0.0,0.0,C877742745,673745.29,965178.67,0,0
143,CASH_OUT,112248.43,C869087954,175093.63,62845.2,C772119578,350219.53,462467.95,0,0
17,CASH_OUT,102016.02,C1966390019,25483.0,0.0,C266963012,120963.0,222979.02,0,0
141,PAYMENT,14781.88,C177438313,0.0,0.0,M95818633,0.0,0.0,0,0
350,PAYMENT,19684.63,C395069700,0.0,0.0,M432189311,0.0,0.0,0,0
34,CASH_OUT,51817.97,C1106354812,21039.0,0.0,C1989320764,0.0,51817.97,0,0
352,PAYMENT,10191.18,C1707711725,0.0,0.0,M394013010,0.0,0.0,0,0
376,CASH_IN,117367.41,C1717650275,5258959.96,5376327.37,C954556045,2772189.65,2654822.24,0,0
42,CASH_IN,310905.61,C971992648,5889998.59,6200904.19,C949942538,678522.76,367617.16,0,0
178,PAYMENT,13582.71,C1825644141,23724.85,10142.14,M1519103002,0.0,0.0,0,0
345,CASH_IN,4479.72,C375315645,11366.0,15845.72,C1265655539,117395.27,112915.55,0,0
140,CASH_OUT,49892.32,C1719872564,0.0,0.0,C243194708,8230236.64,8280128.95,0,0
355,PAYMENT,58304.82,C133722376,0.0,0.0,M291318917,0.0,0.0,0,0
185,CASH_IN,145166.96,C1465991014,19490.46,164657.42,C2027621451,185710.72,40543.76,0,0
21,CASH_IN,88587.29,C913365512,402770.0,491357.29,C150309335,681977.98,593390.69,0,0
35,CASH_IN,131313.18,C1646429913,6695068.18,6826381.36,C36053588,2697854.0,2850079.41,0,0
253,CASH_IN,267251.15,C2040581149,17585.0,284836.15,C1248008127,2413832.15,2146581.0,0,0
348,TRANSFER,4537084.0,C1261292328,0.0,0.0,C522894261,5227348.27,9764432.27,0,0
310,CASH_OUT,168583.87,C739453355,62835.33,0.0,C49477935,399454.83,568038.7,0,0
207,PAYMENT,153.46,C280199469,20367.0,20213.54,M1244142421,0.0,0.0,0,0
205,CASH_IN,91045.15,C136430287,2714730.61,2805775.77,C59742559,235196.37,144151.22,0,0
209,CASH_IN,135998.49,C1588146979,433517.0,569515.49,C1144081367,0.0,0.0,0,0
157,PAYMENT,5611.27,C1624573203,42186.0,36574.73,M844354772,0.0,0.0,0,0
398,CASH_OUT,251033.7,C951340872,0.0,0.0,C955890800,2583205.31,2834239.01,0,0
208,CASH_OUT,144617.49,C2022352391,33064.0,0.0,C750820501,0.0,144617.49,0,0
141,TRANSFER,426047.44,C222281876,5634.0,0.0,C1667963385,0.0,426047.44,0,0
262,TRANSFER,851604.28,C1085761857,70948.0,0.0,C1998564810,835115.6,1686719.88,0,0
331,CASH_OUT,77238.86,C1944997977,0.0,0.0,C331054561,330274.04,407512.91,0,0
15,PAYMENT,1974.92,C431404367,185583.43,183608.51,M1946214372,0.0,0.0,0,0
327,CASH_OUT,78513.59,C750929627,0.0,0.0,C762398808,152080.84,230594.43,0,0
552,PAYMENT,1897.65,C983590279,12523.0,10625.35,M361175743,0.0,0.0,0,0
332,CASH_OUT,83037.04,C1903163506,0.0,0.0,C900333819,1266075.97,1349113.01,0,0
335,PAYMENT,9066.36,C2041790768,31281.0,22214.64,M1171386864,0.0,0.0,0,0
254,CASH_OUT,25534.89,C731267562,30525.0,4990.11,C1347436185,457637.16,483172.05,0,0
185,CASH_OUT,153047.18,C1099721485,0.0,0.0,C1481645066,287720.22,440767.4,0,0
186,CASH_OUT,145251.58,C2077316721,5553.0,0.0,C1547591838,1078982.13,1224233.71,0,0
259,CASH_OUT,170486.58,C1527123044,794.0,0.0,C103506176,2143108.04,2313594.62,0,0
182,CASH_OUT,260197.71,C272098754,0.0,0.0,C1712395772,1705768.05,1965965.76,0,0
514,CASH_IN,168097.92,C1181427329,159254.0,327351.92,C1117669788,0.0,0.0,0,0
373,CASH_OUT,152126.04,C745464086,0.0,0.0,C846650980,1122610.62,1274736.66,0,0
277,TRANSFER,111898.18,C1595640246,62167.0,0.0,C1223481532,0.0,111898.18,0,0
16,CASH_IN,54135.66,C53306083,306448.0,360583.66,C69221303,17717.6,0.0,0,0
261,TRANSFER,314823.11,C1952168415,62144.0,0.0,C2005017456,167752.39,482575.5,0,0
299,PAYMENT,649.82,C2046554667,0.0,0.0,M297038124,0.0,0.0,0,0
331,PAYMENT,6458.24,C866243098,0.0,0.0,M1635385204,0.0,0.0,0,0
404,CASH_OUT,84970.81,C477402310,0.0,0.0,C1835960617,282159.89,367130.7,0,0
41,CASH_OUT,266339.26,C247089153,0.0,0.0,C1384829364,768466.33,1034805.58,0,0
250,CASH_OUT,132537.0,C1396213042,0.0,0.0,C1796316421,325398.31,457935.31,0,0
96,PAYMENT,2818.8,C1133474236,0.0,0.0,M1671912974,0.0,0.0,0,0
158,CASH_OUT,157033.31,C1441173197,0.0,0.0,C2093289910,895653.3,1052686.61,0,0
279,TRANSFER,21743040.01,C1685295215,0.0,0.0,C60911281,27639018.29,49382058.31,0,0
304,CASH_OUT,415489.38,C114698680,120949.79,0.0,C932186894,13557883.41,13973372.79,0,0
186,PAYMENT,14307.75,C287042143,189.0,0.0,M515323886,0.0,0.0,0,0
251,CASH_OUT,165091.64,C1097084589,79664.0,0.0,C1144315014,0.0,165091.64,0,0
308,CASH_OUT,350953.24,C1136277242,0.0,0.0,C1080698466,491980.28,842933.53,0,0
402,CASH_OUT,139440.63,C1132815139,145908.0,6467.37,C525746713,2170479.49,2309920.13,0,0
38,CASH_IN,176359.06,C841782930,608116.0,784475.06,C724941005,0.0,0.0,0,0
209,CASH_OUT,175512.27,C629359955,20267.0,0.0,C23565397,1241458.19,1416970.46,0,0
323,CASH_OUT,166371.01,C1634490337,216.0,0.0,C1887212526,774901.49,941272.5,0,0
207,TRANSFER,47067.82,C1255562809,0.0,0.0,C1872504619,6363924.21,6410992.03,0,0
408,PAYMENT,43251.21,C1734101131,0.0,0.0,M542735608,0.0,0.0,0,0
684,PAYMENT,15419.01,C1394881582,621149.58,605730.57,M1233270558,0.0,0.0,0,0
279,PAYMENT,9376.27,C1545469825,323938.0,314561.73,M976970625,0.0,0.0,0,0
306,TRANSFER,581405.02,C1938857168,256607.92,0.0,C883822641,0.0,581405.02,0,0
210,PAYMENT,77.64,C1514993700,2082.0,2004.36,M9230434,0.0,0.0,0,0
235,CASH_IN,38363.04,C1105347801,6577481.47,6615844.51,C1419857464,3733553.85,3695190.81,0,0
403,CASH_OUT,63123.14,C2145585087,117111.0,53987.86,C415270706,0.0,63123.14,0,0
11,CASH_OUT,111192.34,C1256308883,0.0,0.0,C2073020630,138549.51,249741.85,0,0
377,CASH_OUT,56033.3,C195045244,362428.0,306394.7,C1344060489,1487.84,57521.14,0,0
282,CASH_OUT,53329.38,C1964604722,504982.0,451652.62,C1697474710,0.0,53329.38,0,0
371,PAYMENT,28095.64,C1301776792,10319.0,0.0,M1360939386,0.0,0.0,0,0
228,PAYMENT,48483.81,C1600089517,0.0,0.0,M1595486822,0.0,0.0,0,0
349,PAYMENT,5602.7,C595439944,12275.0,6672.3,M1138857108,0.0,0.0,0,0
130,CASH_OUT,346439.69,C1852636048,75505.0,0.0,C671649900,0.0,346439.69,0,0
227,CASH_IN,100720.12,C789098978,21759537.87,21860258.0,C1043863074,1071275.38,970555.26,0,0
250,CASH_OUT,126778.15,C548041884,0.0,0.0,C1534304585,358984.18,485762.33,0,0
522,CASH_IN,192009.55,C389942444,105295.0,297304.55,C2061889782,838268.34,646258.8,0,0
264,PAYMENT,516.73,C1779009365,34543.0,34026.27,M1853907109,0.0,0.0,0,0
305,TRANSFER,2708954.98,C278325531,40.0,0.0,C1769213164,0.0,2708954.98,0,0
211,CASH_IN,16457.25,C1566912002,289138.85,305596.1,C424784684,42219.46,25762.21,0,0
236,CASH_IN,197181.01,C186134363,18397227.76,18594408.77,C649972979,437823.34,240642.33,0,0
380,CASH_OUT,132503.03,C1642452674,51701.0,0.0,C19950828,0.0,132503.03,0,0
40,CASH_OUT,144545.14,C1048577920,0.0,0.0,C716286004,3362026.88,3506572.03,0,0
202,CASH_IN,109185.43,C1200757795,11354732.21,11463917.64,C1707160175,3028258.08,2919072.65,0,0
168,PAYMENT,2982.42,C1554619481,378.0,0.0,M599507295,0.0,0.0,0,0
382,CASH_OUT,174871.61,C691731422,0.0,0.0,C476514840,486154.42,661026.04,0,0
22,TRANSFER,1087776.09,C795534480,0.0,0.0,C1577910849,1317275.31,2405051.39,0,0
9,CASH_OUT,52410.96,C1714047742,0.0,0.0,C2020603088,67600.59,156755.26,0,0
277,CASH_OUT,140482.22,C1202691555,16175.0,0.0,C1736037217,1145994.25,1286476.47,0,0
161,PAYMENT,2250.99,C1502996452,1104.0,0.0,M1996485196,0.0,0.0,0,0
156,CASH_OUT,418776.99,C1645385108,102890.0,0.0,C1904252741,29483.05,448260.04,0,0
140,PAYMENT,10313.48,C1824042268,84441.0,74127.52,M1349686545,0.0,0.0,0,0
210,CASH_OUT,198397.7,C693278952,2489.0,0.0,C629507054,23337.0,221734.7,0,0
403,DEBIT,1127.28,C603187361,20547.0,19419.72,C720269357,1188588.99,1189716.27,0,0
201,CASH_OUT,43499.46,C1984868590,293.0,0.0,C1968465089,751931.39,795430.86,0,0
35,CASH_OUT,173962.21,C965303728,0.0,0.0,C1347561676,358944.86,532907.08,0,0
12,CASH_OUT,149268.41,C1107136494,0.0,0.0,C1634190383,959987.1,1109255.51,0,0
181,CASH_OUT,92032.39,C623635395,0.0,0.0,C2107248335,1671663.96,1763696.36,0,0
279,PAYMENT,15735.65,C1682790599,0.0,0.0,M908716293,0.0,0.0,0,0
237,PAYMENT,41120.99,C284715163,24736.51,0.0,M150062291,0.0,0.0,0,0
143,CASH_OUT,151867.56,C1545546963,0.0,0.0,C112682947,308948.0,460815.56,0,0
256,PAYMENT,4025.57,C240035904,965.0,0.0,M1955081240,0.0,0.0,0,0
133,CASH_IN,190347.81,C1947048232,12242.0,202589.81,C1756436230,211973.83,21626.01,0,0
304,CASH_IN,156276.83,C1917612848,67634.75,223911.58,C342526795,682806.52,526529.69,0,0
637,TRANSFER,629828.73,C950750263,0.0,0.0,C1749868214,708502.76,1338331.49,0,0
234,CASH_OUT,272586.89,C424326013,0.0,0.0,C986326114,2282607.71,2555194.6,0,0
185,CASH_IN,10292.28,C1393095191,88209.96,98502.23,C641404448,145992.17,135699.9,0,0
372,CASH_IN,70452.59,C368533235,1443374.74,1513827.33,C995323999,146525.71,76073.12,0,0
393,TRANSFER,1704823.35,C1945959500,82440.0,0.0,C1600000632,416632.82,2121456.18,0,0
378,CASH_IN,12060.57,C764688084,100488.0,112548.57,C526263162,2928375.66,3051253.24,0,0
164,PAYMENT,14802.84,C1793599891,377.0,0.0,M962975506,0.0,0.0,0,0
12,CASH_IN,195399.36,C1724739945,11900781.49,12096180.85,C782652457,230662.61,35263.24,0,0
252,CASH_OUT,221076.9,C146063341,50055.0,0.0,C1166645766,663611.01,884687.92,0,0
258,CASH_OUT,78692.99,C1726746171,0.0,0.0,C1281898359,11746899.1,11825592.1,0,0
307,CASH_IN,195892.08,C1038011921,363911.12,559803.21,C134180750,238099.03,42206.95,0,0
331,CASH_IN,410812.6,C1708320400,22283405.35,22694217.95,C499619230,2015952.04,2586959.03,0,0
369,TRANSFER,750042.02,C2138492661,0.0,0.0,C1048342130,1017889.12,1767931.14,0,0
331,PAYMENT,4910.25,C1356684001,51077.0,46166.75,M59218720,0.0,0.0,0,0
380,CASH_OUT,25396.41,C1467628421,0.0,0.0,C1733932500,7326803.12,7352199.53,0,0
324,CASH_OUT,65914.31,C1333539211,0.0,0.0,C2022079510,356893.14,422807.45,0,0
592,PAYMENT,10038.36,C837800736,0.0,0.0,M597661681,0.0,0.0,0,0
44,CASH_OUT,43993.47,C1295837122,0.0,0.0,C912288609,977136.19,1021129.67,0,0
181,CASH_OUT,296209.34,C857012091,0.0,0.0,C1751947033,614728.79,910938.13,0,0
9,PAYMENT,14262.3,C1542850394,95042.18,80779.88,M2077155400,0.0,0.0,0,0
164,CASH_OUT,123375.55,C1206171685,0.0,0.0,C1088995938,1295050.19,1418425.74,0,0
393,CASH_IN,210822.67,C561961413,21118.0,231940.67,C1405809616,576606.86,365784.19,0,0
191,CASH_IN,45266.78,C465033545,10089117.3,10134384.09,C213173976,172941.45,127674.66,0,0
136,PAYMENT,42846.43,C1225295441,0.0,0.0,M1092066794,0.0,0.0,0,0
253,CASH_IN,148272.64,C1597472183,4147.0,152419.64,C166918456,215172.99,66900.35,0,0
17,CASH_OUT,86848.51,C1669228152,194.0,0.0,C567067876,0.0,86848.51,0,0
16,TRANSFER,622535.88,C892331428,252822.61,0.0,C1143356945,1323223.83,1957677.75,0,0
261,CASH_OUT,72325.74,C1851328108,106424.0,34098.26,C262414909,953369.09,1025694.84,0,0
209,CASH_IN,187750.55,C587780573,25778949.24,25966699.8,C1756288319,1962917.53,1775166.98,0,0
225,TRANSFER,199817.15,C1685406778,119278.0,0.0,C689131688,360448.23,560265.38,0,0
309,PAYMENT,29127.05,C1494545606,19335.0,0.0,M190540361,0.0,0.0,0,0
193,PAYMENT,102792.19,C399742425,10829.0,0.0,M654447000,0.0,0.0,0,0
399,TRANSFER,615137.8,C585163937,0.0,0.0,C1135651403,1401473.25,2016611.05,0,0
183,CASH_OUT,123003.42,C785056183,0.0,0.0,C1118820047,152361.99,275365.42,0,0
280,PAYMENT,6002.35,C1448782261,205.0,0.0,M10168385,0.0,0.0,0,0
302,PAYMENT,24843.59,C204640355,109204.08,84360.49,M182889626,0.0,0.0,0,0
333,CASH_IN,110498.39,C972965726,15285.0,125783.39,C1087638474,6650564.59,6540066.19,0,0
397,CASH_OUT,100706.04,C30779942,378921.0,278214.96,C827252351,0.0,100706.04,0,0
684,CASH_OUT,73661.25,C1522726168,0.0,0.0,C1452061240,995046.81,1068708.06,0,0
21,PAYMENT,16857.39,C1150880707,0.0,0.0,M414371313,0.0,0.0,0,0
135,CASH_OUT,323171.42,C1197453835,5145.0,0.0,C985929728,1237446.56,1560617.98,0,0
259,PAYMENT,9316.06,C137953601,24548.29,15232.23,M1450796032,0.0,0.0,0,0
229,CASH_IN,140597.2,C1671929470,5706476.67,5847073.86,C1280154266,385869.01,245271.81,0,0
130,CASH_IN,92289.82,C155847603,41606.0,133895.82,C496922881,1329699.61,1393974.76,0,0
310,PAYMENT,56878.49,C780636870,212713.0,155834.51,M816387618,0.0,0.0,0,0
180,PAYMENT,6070.47,C383667261,1048.64,0.0,M127476967,0.0,0.0,0,0
34,CASH_OUT,29801.65,C1687151628,20749.0,0.0,C2125412644,0.0,0.0,0,0
19,CASH_IN,266269.98,C1230164196,6343963.01,6610232.99,C626359774,362939.53,96669.55,0,0
205,CASH_OUT,148542.9,C1332871016,21177.0,0.0,C777060937,287972.79,436515.68,0,0
350,CASH_OUT,183693.68,C831325488,242829.94,59136.26,C727236497,745127.51,928821.19,0,0
378,CASH_IN,71110.19,C790823897,7940438.32,8011548.52,C1198273598,522837.28,451727.09,0,0
141,CASH_IN,40093.2,C2047465636,5067971.63,5108064.83,C1118308861,3014977.92,2974884.72,0,0
582,PAYMENT,7425.25,C1522072022,407254.0,399828.75,M383744326,0.0,0.0,0,0
20,CASH_IN,355303.92,C467369199,836570.92,1191874.84,C1814361629,9227698.82,8872394.9,0,0
354,PAYMENT,3443.75,C158503636,292097.83,288654.07,M108028804,0.0,0.0,0,0
44,PAYMENT,12422.98,C1058019355,0.0,0.0,M1148226518,0.0,0.0,0,0
369,PAYMENT,20270.79,C707458639,110907.0,90636.21,M709157773,0.0,0.0,0,0
211,CASH_IN,66737.76,C56947415,195.0,66932.76,C2016663076,78706.77,8001.55,0,0
377,PAYMENT,31204.99,C755735964,21581.43,0.0,M624752,0.0,0.0,0,0
379,TRANSFER,884922.76,C1624330198,0.0,0.0,C1000636259,1184679.65,2069602.42,0,0
274,PAYMENT,4862.73,C1973588068,6047.0,1184.27,M322457933,0.0,0.0,0,0
524,PAYMENT,9195.72,C37816719,21173.0,11977.28,M611294007,0.0,0.0,0,0
40,PAYMENT,249.56,C1118087094,0.0,0.0,M152320455,0.0,0.0,0,0
687,CASH_IN,258580.45,C806669227,7985514.01,8244094.46,C346221224,743636.2,485055.75,0,0
154,CASH_OUT,279131.69,C2044233481,0.0,0.0,C603983213,921313.58,1200445.27,0,0
372,PAYMENT,157.84,C2122366295,196522.0,196364.16,M1601286619,0.0,0.0,0,0
211,TRANSFER,577357.26,C50102429,152319.0,0.0,C358917608,0.0,1029178.47,0,0
380,PAYMENT,19470.75,C1453364099,0.0,0.0,M2132118457,0.0,0.0,0,0
236,CASH_OUT,143956.77,C1104520975,0.0,0.0,C1506013559,1204188.09,1348144.85,0,0
324,CASH_OUT,333157.71,C903474116,57549.0,0.0,C744687952,636540.78,969698.49,0,0
284,CASH_OUT,214520.76,C601162918,0.0,0.0,C645166351,496182.72,710703.48,0,0
184,CASH_IN,298455.07,C1568352126,3012803.37,3311258.44,C283923651,717147.47,418692.4,0,0
163,PAYMENT,12977.24,C221756004,0.0,0.0,M380407236,0.0,0.0,0,0
212,PAYMENT,4981.22,C566858511,30918.0,25936.78,M1326984465,0.0,0.0,0,0
354,CASH_IN,2634.49,C1449642256,1939300.91,1941935.4,C534106512,663689.79,661055.3,0,0
94,CASH_OUT,347441.83,C1776939313,0.0,0.0,C135771065,1098168.57,1445610.4,0,0
15,PAYMENT,9294.67,C27451073,277180.0,267885.33,M738234278,0.0,0.0,0,0
249,CASH_IN,266350.74,C1693135582,12361925.92,12628276.66,C874033894,3955815.29,3689464.55,0,0
210,CASH_IN,325844.57,C359070308,53238.0,379082.57,C10800304,1177180.68,851336.11,0,0
186,CASH_IN,72342.32,C333560584,23832165.02,23904507.34,C927187190,3156139.42,3083797.1,0,0
321,CASH_OUT,3424.24,C171725784,69335.0,65910.76,C1135310138,367126.35,370550.6,0,0
187,PAYMENT,2097.73,C1952283641,25130.75,23033.02,M494830773,0.0,0.0,0,0
356,CASH_OUT,203139.76,C145528108,71709.0,0.0,C677013013,0.0,203139.76,0,0
44,CASH_OUT,87973.71,C223531674,0.0,0.0,C1726572711,1121192.11,1209165.82,0,0
21,CASH_OUT,75356.67,C1859840323,114597.0,39240.33,C1107377692,1046758.42,1322427.13,0,0
329,PAYMENT,48173.84,C1737438716,71025.0,22851.16,M934107703,0.0,0.0,0,0
254,PAYMENT,3301.88,C1400149131,2813.0,0.0,M1947776099,0.0,0.0,0,0
522,PAYMENT,26345.29,C1113905624,7662.77,0.0,M2130561001,0.0,0.0,0,0
18,PAYMENT,16409.45,C66754382,11118.89,0.0,M1954266255,0.0,0.0,0,0
10,TRANSFER,813964.05,C361627907,0.0,0.0,C20671747,1099249.24,2746287.71,0,0
348,CASH_OUT,327.64,C2113016677,0.0,0.0,C1997585643,51301.79,51629.43,0,0
287,PAYMENT,22053.93,C1623808009,128805.0,106751.07,M1561112321,0.0,0.0,0,0
229,PAYMENT,25287.54,C1814299406,71057.0,45769.46,M1236315067,0.0,0.0,0,0
184,PAYMENT,12277.25,C1946095701,16385.0,4107.75,M656537569,0.0,0.0,0,0
183,TRANSFER,549033.59,C1584043388,45584.0,0.0,C1038761773,0.0,549033.59,0,0
234,CASH_OUT,379204.38,C632259853,41491.0,0.0,C532864182,0.0,379204.38,0,0
500,PAYMENT,12296.13,C424483031,24257.0,11960.87,M1755814579,0.0,0.0,0,0
204,PAYMENT,15146.75,C1513775278,457878.12,442731.37,M763064309,0.0,0.0,0,0
35,CASH_OUT,129397.79,C775549887,0.0,0.0,C1702318748,191557.62,320955.42,0,0
355,DEBIT,7876.8,C1594651391,162773.2,154896.4,C103725473,12050936.19,12058812.99,0,0
18,CASH_IN,400041.68,C664982463,11345.0,411386.68,C1443373883,0.0,119091.29,0,0
10,TRANSFER,2029208.82,C1946518914,788.69,0.0,C193864812,2958474.07,4855809.4,0,0
397,TRANSFER,1423211.92,C1136007610,0.0,0.0,C1675116144,2702329.83,4125541.75,0,0
229,CASH_OUT,551523.36,C736869469,21940.0,0.0,C1245614035,4404012.1,4955535.47,0,0
399,PAYMENT,51456.31,C1693081629,0.0,0.0,M2013312358,0.0,0.0,0,0
204,CASH_IN,96383.03,C1562854453,16553.0,112936.03,C653942005,922226.9,825843.87,0,0
684,CASH_IN,250539.41,C40305851,162101.0,412640.41,C1974301887,12277.53,0.0,0,0
207,PAYMENT,3118.67,C1158155806,11518.0,8399.33,M651713669,0.0,0.0,0,0
162,PAYMENT,11617.93,C603713186,58285.57,46667.64,M2043571558,0.0,0.0,0,0
355,PAYMENT,11482.62,C1250704462,100758.34,89275.72,M715131706,0.0,0.0,0,0
282,PAYMENT,2676.47,C2043297222,115.0,0.0,M1106654519,0.0,0.0,0,0
9,CASH_IN,95129.63,C340966502,20351.0,115480.63,C885136436,106071.28,10941.65,0,0
228,PAYMENT,27840.56,C520311980,42669.86,14829.3,M1043354440,0.0,0.0,0,0
323,CASH_IN,78425.05,C2070605055,30804.0,109229.05,C611980933,120283.18,41858.12,0,0
326,PAYMENT,25086.38,C916096083,25702.2,615.82,M1530880661,0.0,0.0,0,0
232,CASH_IN,142126.22,C2047223756,22588.0,164714.22,C414742912,1292973.94,1150847.72,0,0
144,PAYMENT,10615.13,C27041680,22351.0,11735.87,M1997799555,0.0,0.0,0,0
303,TRANSFER,40199304.54,C934522306,0.0,0.0,C734202350,113814231.94,154013536.48,0,0
348,PAYMENT,5444.41,C1854328485,51915.0,46470.59,M170223496,0.0,0.0,0,0
160,CASH_IN,44602.52,C2048005844,3053771.68,3098374.2,C1465092299,467651.89,423049.38,0,0
190,CASH_IN,9689.7,C715108511,1431614.68,1441304.38,C66870261,3362254.79,3352565.08,0,0
402,CASH_IN,11869.09,C395261067,22438.0,34307.09,C1566358275,0.0,0.0,0,0
164,PAYMENT,16817.71,C1841826806,0.0,0.0,M60542261,0.0,0.0,0,0
279,PAYMENT,7547.46,C1289453109,325.0,0.0,M1654698899,0.0,0.0,0,0
353,PAYMENT,7215.27,C1361787014,44859.4,37644.13,M1051837511,0.0,0.0,0,0
205,CASH_IN,137450.16,C969320386,144381.42,281831.58,C1236435634,2700573.89,2563123.73,0,0
231,CASH_IN,190909.24,C1479172793,23522.0,214431.24,C964067370,42227.91,0.0,0,0
404,PAYMENT,13719.69,C1652493685,0.0,0.0,M1434174743,0.0,0.0,0,0
373,PAYMENT,25550.67,C1532715,49924.0,24373.33,M2128716243,0.0,0.0,0,0
449,CASH_OUT,305046.66,C1490182365,49799.0,0.0,C840077687,227225.93,532272.59,0,0
39,CASH_OUT,277036.09,C1785438272,0.0,0.0,C688425953,4451423.54,4728459.62,0,0
399,CASH_OUT,436176.24,C479031337,26266.0,0.0,C726276807,60384.02,496560.25,0,0
185,TRANSFER,9309.82,C1751048613,0.0,0.0,C1676251961,3250441.43,3259751.25,0,0
372,CASH_OUT,535352.9,C703353192,0.0,0.0,C169714695,4589129.15,5124482.05,0,0
236,PAYMENT,2126.72,C328019868,11342.0,9215.28,M717390597,0.0,0.0,0,0
40,TRANSFER,164376.6,C1426383335,53098.0,0.0,C888171284,520495.91,684872.51,0,0
373,PAYMENT,4608.84,C1028298278,5714.86,1106.02,M397266511,0.0,0.0,0,0
201,PAYMENT,15704.26,C474874633,2116.0,0.0,M706071575,0.0,0.0,0,0
401,TRANSFER,118705.65,C1202422987,0.0,0.0,C1940859234,183715.92,302421.57,0,0
232,PAYMENT,13314.4,C1982931483,52916.0,39601.6,M1958741161,0.0,0.0,0,0
203,CASH_OUT,180751.13,C1130189620,26387.0,0.0,C42066583,338031.34,518782.47,0,0
13,PAYMENT,22146.51,C1013986496,19368.0,0.0,M1650507345,0.0,0.0,0,0
299,PAYMENT,5681.5,C1926869935,0.0,0.0,M693318743,0.0,0.0,0,0
306,PAYMENT,35115.47,C1457219584,92281.01,57165.54,M2044286590,0.0,0.0,0,0
178,PAYMENT,11034.81,C1124348908,0.0,0.0,M1328095823,0.0,0.0,0,0
10,PAYMENT,12816.58,C1149712240,2095809.22,2082992.64,M397884034,0.0,0.0,0,0
328,PAYMENT,24061.0,C1898259818,129561.0,105500.0,M934551808,0.0,0.0,0,0
407,CASH_IN,212548.52,C1147841904,2889325.68,3101874.2,C1437462596,388556.45,176007.93,0,0
301,PAYMENT,15962.98,C1942077516,0.0,0.0,M892897817,0.0,0.0,0,0
306,CASH_IN,129864.04,C777153097,99267.0,229131.04,C1825085189,0.0,0.0,0,0
133,CASH_OUT,103126.18,C281874343,218092.77,114966.59,C1729255217,515741.52,618867.7,0,0
189,CASH_IN,80753.96,C1202168233,2675.0,83428.96,C56435302,0.0,0.0,0,0
374,TRANSFER,622387.07,C602894506,208118.0,0.0,C486596996,0.0,622387.07,0,0
1,PAYMENT,8782.48,C1424439581,21368.0,12585.52,M1354280589,0.0,0.0,0,0
354,TRANSFER,714771.5,C890419092,253872.0,0.0,C66870261,4293194.49,5007965.99,0,0
687,PAYMENT,485.8,C271940173,236035.0,235549.2,M1735137148,0.0,0.0,0,0
225,CASH_OUT,294608.16,C843152454,0.0,0.0,C752934981,4345675.43,4640283.6,0,0
431,CASH_IN,348908.24,C655052788,6802450.5,7151358.74,C1471285928,527664.65,178756.4,0,0
251,CASH_OUT,178523.81,C1691425547,24073.48,0.0,C1058296836,369103.0,547626.81,0,0
132,PAYMENT,5594.57,C2132968266,224.0,0.0,M1915752036,0.0,0.0,0,0
350,CASH_IN,324101.62,C1028905768,3520421.43,3844523.05,C618645552,520595.18,196493.56,0,0
303,PAYMENT,1784.79,C147432558,0.0,0.0,M82906663,0.0,0.0,0,0
130,TRANSFER,2099977.5,C1647821893,15920.0,0.0,C1738691308,55132.09,2155109.59,0,0
373,CASH_IN,354010.93,C851586410,2083.0,356093.93,C620922734,516160.61,162149.68,0,0
19,CASH_IN,84086.25,C1031995035,507.0,84593.25,C454884495,0.0,0.0,0,0
378,CASH_OUT,23386.03,C1738019314,4290.0,0.0,C1678111819,182741.75,206127.77,0,0
163,CASH_OUT,67811.98,C365988672,21329.0,0.0,C1181599660,788997.72,856809.69,0,0
376,PAYMENT,6978.53,C1920528623,0.0,0.0,M945456566,0.0,0.0,0,0
360,PAYMENT,4266.0,C1620525277,0.0,0.0,M921106220,0.0,0.0,0,0
203,CASH_IN,192519.3,C956387584,1578.0,194097.3,C2034171224,56046.34,0.0,0,0
667,CASH_IN,158187.32,C1283514465,7196297.61,7354484.94,C698467634,752979.02,594791.7,0,0
285,CASH_OUT,256607.71,C926868950,0.0,0.0,C1271497110,2128213.04,2384820.75,0,0
140,CASH_OUT,157000.27,C1226425472,0.0,0.0,C1560484953,889541.2,1046541.48,0,0
17,CASH_OUT,53648.54,C444438429,0.0,0.0,C733085325,265146.41,318794.95,0,0
252,CASH_IN,350143.26,C1030051575,1245105.47,1595248.73,C8156625,843434.53,493291.26,0,0
255,CASH_IN,212489.24,C815853660,266.0,212755.24,C1198833579,55133.69,0.0,0,0
133,PAYMENT,51623.69,C160956148,237089.95,185466.25,M1396608845,0.0,0.0,0,0
683,CASH_IN,333559.63,C868990287,9445859.49,9779419.13,C383296094,7236160.33,6902600.69,0,0
331,CASH_OUT,143194.79,C1545542290,0.0,0.0,C1264320899,13244786.7,13387981.49,0,0
324,CASH_IN,326019.3,C1906710898,11160.0,337179.3,C1391310505,0.0,0.0,0,0
34,TRANSFER,457533.56,C288341619,0.0,0.0,C317071334,4607339.32,5064872.88,0,0
156,PAYMENT,287.9,C2068161349,0.0,0.0,M2074256085,0.0,0.0,0,0
354,CASH_OUT,123488.6,C690717305,0.0,0.0,C1653510190,324147.08,447635.67,0,0
136,CASH_OUT,151801.63,C1338179467,979.0,0.0,C468897557,3898941.67,4151736.85,0,0
186,CASH_OUT,64093.33,C2072727609,0.0,0.0,C770497197,359837.68,423931.01,0,0
129,PAYMENT,56246.09,C1736356264,0.0,0.0,M1374870247,0.0,0.0,0,0
379,CASH_OUT,258469.3,C1180154651,0.0,0.0,C1691099973,1362191.13,1620660.44,0,0
35,CASH_IN,415432.95,C155100145,314551.0,729983.95,C2124523588,2025194.87,1609761.92,0,0
153,CASH_IN,224730.88,C1213872426,2149661.58,2374392.46,C422743363,2663142.4,2438411.52,0,0
395,PAYMENT,24252.21,C257561397,25887.0,1634.79,M730288124,0.0,0.0,0,0
96,PAYMENT,6980.05,C680760734,0.0,0.0,M664582235,0.0,0.0,0,0
163,CASH_OUT,419512.47,C2105389440,0.0,0.0,C783654411,11537351.58,11956864.04,0,0
178,CASH_OUT,439540.74,C1716179216,21389.0,0.0,C75876659,8148966.16,8588506.9,0,0
140,CASH_IN,45576.63,C1741121549,5397795.57,5443372.2,C1268389528,156720.16,111143.52,0,0
39,PAYMENT,8869.0,C1424808087,115532.2,106663.2,M6353413,0.0,0.0,0,0
138,PAYMENT,6586.33,C1009273305,0.0,0.0,M1340440978,0.0,0.0,0,0
259,CASH_OUT,115629.77,C1063040239,0.0,0.0,C616455451,304106.3,419736.07,0,0
186,TRANSFER,628340.76,C1284943946,157.0,0.0,C1126569136,812306.03,1440646.79,0,0
233,CASH_IN,411792.24,C486018188,5544.0,417336.24,C1466293753,1705033.17,1293240.93,0,0
260,PAYMENT,176.99,C1534803730,0.0,0.0,M1182565947,0.0,0.0,0,0
276,CASH_IN,230812.54,C2037800083,13505416.79,13736229.33,C248041022,1824145.57,1593333.03,0,0
330,PAYMENT,26325.42,C1702698307,136459.0,110133.58,M569093249,0.0,0.0,0,0
9,PAYMENT,9725.76,C634066894,0.0,0.0,M213460191,0.0,0.0,0,0
396,CASH_OUT,297246.68,C2116325245,30530.0,0.0,C1576188966,0.0,297246.68,0,0
255,PAYMENT,11667.96,C939464680,40146.0,28478.04,M987358829,0.0,0.0,0,0
476,CASH_OUT,108352.51,C597305777,0.0,0.0,C734100558,1546439.72,1654792.23,0,0
42,CASH_OUT,207435.56,C1449049374,25544.0,0.0,C209562669,321061.06,703362.57,0,0
379,PAYMENT,5626.18,C382402860,24628.0,19001.82,M415418678,0.0,0.0,0,0
357,PAYMENT,8258.57,C129406477,11202.0,2943.43,M1816151510,0.0,0.0,0,0
370,CASH_OUT,69419.13,C349809655,8798.0,0.0,C1872979157,3450716.61,3520135.74,0,0
401,CASH_OUT,44488.17,C1081158861,33599.0,0.0,C2132569527,602227.82,646715.98,0,0
250,DEBIT,3546.56,C1081375438,0.0,0.0,C1346129720,6676.0,10222.56,0,0
352,PAYMENT,8258.54,C947366063,27724.63,19466.09,M934888087,0.0,0.0,0,0
285,PAYMENT,6985.96,C1272624431,983.0,0.0,M112338626,0.0,0.0,0,0
321,CASH_OUT,194985.81,C1869355439,0.0,0.0,C765121571,353319.28,548305.09,0,0
41,PAYMENT,9138.62,C1061444284,0.0,0.0,M573423499,0.0,0.0,0,0
139,PAYMENT,17774.87,C1635050663,61539.78,43764.91,M1233790866,0.0,0.0,0,0
355,CASH_OUT,222263.35,C497978900,51221.0,0.0,C265209390,285877.15,508140.51,0,0
208,CASH_OUT,190391.81,C1497717453,29942.0,0.0,C1218668948,3965715.23,4156107.04,0,0
299,CASH_OUT,438839.44,C110970474,9814.0,0.0,C1750165213,0.0,438839.44,0,0
278,PAYMENT,10939.03,C1121791676,28375.0,17435.97,M1463249864,0.0,0.0,0,0
7,CASH_IN,88141.39,C1021635394,2981199.14,3069340.53,C1730752455,1681579.88,1699431.84,0,0
12,CASH_IN,129402.3,C1621239774,2951799.26,3081201.56,C1236243170,244842.94,68214.71,0,0
333,CASH_OUT,29413.98,C68862530,110758.0,81344.02,C933568355,0.0,29413.98,0,0
135,CASH_OUT,218309.66,C146899166,49501.94,0.0,C1605971266,2725583.2,2712197.92,0,0
353,CASH_IN,44358.05,C1168605204,785336.55,829694.61,C1687790910,1884978.75,1840620.69,0,0
214,PAYMENT,19120.19,C515843035,340724.52,321604.34,M1518339093,0.0,0.0,0,0
181,CASH_OUT,208160.72,C204241950,0.0,0.0,C1837145358,5322805.03,5530965.75,0,0
257,CASH_IN,175154.07,C1506681206,2202884.4,2378038.48,C884866317,2133160.61,1958006.54,0,0
259,CASH_OUT,39129.61,C1626755667,16019.0,0.0,C268204858,0.0,39129.61,0,0
119,PAYMENT,2369.46,C383510547,70408.0,68038.54,M1638264486,0.0,0.0,0,0
36,CASH_IN,32869.03,C1439032808,1290112.59,1322981.62,C1744522404,55492.0,22622.97,0,0
346,TRANSFER,2146137.72,C1925196312,0.0,0.0,C1647985238,2270291.49,4416429.21,0,0
274,CASH_OUT,199382.81,C888669684,30964.0,0.0,C2046379665,105864.55,305247.36,0,0
18,CASH_IN,121873.31,C1205540631,8215049.15,8336922.45,C2114603398,2173096.57,2390747.07,0,0
357,PAYMENT,29318.07,C1401243270,118136.37,88818.3,M779315932,0.0,0.0,0,0
356,CASH_OUT,161586.41,C266822810,22079.0,0.0,C1321307013,145923.51,307509.92,0,0
683,PAYMENT,36054.55,C1072913907,110981.61,74927.06,M1755488598,0.0,0.0,0,0
192,TRANSFER,575644.3,C2032299022,0.0,0.0,C976233415,2498873.36,3074517.66,0,0
360,PAYMENT,10495.42,C1076038807,782.0,0.0,M357428633,0.0,0.0,0,0
285,PAYMENT,17267.06,C693561543,0.0,0.0,M1924601431,0.0,0.0,0,0
164,CASH_OUT,63838.94,C1127704506,0.0,0.0,C1090926415,212250.37,276089.31,0,0
402,CASH_IN,173555.34,C2124189088,1384717.08,1558272.42,C1476425741,496944.43,323389.09,0,0
45,CASH_OUT,92906.98,C943030754,33284.0,0.0,C331989289,292811.44,385718.43,0,0
133,CASH_OUT,397922.08,C84966749,0.0,0.0,C280960713,2044095.02,2763609.7,0,0
356,TRANSFER,779226.91,C1370559042,90210.0,0.0,C1989193975,0.0,779226.91,0,0
284,CASH_OUT,4313.58,C1579153767,22104.0,17790.42,C1379849622,1784327.77,1788641.35,0,0
205,CASH_OUT,254416.23,C745546725,0.0,0.0,C460174007,629315.91,883732.14,0,0
236,PAYMENT,2395.77,C609763827,4216.39,1820.62,M745083690,0.0,0.0,0,0
162,CASH_IN,461573.33,C1766516972,7541768.79,8003342.12,C1855081623,4157098.27,3695524.94,0,0
206,CASH_OUT,266282.77,C1642858396,182.0,0.0,C403019847,0.0,266282.77,0,0
188,TRANSFER,794749.18,C1228441264,0.0,0.0,C1727620755,1989514.22,2784263.4,0,0
253,CASH_OUT,398667.55,C1744285086,19163.0,0.0,C1482110010,0.0,398667.55,0,0
212,CASH_IN,120764.16,C171036713,7864638.78,7985402.94,C1499249601,738337.78,617573.62,0,0
187,CASH_OUT,256940.8,C2044573831,0.0,0.0,C1073524472,1852553.52,2109494.33,0,0
351,PAYMENT,26316.83,C1175583835,167957.0,141640.17,M721615494,0.0,0.0,0,0
232,CASH_IN,236299.18,C1518385387,1468882.12,1705181.3,C603830250,547863.98,311564.8,0,0
358,CASH_IN,37199.77,C986702388,16969.0,54168.77,C1950757554,0.0,0.0,0,0
310,CASH_IN,24635.44,C250891714,2267291.58,2291927.02,C1889300493,31421.03,6785.58,0,0
275,PAYMENT,17706.45,C1113423067,244852.47,227146.02,M1678625969,0.0,0.0,0,0
183,PAYMENT,30292.87,C1491771185,367.0,0.0,M1036526130,0.0,0.0,0,0
162,CASH_IN,76584.84,C1667922983,2549019.24,2625604.07,C1749493494,2022021.08,1945436.25,0,0
33,PAYMENT,13079.29,C493717051,518697.35,505618.06,M1448254944,0.0,0.0,0,0
253,PAYMENT,3960.0,C1772299996,0.0,0.0,M427899820,0.0,0.0,0,0
307,TRANSFER,271248.16,C1470787888,0.0,0.0,C1725500986,691159.66,962407.82,0,0
138,PAYMENT,4631.38,C822636357,25445.92,20814.54,M276408925,0.0,0.0,0,0
328,CASH_IN,47829.32,C20956985,1507070.61,1554899.92,C1248839266,2355865.03,2308035.72,0,0
331,CASH_OUT,143346.16,C2062054791,1281.0,0.0,C232149122,0.0,143346.16,0,0
45,PAYMENT,2582.77,C869157708,741.0,0.0,M1679988335,0.0,0.0,0,0
95,PAYMENT,17630.11,C1388361213,0.0,0.0,M1913570711,0.0,0.0,0,0
328,CASH_OUT,3477.59,C1997844899,0.0,0.0,C1605183483,661162.47,664640.06,0,0
298,CASH_IN,123941.98,C723813201,5841793.98,5965735.96,C1098185904,844819.13,720877.15,0,0
476,PAYMENT,9196.94,C816653901,439435.0,430238.06,M2129317854,0.0,0.0,0,0
325,PAYMENT,3293.3,C384032983,0.0,0.0,M446571413,0.0,0.0,0,0
308,CASH_IN,51989.14,C1320880209,3769577.7,3821566.83,C2092649833,1000128.83,948139.69,0,0
229,CASH_OUT,323480.9,C889700008,0.0,0.0,C2088039783,1882247.03,2205727.93,0,0
449,CASH_OUT,95852.33,C1026974689,58.0,0.0,C892381528,236190.71,332043.03,0,0
327,CASH_OUT,195064.06,C126076201,15509.0,0.0,C2015196071,16734.61,211798.67,0,0
402,CASH_IN,113837.77,C615197742,30464.0,144301.77,C1548833119,5855568.19,5741730.42,0,0
184,CASH_IN,128422.08,C1930837748,113268.0,241690.08,C120415533,2569.31,0.0,0,0
299,CASH_OUT,296026.11,C1725422329,0.0,0.0,C66940898,3478831.28,3774857.39,0,0
226,PAYMENT,38721.75,C1684730522,119700.0,80978.25,M1442184434,0.0,0.0,0,0
352,PAYMENT,2232.44,C951957335,0.0,0.0,M2104585259,0.0,0.0,0,0
542,CASH_OUT,50153.97,C671533150,172.0,0.0,C636193203,463214.23,513368.21,0,0
283,PAYMENT,17497.15,C670830624,20165.79,2668.64,M887684634,0.0,0.0,0,0
131,CASH_OUT,96056.71,C331835030,138637.0,42580.29,C1445836996,445942.5,541999.21,0,0
263,PAYMENT,155.14,C321508284,54631.0,54475.86,M2020904922,0.0,0.0,0,0
375,CASH_OUT,318997.17,C1626213150,5123.0,0.0,C2086213863,14596.87,333594.04,0,0
347,CASH_OUT,227296.99,C333997111,0.0,0.0,C599975884,378986.68,606283.67,0,0
284,PAYMENT,14118.52,C559334231,14977.0,858.48,M454668751,0.0,0.0,0,0
188,PAYMENT,8589.79,C1071447460,20966.0,12376.21,M420265206,0.0,0.0,0,0
45,CASH_OUT,79936.09,C1384669586,0.0,0.0,C464345779,10676608.11,10756544.2,0,0
303,PAYMENT,13699.03,C368887322,0.0,0.0,M386296443,0.0,0.0,0,0
376,CASH_OUT,448377.88,C1879876491,371452.0,0.0,C948981991,56192.75,504570.62,0,0
163,CASH_IN,137871.16,C226651416,17524.0,155395.16,C255510839,176053.05,38181.89,0,0
18,TRANSFER,1201474.9,C1406522075,0.0,0.0,C641681159,1735383.96,2936858.86,0,0
161,CASH_OUT,142456.1,C324797931,339477.83,197021.74,C744343019,9813803.97,9951225.9,0,0
10,PAYMENT,3148.35,C422916428,0.0,0.0,M1437664459,0.0,0.0,0,0
305,PAYMENT,10856.8,C1599578329,142274.53,131417.73,M477229803,0.0,0.0,0,0
207,CASH_OUT,115153.59,C1607824920,0.0,0.0,C771820535,368146.43,483300.01,0,0
207,CASH_OUT,42036.68,C1288896402,0.0,0.0,C1374150796,1740098.72,1782135.4,0,0
187,PAYMENT,8292.13,C1999807342,48528.0,40235.87,M504391595,0.0,0.0,0,0
252,CASH_OUT,246306.82,C1328809164,21487.0,0.0,C118751987,147191.16,393497.98,0,0
331,CASH_OUT,73482.39,C285087693,0.0,0.0,C631306885,361951.42,435433.82,0,0
132,CASH_OUT,71937.42,C1258971416,0.0,0.0,C1194119526,869972.66,941910.08,0,0
379,TRANSFER,871726.8,C1440309895,0.0,0.0,C26861447,6636353.39,7755359.79,0,0
9,TRANSFER,153639.43,C473083454,0.0,0.0,C1080993648,723384.75,877024.18,0,0
35,CASH_IN,187471.74,C1929791037,1030205.17,1217676.91,C1983517641,222516.62,35044.88,0,0
352,CASH_OUT,250667.26,C1694736098,21512.83,0.0,C2113198760,1346050.11,1596717.37,0,0
15,CASH_IN,159706.31,C947982001,19324647.93,19484354.25,C943491276,1538250.31,1500793.63,0,0
404,PAYMENT,33561.78,C1780985460,158030.05,124468.27,M1731267522,0.0,0.0,0,0
235,PAYMENT,20211.12,C1517479250,30688.0,10476.88,M428231129,0.0,0.0,0,0
255,CASH_IN,318498.31,C1547407378,15682137.13,16000635.43,C356970529,420447.76,101949.45,0,0
157,DEBIT,5030.32,C1271210397,241.0,0.0,C533694209,4274591.01,4279621.33,0,0
395,CASH_IN,176532.34,C2045596027,20110.0,196642.34,C1215705796,65172.03,0.0,0,0
548,PAYMENT,600.83,C102213475,257752.91,257152.08,M1057862944,0.0,0.0,0,0
303,CASH_OUT,83555.46,C724186789,958.0,0.0,C1257071400,3264431.92,3347987.38,0,0
345,CASH_OUT,84837.0,C650070744,0.0,0.0,C619715765,136352.92,221189.92,0,0
19,CASH_OUT,2318.03,C1226067024,0.0,0.0,C1539311066,73751.16,76069.19,0,0
134,CASH_IN,49303.56,C157209962,147742.0,197045.56,C64919035,0.0,0.0,0,0
36,CASH_IN,200034.05,C582498473,6829430.11,7029464.16,C756845508,875315.43,675281.38,0,0
179,CASH_OUT,210628.82,C2104454959,203553.47,0.0,C1893247478,550621.14,761249.95,0,0
350,CASH_OUT,21038.57,C1088303344,0.0,0.0,C416082083,215923.55,236962.12,0,0
347,CASH_OUT,148931.13,C1424482234,5159.0,0.0,C191293534,0.0,148931.13,0,0
162,CASH_OUT,70037.05,C1760587676,0.0,0.0,C1906677016,264900.85,334937.91,0,0
201,PAYMENT,7278.27,C454104295,20032.0,12753.73,M82477635,0.0,0.0,0,0
332,CASH_OUT,20691.13,C923901503,182151.15,161460.02,C1860494390,258136.54,278827.68,0,0
41,PAYMENT,20964.65,C1773433129,99843.0,78878.35,M375835686,0.0,0.0,0,0
13,CASH_OUT,192435.24,C1792634037,5581.0,0.0,C1050808895,0.0,192435.24,0,0
328,CASH_IN,226795.21,C1733997673,13770.0,240565.21,C363216918,780590.43,553795.22,0,0
133,CASH_IN,269264.98,C1126533106,12402911.88,12672176.86,C120282651,391607.06,0.0,0,0
133,CASH_OUT,44804.13,C1063252749,14520.0,0.0,C949216672,854543.83,899347.96,0,0
207,CASH_IN,302516.71,C1465201708,21960.0,324476.71,C1275619821,43441.34,0.0,0,0
309,PAYMENT,2565.8,C2087902961,0.0,0.0,M1687101025,0.0,0.0,0,0
262,CASH_OUT,123326.98,C1199996945,0.0,0.0,C897969311,11712621.87,11835948.85,0,0
371,CASH_OUT,144813.22,C707425756,0.0,0.0,C209652216,535096.99,679910.21,0,0
398,PAYMENT,61800.18,C22922875,219407.04,157606.86,M1079210493,0.0,0.0,0,0
130,TRANSFER,204645.01,C2105834057,0.0,0.0,C1051988862,12263239.04,12467884.05,0,0
130,PAYMENT,4970.93,C161651978,139138.0,134167.07,M353629560,0.0,0.0,0,0
407,PAYMENT,2413.6,C1138331361,12397.0,9983.4,M158237318,0.0,0.0,0,0
514,CASH_OUT,420560.21,C102602740,47790.0,0.0,C1871382098,5588521.29,6009081.5,0,0
279,CASH_IN,185649.68,C1109652180,1640504.38,1826154.06,C2049452725,3458593.7,3272944.02,0,0
261,CASH_IN,33746.84,C2100398884,18309.0,52055.84,C526331361,37816.57,4069.73,0,0
13,CASH_IN,47838.62,C1408431443,9507934.26,9555772.88,C1567038734,3655277.89,3403481.49,0,0
40,PAYMENT,28618.98,C523143371,79688.0,51069.02,M88838818,0.0,0.0,0,0
211,PAYMENT,13641.05,C751765297,33545.0,19903.95,M626204071,0.0,0.0,0,0
166,TRANSFER,131126.98,C1259755607,0.0,0.0,C1749952251,4293305.99,4424432.96,0,0
274,PAYMENT,9387.35,C2023693244,3519.52,0.0,M1399553286,0.0,0.0,0,0
375,PAYMENT,5157.27,C546301462,0.0,0.0,M119219942,0.0,0.0,0,0
44,PAYMENT,6656.53,C453133623,0.0,0.0,M1538298634,0.0,0.0,0,0
259,PAYMENT,18940.43,C225151384,0.0,0.0,M1804008747,0.0,0.0,0,0
249,CASH_OUT,17402.95,C649909577,0.0,0.0,C167129957,1577882.87,1595285.82,0,0
546,PAYMENT,34606.67,C16031797,149674.0,115067.33,M1061132885,0.0,0.0,0,0
44,CASH_IN,182293.17,C651948612,4242.0,186535.17,C413738212,1777316.16,1595022.99,0,0
258,CASH_OUT,198280.85,C1689585576,3945.0,0.0,C714444892,0.0,198280.85,0,0
469,CASH_IN,138585.76,C1365202602,3877325.78,4015911.54,C1009627948,1849239.44,1710653.68,0,0
154,PAYMENT,2477.72,C696508251,321.0,0.0,M889783013,0.0,0.0,0,0
349,TRANSFER,471066.38,C387349262,397740.0,0.0,C1788654709,824721.45,1295787.83,0,0
258,CASH_IN,153923.47,C905128998,12316.0,166239.47,C1854364182,1035343.75,881420.28,0,0
236,PAYMENT,1876.44,C854000465,61233.24,59356.79,M1265706808,0.0,0.0,0,0
306,CASH_OUT,93686.66,C1829223653,0.0,0.0,C184866771,1119623.4,1213310.07,0,0
687,PAYMENT,2591.25,C577570422,123.0,0.0,M1501145495,0.0,0.0,0,0
280,CASH_OUT,526281.97,C1987162209,0.0,0.0,C108951112,1854932.27,2381214.24,0,0
350,CASH_IN,125706.93,C978636584,3113662.65,3239369.58,C91152114,3647823.28,3522116.35,0,0
40,CASH_IN,42463.51,C1010969932,3114305.21,3156768.71,C1248984863,71427.0,0.0,0,0
162,CASH_OUT,121391.64,C337028659,0.0,0.0,C231977098,478234.69,599626.32,0,0
307,CASH_OUT,66043.24,C550551488,395598.0,329554.76,C554142712,2833577.15,2899620.39,0,0
307,TRANSFER,350204.01,C2005343412,199515.0,0.0,C727842257,235429.46,585633.47,0,0
225,PAYMENT,35786.25,C987037764,0.0,0.0,M946196824,0.0,0.0,0,0
229,CASH_IN,102692.2,C1516661402,122548.0,225240.2,C1440235910,227786.51,125094.31,0,0
231,CASH_OUT,363848.82,C335520456,70099.0,0.0,C2043772827,3572968.74,3936817.56,0,0
189,CASH_OUT,28593.33,C1997452735,0.0,0.0,C2057637343,241430.63,270023.96,0,0
263,CASH_IN,143351.87,C147659100,8946579.99,9089931.86,C240438893,260761.36,117409.49,0,0
324,CASH_OUT,276807.59,C136411683,0.0,0.0,C1660154176,334800.03,611607.62,0,0
161,CASH_IN,84037.05,C1869656891,19245.0,103282.05,C1592825618,0.0,0.0,0,0
184,CASH_OUT,211703.47,C435302451,0.0,0.0,C1278739130,318603.15,530306.61,0,0
379,CASH_IN,160974.02,C1392486373,14503.0,175477.02,C788873257,0.0,0.0,0,0
256,PAYMENT,13008.98,C817522418,0.0,0.0,M1163128415,0.0,0.0,0,0
43,CASH_OUT,128042.44,C343713227,5508.0,0.0,C511375324,427.0,128469.44,0,0
212,CASH_OUT,223306.3,C937786069,2236.0,0.0,C804177506,0.0,132937.58,0,0
17,CASH_IN,172472.82,C518249773,21464.0,193936.82,C880331985,286994.91,114522.09,0,0
403,CASH_OUT,78948.8,C1900218149,10428.0,0.0,C556047766,593886.65,672835.45,0,0
371,PAYMENT,51449.41,C488086633,38746.0,0.0,M1298175575,0.0,0.0,0,0
205,PAYMENT,4705.22,C992355950,50884.0,46178.78,M942140470,0.0,0.0,0,0
136,TRANSFER,516393.35,C744377498,0.0,0.0,C946212745,1789308.17,2305701.53,0,0
181,PAYMENT,1467.28,C335335576,0.0,0.0,M1153085771,0.0,0.0,0,0
15,CASH_OUT,148247.96,C1815834015,0.0,0.0,C1599949671,0.0,262361.25,0,0
140,CASH_IN,190116.21,C373121997,5619323.74,5809439.96,C2145466584,486018.46,295902.25,0,0
37,CASH_OUT,181794.89,C1392710458,0.0,0.0,C701724611,2353689.86,2535484.75,0,0
379,CASH_IN,334904.7,C1817890177,459032.5,793937.2,C1696732881,422209.25,87304.54,0,0
213,PAYMENT,9392.68,C1735239311,0.0,0.0,M768300813,0.0,0.0,0,0
13,CASH_IN,42178.9,C553132791,56282.0,98460.9,C2040690699,1056.0,0.0,0,0
284,CASH_OUT,5381.39,C52906801,0.0,0.0,C1023339442,75105.44,80486.82,0,0
395,CASH_OUT,61318.54,C1986500291,0.0,0.0,C300922639,251115.28,312433.82,0,0
157,CASH_OUT,191787.63,C1711291529,164813.0,0.0,C437776931,0.0,191787.63,0,0
283,PAYMENT,24758.39,C2095245789,136139.0,111380.61,M544324040,0.0,0.0,0,0
325,CASH_OUT,68930.18,C1940591459,59899.0,0.0,C2068761522,92902.39,161832.57,0,0
190,CASH_OUT,219103.89,C1419508807,0.0,0.0,C1198759395,808557.26,1027661.14,0,0
234,CASH_IN,12111.05,C1318335080,6.0,12117.05,C1251971906,606690.74,594579.69,0,0
19,CASH_OUT,50816.85,C1381184418,15868.0,0.0,C1053126520,128249.6,369142.89,0,0
177,CASH_OUT,177039.9,C550510630,507755.0,330715.1,C1158547576,1127540.08,1304579.97,0,0
129,CASH_OUT,401757.75,C434401293,0.0,0.0,C1736800800,2737927.21,3139684.95,0,0
285,PAYMENT,1353.31,C132570121,0.0,0.0,M1800095182,0.0,0.0,0,0
8,CASH_IN,40197.38,C88886023,21033.0,61230.38,C33574809,134.0,153166.15,0,0
41,CASH_OUT,245560.24,C1185610479,0.0,0.0,C1105527690,12796681.78,13042242.02,0,0
215,PAYMENT,13225.01,C1496395772,204819.0,191593.99,M267586207,0.0,0.0,0,0
305,CASH_IN,49533.26,C860682980,661648.21,711181.47,C1565878795,401364.61,351831.35,0,0
321,CASH_IN,242299.19,C1462988114,102.0,242401.19,C2044792756,4295705.05,4053405.86,0,0
227,CASH_IN,86138.9,C343458787,384849.53,470988.43,C365118709,19300.16,0.0,0,0
378,PAYMENT,6612.69,C1240922319,0.0,0.0,M13753729,0.0,0.0,0,0
254,CASH_OUT,32173.48,C849741498,236022.0,203848.52,C507208018,42351.47,74524.95,0,0
139,CASH_IN,36768.76,C1297934606,122375.0,159143.76,C1234776885,13063685.44,13026916.68,0,0
500,CASH_IN,260473.19,C215468537,5869231.19,6129704.38,C133846024,6723646.81,6463173.61,0,0
182,CASH_OUT,16701.95,C1856807910,0.0,0.0,C562195832,3907419.55,3924121.5,0,0
208,PAYMENT,7562.88,C1957319717,202358.0,194795.12,M1551305043,0.0,0.0,0,0
330,CASH_IN,24413.46,C2100169529,14460305.78,14484719.25,C1446967483,235404.15,210990.68,0,0
42,CASH_IN,84537.44,C363517087,9426082.03,9510619.47,C540642172,2489016.43,2404478.98,0,0
216,PAYMENT,10848.49,C1887153864,0.0,0.0,M2036964249,0.0,0.0,0,0
130,CASH_IN,325708.11,C507048104,107438.0,433146.11,C1933549839,54087.4,0.0,0,0
134,PAYMENT,6740.31,C615080953,20459.0,13718.69,M610520115,0.0,0.0,0,0
18,CASH_OUT,209781.33,C608941881,135800.83,0.0,C1325988604,106529.67,84841.01,0,0
297,PAYMENT,29384.43,C274776169,2320.0,0.0,M1026515681,0.0,0.0,0,0
351,CASH_OUT,75864.07,C1126141498,51372.0,0.0,C1079634105,9027452.56,9103316.62,0,0
39,PAYMENT,9879.36,C532676454,251855.15,241975.79,M85311964,0.0,0.0,0,0
186,CASH_IN,39312.62,C685578847,2980945.1,3020257.73,C1000013769,285206.3,243063.59,0,0
13,PAYMENT,5768.3,C1983969861,0.0,0.0,M2072993201,0.0,0.0,0,0
307,CASH_OUT,40902.28,C1478275547,0.0,0.0,C1757235933,94733.81,135636.09,0,0
332,CASH_OUT,21944.45,C74664872,11463.0,0.0,C349566472,858696.57,880641.02,0,0
306,PAYMENT,3486.85,C2062615831,100897.0,97410.15,M1744040900,0.0,0.0,0,0
405,CASH_OUT,195069.34,C1430882105,92756.6,0.0,C2032917774,446760.41,641829.74,0,0
321,CASH_OUT,336708.47,C1905709102,0.0,0.0,C33201139,8376097.14,8712805.61,0,0
37,CASH_OUT,111409.31,C104417949,6376.0,0.0,C1490794049,1570071.89,1681481.2,0,0
302,CASH_IN,89048.12,C1233315395,6168381.35,6257429.46,C828462491,245763.45,156715.33,0,0
276,DEBIT,26105.93,C1379109543,0.0,0.0,C1189017285,631947.88,658053.8,0,0
13,PAYMENT,4625.84,C1304639500,0.0,0.0,M2033595607,0.0,0.0,0,0
16,CASH_OUT,10038.99,C1270151291,170319.56,160280.57,C1943218658,7006937.81,7016976.8,0,0
226,CASH_OUT,137052.8,C1069134738,0.0,0.0,C296826752,4183675.39,4320728.19,0,0
160,CASH_OUT,119497.23,C1723621838,0.0,0.0,C1595492058,752691.77,872188.99,0,0
395,DEBIT,1135.98,C1032187165,11621.0,10485.02,C561201654,880014.04,881150.02,0,0
229,PAYMENT,81808.48,C889941892,52025.0,0.0,M217064259,0.0,0.0,0,0
279,TRANSFER,21810.32,C1765697061,19826.0,0.0,C88413457,1160855.71,1182666.03,0,0
11,CASH_OUT,144455.02,C1568028675,0.0,0.0,C1360092022,375837.57,520292.59,0,0
135,PAYMENT,13959.77,C1321252462,401351.12,387391.35,M526536395,0.0,0.0,0,0
276,CASH_OUT,207540.9,C13656264,0.0,0.0,C644392185,6302060.98,6509601.87,0,0
178,TRANSFER,445167.73,C1037571719,31143.0,0.0,C325073695,0.0,445167.73,0,0
354,CASH_IN,60613.98,C1833805696,507986.0,568599.98,C1166654566,4899615.17,4839001.19,0,0
133,PAYMENT,19079.95,C564330345,32983.0,13903.05,M591134392,0.0,0.0,0,0
378,CASH_OUT,116353.06,C694889124,241445.0,125091.94,C994202202,2629238.02,2745591.08,0,0
257,PAYMENT,263.56,C359370404,1749.0,1485.44,M2340477,0.0,0.0,0,0
396,PAYMENT,8739.89,C1694769964,0.0,0.0,M86285348,0.0,0.0,0,0
211,CASH_OUT,314938.04,C849072605,0.0,0.0,C1804821826,1680555.93,1995493.96,0,0
134,TRANSFER,820391.36,C1529869156,86396.0,0.0,C769310906,774420.55,1594811.92,0,0
129,PAYMENT,46136.17,C1738523183,0.0,0.0,M1576538958,0.0,0.0,0,0
349,CASH_OUT,143891.42,C291330526,0.0,0.0,C98286957,169597.27,313488.69,0,0
183,CASH_OUT,209363.76,C333246546,0.0,0.0,C1179170716,380554.52,589918.28,0,0
377,CASH_OUT,241203.6,C1035673536,0.0,0.0,C2018287185,248558.76,489762.36,0,0
167,TRANSFER,298141.36,C1295226894,121852.0,0.0,C28442302,207316.8,505458.16,0,0
11,PAYMENT,10574.31,C1387683999,51284.0,40709.69,M1357306527,0.0,0.0,0,0
18,CASH_IN,364260.89,C1564919918,8365206.72,8729467.61,C1526428241,1734520.79,1219798.63,0,0
139,PAYMENT,16084.18,C495720942,132.0,0.0,M1818416412,0.0,0.0,0,0
138,PAYMENT,12973.89,C1154875720,10746.0,0.0,M1504011300,0.0,0.0,0,0
300,PAYMENT,1890.79,C1550357486,0.0,0.0,M1973085531,0.0,0.0,0,0
186,PAYMENT,1358.5,C1852298528,54771.59,53413.09,M1212823055,0.0,0.0,0,0
259,CASH_OUT,206500.38,C1295914505,748145.68,541645.29,C805520528,1161581.12,1368081.5,0,0
41,CASH_OUT,40925.08,C1418043577,204890.0,163964.92,C112264445,9509.93,50435.01,0,0
330,CASH_OUT,133952.58,C1772578141,0.0,0.0,C369721900,215918.03,349870.61,0,0
302,CASH_IN,45064.75,C1750105373,20408.0,65472.75,C156570589,0.0,0.0,0,0
567,CASH_OUT,291188.44,C1481216679,0.0,0.0,C1867326417,1876823.99,2168012.44,0,0
394,CASH_OUT,248755.49,C707666311,153.0,0.0,C1036313010,0.0,248755.49,0,0
304,PAYMENT,18008.8,C419167889,0.0,0.0,M235874784,0.0,0.0,0,0
282,CASH_IN,117379.95,C97386640,447310.48,564690.42,C562003595,543797.33,426417.38,0,0
43,CASH_IN,282710.7,C21738440,4976256.4,5258967.1,C652048201,1085066.18,802355.48,0,0
137,CASH_OUT,48219.05,C1468054350,29439.0,0.0,C1566406710,1121304.99,1295226.73,0,0
20,CASH_IN,341931.33,C1026279685,70652.0,412583.33,C1411693584,109153.34,0.0,0,0
183,TRANSFER,355892.41,C1238487319,48754.0,0.0,C2081879788,0.0,355892.41,0,0
332,PAYMENT,2079.18,C1603757331,58830.0,56750.82,M1040870758,0.0,0.0,0,0
228,CASH_IN,140600.69,C1025624050,3700614.04,3841214.73,C2024376877,1562547.78,1421947.09,0,0
227,TRANSFER,76387.7,C1545832159,30151.0,0.0,C918645269,0.0,76387.7,0,0
261,CASH_OUT,254913.86,C507504930,0.0,0.0,C1154149682,1528580.68,1783494.55,0,0
158,CASH_OUT,112446.36,C1838605156,204939.0,92492.64,C406946303,4328227.1,4440673.47,0,0
119,CASH_OUT,65344.75,C820429366,0.0,0.0,C346198099,244978.6,310323.34,0,0
286,PAYMENT,26611.5,C812880170,0.0,0.0,M328827742,0.0,0.0,0,0
374,CASH_OUT,107924.55,C435281961,10463.0,0.0,C893956386,1746287.97,1854212.51,0,0
378,CASH_OUT,261499.95,C1898460633,0.0,0.0,C198423448,6243413.73,6504913.68,0,0
235,CASH_IN,115588.47,C1592455252,669295.34,784883.81,C1991060921,3352656.64,3237068.17,0,0
381,PAYMENT,4207.08,C1556675821,60537.0,56329.92,M163897064,0.0,0.0,0,0
136,CASH_IN,104228.34,C1790033908,595633.31,699861.64,C610837826,723864.55,619636.21,0,0
14,CASH_IN,96590.7,C938036475,8425111.79,8521702.49,C746398598,1530251.84,1433661.14,0,0
41,PAYMENT,1332.24,C2137821259,372997.0,371664.76,M1594123234,0.0,0.0,0,0
300,PAYMENT,10948.36,C1804355041,146112.0,135163.64,M1450250610,0.0,0.0,0,0
212,CASH_IN,148029.76,C1046440652,69315.0,217344.76,C1499675387,216769.27,68739.51,0,0
308,PAYMENT,20703.39,C2118699250,0.0,0.0,M1132110178,0.0,0.0,0,0
10,CASH_OUT,58797.31,C1793132022,0.0,0.0,C1184057472,369838.22,0.0,0,0
208,PAYMENT,4122.57,C1001986400,0.0,0.0,M39037826,0.0,0.0,0,0
236,CASH_OUT,25926.28,C731451924,203923.39,177997.11,C2128798742,851640.33,877566.61,0,0
189,PAYMENT,12899.32,C183561747,210143.0,197243.68,M458857750,0.0,0.0,0,0
212,CASH_OUT,232245.36,C436911979,13957.0,0.0,C1171107890,0.0,232245.36,0,0
43,CASH_OUT,35098.7,C846979235,0.0,0.0,C965640163,438227.49,473326.19,0,0
212,CASH_IN,374743.11,C1166291411,1741581.79,2116324.9,C1451324289,2497842.01,2123098.9,0,0
188,PAYMENT,21446.2,C754563225,130746.51,109300.31,M819585253,0.0,0.0,0,0
355,CASH_OUT,48779.3,C783345872,122035.0,73255.7,C43532177,80749.0,129528.3,0,0
398,CASH_OUT,397764.67,C354406749,724552.83,326788.16,C1460326391,2538680.8,2936445.47,0,0
201,PAYMENT,463.39,C43401232,70247.0,69783.61,M1027476241,0.0,0.0,0,0
237,CASH_IN,223731.02,C1948169068,10657610.5,10881341.52,C1382066735,641140.99,417409.97,0,0
379,CASH_OUT,43037.95,C887381141,0.0,0.0,C1928251629,198828.95,241866.9,0,0
163,CASH_IN,119709.13,C594171290,10510.0,130219.13,C627261053,265758.51,146049.38,0,0
207,CASH_IN,385479.88,C147269512,132.0,385611.88,C300343167,0.0,0.0,0,0
352,CASH_OUT,74139.59,C1918372020,0.0,0.0,C1516163486,7399529.92,7473669.52,0,0
306,PAYMENT,21996.28,C1339124861,0.0,0.0,M213799156,0.0,0.0,0,0
372,PAYMENT,2470.01,C46521056,202370.0,199899.99,M1558689373,0.0,0.0,0,0
165,CASH_IN,68058.07,C539779779,3436.0,71494.07,C755338887,704910.3,636852.23,0,0
204,CASH_IN,54391.85,C1796260286,5335390.93,5389782.78,C1939224252,1413725.08,1359333.23,0,0
309,CASH_OUT,224941.99,C114034762,0.0,0.0,C1680993321,788470.79,1013412.78,0,0
352,CASH_OUT,139903.3,C96252189,59381.0,0.0,C1452775955,361725.62,501628.92,0,0
249,PAYMENT,7517.27,C1931563585,30156.0,22638.73,M133714827,0.0,0.0,0,0
208,TRANSFER,564578.28,C35420540,16241.0,0.0,C528189923,430811.13,995389.41,0,0
162,CASH_OUT,226549.01,C2037660255,0.0,0.0,C65569811,6519635.64,6746184.65,0,0
354,PAYMENT,3648.56,C1640570941,166783.0,163134.44,M95701404,0.0,0.0,0,0
211,CASH_IN,171947.45,C620398848,23194.0,195141.45,C681741528,0.0,0.0,0,0
281,CASH_OUT,93913.64,C383225549,21127.0,0.0,C321620860,93402.56,187316.2,0,0
182,CASH_OUT,253604.42,C1685190317,0.0,0.0,C1009688353,877487.2,1131091.61,0,0
39,PAYMENT,7724.55,C788131348,9666.0,1941.45,M892032069,0.0,0.0,0,0
160,TRANSFER,794632.83,C544033134,3930.0,0.0,C1956001820,54941.88,849574.71,0,0
187,PAYMENT,7130.51,C2025554167,337697.25,330566.74,M1941857517,0.0,0.0,0,0
326,PAYMENT,3987.73,C1071587344,156.0,0.0,M468289189,0.0,0.0,0,0
569,CASH_OUT,406611.1,C1960230371,5665.0,0.0,C1567900341,3579819.38,3986430.48,0,0
10,PAYMENT,3554.88,C570000517,1540346.33,1536791.45,M1244537897,0.0,0.0,0,0
306,CASH_IN,109856.26,C1157298827,4514661.62,4624517.88,C759748718,575203.14,465346.87,0,0
321,CASH_OUT,223572.56,C780852545,110511.6,0.0,C1484141550,2395495.55,2619068.11,0,0
324,CASH_IN,30823.26,C1479444569,29891.0,60714.26,C366702956,0.0,0.0,0,0
403,PAYMENT,6056.65,C1242400427,10920.0,4863.35,M1001078759,0.0,0.0,0,0
588,CASH_IN,372470.04,C570605665,2106270.3,2478740.35,C1488435651,518918.0,146447.96,0,0
134,CASH_OUT,40732.15,C900530858,490780.52,450048.37,C1940189108,790541.94,831274.09,0,0
7,TRANSFER,570796.52,C396926129,0.0,0.0,C863811613,757713.52,1328510.04,0,0
310,PAYMENT,6813.45,C471727824,581249.0,574435.55,M28139945,0.0,0.0,0,0
212,PAYMENT,3272.4,C421019506,6508.0,3235.6,M776040114,0.0,0.0,0,0
251,CASH_OUT,555491.76,C433294122,929678.0,374186.24,C718254376,482790.01,1038281.77,0,0
544,CASH_OUT,370202.63,C1298514546,68065.0,0.0,C750654082,1102205.67,1472408.3,0,0
275,PAYMENT,6705.86,C1751418958,0.0,0.0,M1924728467,0.0,0.0,0,0
136,CASH_IN,106154.07,C148705129,4530235.83,4636389.9,C580129492,2624684.79,2518530.72,0,0
381,CASH_OUT,300547.93,C72518427,0.0,0.0,C1015310501,494901.17,795449.1,0,0
43,CASH_IN,165505.63,C1861291815,31169.0,196674.63,C541822955,7309.28,0.0,0,0
253,PAYMENT,1277.3,C539055714,117270.56,115993.27,M1297972592,0.0,0.0,0,0
324,CASH_IN,451879.93,C1246696086,112333.0,564212.93,C2118831658,915258.64,463378.71,0,0
16,PAYMENT,12185.8,C1923630497,0.0,0.0,M1553941325,0.0,0.0,0,0
403,CASH_OUT,429731.9,C1534852820,0.0,0.0,C1156445500,843860.72,1273592.62,0,0
162,PAYMENT,12796.01,C344870606,0.0,0.0,M1019630117,0.0,0.0,0,0
163,CASH_OUT,64326.76,C5027452,0.0,0.0,C1201057368,9227291.27,9291618.03,0,0
159,CASH_OUT,246225.21,C1164985438,30691.0,0.0,C1516900171,0.0,247412.91,0,0
160,CASH_OUT,163924.15,C1985779264,54979.0,0.0,C1470714471,49815.58,213739.73,0,0
348,CASH_OUT,22696.74,C84477185,83008.0,60311.26,C1062541636,113615.13,136311.88,0,0
348,PAYMENT,12119.8,C325007830,0.0,0.0,M1646735028,0.0,0.0,0,0
260,CASH_IN,10970.14,C1617693222,23754.0,34724.14,C1615656437,0.0,0.0,0,0
302,CASH_IN,45137.52,C139423708,5653116.08,5698253.6,C1778760082,73132.84,27995.32,0,0
405,PAYMENT,14150.37,C1951329841,99694.0,85543.63,M1774131052,0.0,0.0,0,0
207,CASH_OUT,314165.4,C1496418789,0.0,0.0,C1045823666,4751611.63,5065777.03,0,0
250,CASH_OUT,5487.36,C1915392016,21982.0,16494.64,C1698090393,0.0,5487.36,0,0
322,PAYMENT,13921.81,C1546828668,0.0,0.0,M795527474,0.0,0.0,0,0
206,PAYMENT,20577.74,C1246928235,2497.0,0.0,M933668158,0.0,0.0,0,0
259,CASH_IN,13500.32,C2088210412,24314.0,37814.32,C3936920,3262026.25,3248525.92,0,0
346,PAYMENT,2167.73,C713311068,0.0,0.0,M1615401297,0.0,0.0,0,0
403,CASH_OUT,128510.12,C419244702,21287.0,0.0,C2020647484,265067.1,393577.22,0,0
330,PAYMENT,612.81,C189701487,0.0,0.0,M1997596024,0.0,0.0,0,0
179,CASH_OUT,392564.79,C1415778255,39986.0,0.0,C293781434,2055.03,394619.81,0,0
154,PAYMENT,21555.58,C712016881,0.0,0.0,M140880869,0.0,0.0,0,0
166,PAYMENT,7840.07,C1452929174,10253.02,2412.95,M1036491698,0.0,0.0,0,0
229,CASH_OUT,202053.29,C316648784,10874.0,0.0,C621864261,7279987.83,7482041.12,0,0
254,PAYMENT,3974.2,C1564747558,0.0,0.0,M37863095,0.0,0.0,0,0
36,CASH_OUT,2908.51,C2033675196,0.0,0.0,C1661355634,2838693.13,2841601.64,0,0
228,TRANSFER,51135.02,C1054575997,0.0,0.0,C296481451,98739.53,149874.56,0,0
33,CASH_OUT,343700.95,C1679183009,0.0,0.0,C572728110,1722139.08,2065840.03,0,0
373,CASH_IN,533921.34,C413865370,132020.34,665941.68,C1337562727,3332073.93,2798152.59,0,0
132,CASH_OUT,201306.08,C1650620400,20602.0,0.0,C980169582,1705640.63,1906946.7,0,0
42,PAYMENT,2126.85,C313845110,587998.0,585871.15,M1522794493,0.0,0.0,0,0
14,CASH_OUT,138777.93,C392819890,0.0,0.0,C264571973,2266049.42,3045645.89,0,0
323,PAYMENT,66111.51,C847215446,3270.0,0.0,M88915808,0.0,0.0,0,0
282,PAYMENT,23631.46,C1173094178,0.0,0.0,M1290759652,0.0,0.0,0,0
139,CASH_OUT,19658.09,C887378432,0.0,0.0,C459871049,685977.52,705635.61,0,0
159,PAYMENT,9333.9,C1377495220,0.0,0.0,M1912661323,0.0,0.0,0,0
18,PAYMENT,18138.94,C1767254667,0.0,0.0,M1357901221,0.0,0.0,0,0
394,CASH_OUT,157532.64,C29099622,667.0,0.0,C1117659696,0.0,157532.64,0,0
403,PAYMENT,15352.05,C716301448,0.0,0.0,M160226239,0.0,0.0,0,0
36,CASH_OUT,50209.35,C1055978858,0.0,0.0,C1949246952,565165.29,717948.44,0,0
563,PAYMENT,15615.61,C1888281100,0.0,0.0,M281774656,0.0,0.0,0,0
357,DEBIT,2671.47,C486061461,41284.0,38612.53,C564714072,33641.47,36312.94,0,0
525,CASH_IN,176545.86,C1514072381,10718496.91,10895042.77,C623837782,678712.03,502166.17,0,0
40,PAYMENT,12648.28,C410519023,0.0,0.0,M2001298495,0.0,0.0,0,0
185,PAYMENT,5159.93,C833445044,0.0,0.0,M1650893792,0.0,0.0,0,0
131,CASH_OUT,276281.08,C825780382,68239.0,0.0,C2063046388,551297.35,601304.12,0,0
210,CASH_OUT,108990.04,C1657379216,304000.0,195009.96,C820132790,1423773.44,1532763.49,0,0
351,PAYMENT,11664.16,C605424587,91847.0,80182.84,M1687684012,0.0,0.0,0,0
136,CASH_OUT,125129.8,C1900587587,61551.0,0.0,C1335497107,515713.89,640843.69,0,0
715,CASH_OUT,210441.28,C1914764664,79789.0,0.0,C502853857,1629509.6,1839950.88,0,0
36,CASH_OUT,3387.03,C1860744818,0.0,0.0,C1414581468,224165.28,26696.81,0,0
379,CASH_OUT,302843.53,C1886467652,1430.0,0.0,C749180888,193573.4,496416.93,0,0
298,CASH_IN,50493.21,C1103306692,19892694.96,19943188.17,C963947169,2403809.09,2353315.88,0,0
284,CASH_OUT,3893.86,C1937008576,0.0,0.0,C2063429495,686521.24,690415.11,0,0
253,CASH_OUT,386486.57,C1963508412,21097.0,0.0,C393147578,0.0,386486.57,0,0
404,CASH_OUT,390969.85,C1081748276,0.0,0.0,C1640464080,2091654.68,2482624.53,0,0
17,TRANSFER,112435.0,C1789406117,0.0,0.0,C431687661,736617.41,696949.64,0,0
20,CASH_OUT,178139.59,C735805604,0.0,0.0,C876845542,442869.44,621009.03,0,0
235,CASH_OUT,59649.05,C329408288,153344.0,93694.95,C1033865573,8697356.93,8757005.97,0,0
612,TRANSFER,400793.42,C1459414144,42421.0,0.0,C1971472723,47338.21,448131.63,0,0
235,PAYMENT,5238.05,C1836561931,0.0,0.0,M475904032,0.0,0.0,0,0
352,CASH_OUT,208387.75,C2047173860,7344.0,0.0,C268019945,958168.46,1166556.21,0,0
250,CASH_IN,133086.56,C1944069662,8963649.0,9096735.57,C596559729,1387900.04,1254813.48,0,0
142,PAYMENT,16978.07,C1462741384,241996.0,225017.93,M443238468,0.0,0.0,0,0
329,CASH_IN,43775.51,C1601061171,1403.0,45178.51,C701200999,223794.21,180018.7,0,0
207,CASH_OUT,73467.24,C1230107593,50425.0,0.0,C725106639,328639.81,402107.06,0,0
257,CASH_OUT,147235.34,C887505842,44038.0,0.0,C557474795,71419.85,218655.18,0,0
179,CASH_OUT,368247.58,C392064674,21284.0,0.0,C1395973798,0.0,368247.58,0,0
352,CASH_OUT,88067.76,C2047537459,5607.0,0.0,C125507743,40061.0,44766.14,0,0
18,PAYMENT,366.16,C2111542460,383845.83,383479.67,M1768534966,0.0,0.0,0,0
154,PAYMENT,24537.58,C1030116179,0.0,0.0,M554046428,0.0,0.0,0,0
260,CASH_IN,144547.86,C11842762,165358.67,309906.53,C2032145378,2159747.85,2015199.99,0,0
354,CASH_OUT,265681.03,C1969730796,268204.53,2523.51,C1244591767,8059007.89,8324688.92,0,0
401,CASH_IN,5448.2,C931829202,4431245.74,4436693.94,C975618930,225661.8,220213.6,0,0
231,CASH_OUT,125366.93,C689558773,0.0,0.0,C310088308,970515.3,1095882.23,0,0
284,PAYMENT,6301.69,C2289482,109.0,0.0,M173836162,0.0,0.0,0,0
155,CASH_OUT,57084.42,C400519862,18386.0,0.0,C2059772647,865175.24,922259.66,0,0
403,PAYMENT,34288.33,C371236925,276109.36,241821.03,M150469218,0.0,0.0,0,0
191,PAYMENT,7390.37,C1734248873,0.0,0.0,M2091234859,0.0,0.0,0,0
36,CASH_OUT,155806.57,C1616092658,4000.0,0.0,C729708218,0.0,155806.57,0,0
327,PAYMENT,7560.61,C1021626899,0.0,0.0,M1212221873,0.0,0.0,0,0
299,CASH_OUT,15365.8,C1450124824,0.0,0.0,C412070205,4907522.88,4922888.68,0,0
279,CASH_OUT,106785.56,C1576012641,0.0,0.0,C1868687443,1090629.2,1197414.76,0,0
131,TRANSFER,439073.69,C1458105555,20306.0,0.0,C2076568355,495019.47,934093.16,0,0
35,PAYMENT,16607.78,C1254746176,1315.0,0.0,M166132563,0.0,0.0,0,0
239,CASH_OUT,126415.67,C887858256,6211.25,0.0,C42355388,429034.73,555450.4,0,0
158,CASH_OUT,116415.8,C1542569097,0.0,0.0,C1096720074,847215.21,963631.02,0,0
158,PAYMENT,13558.25,C442420275,768564.0,755005.75,M455293353,0.0,0.0,0,0
187,PAYMENT,9727.17,C442056959,4615.0,0.0,M220169085,0.0,0.0,0,0
264,CASH_IN,221328.46,C379728787,7760967.69,7982296.15,C878583036,584781.78,363453.32,0,0
398,PAYMENT,4403.66,C1359004177,0.0,0.0,M63481102,0.0,0.0,0,0
544,PAYMENT,5656.21,C1274062413,0.0,0.0,M1811655046,0.0,0.0,0,0
212,PAYMENT,3191.26,C83520701,0.0,0.0,M11943760,0.0,0.0,0,0
163,CASH_OUT,77334.42,C1210762555,0.0,0.0,C137441555,2534294.25,2611628.67,0,0
259,PAYMENT,17654.66,C1633879960,20681.0,3026.34,M858691381,0.0,0.0,0,0
304,PAYMENT,33991.26,C1599047329,0.0,0.0,M376615301,0.0,0.0,0,0
252,PAYMENT,46872.14,C1921247474,111.0,0.0,M1722221410,0.0,0.0,0,0
542,PAYMENT,2326.49,C2002366897,0.0,0.0,M604879816,0.0,0.0,0,0
235,CASH_OUT,120573.0,C762758772,4351.0,0.0,C543612461,0.0,120573.0,0,0
211,CASH_IN,286282.37,C242642495,5434496.45,5720778.82,C841167801,323091.02,36808.65,0,0
279,CASH_IN,200418.46,C773995377,5031.0,205449.46,C1640346047,202768.89,2350.43,0,0
478,CASH_IN,204091.73,C2119711430,5186771.96,5390863.69,C1273511720,1012364.47,808272.75,0,0
565,CASH_IN,83286.79,C1787649487,7017937.36,7101224.15,C643681155,556780.72,473493.93,0,0
164,CASH_OUT,158322.48,C906309348,0.0,0.0,C1016665780,279459.44,688716.22,0,0
18,CASH_OUT,256394.08,C742522968,0.0,0.0,C1710697340,470992.0,205014.36,0,0
162,PAYMENT,23650.94,C124852126,0.0,0.0,M1733345729,0.0,0.0,0,0
297,PAYMENT,70827.67,C94239735,26340.37,0.0,M1267380855,0.0,0.0,0,0
182,PAYMENT,31419.33,C165241902,416.0,0.0,M1415211173,0.0,0.0,0,0
356,PAYMENT,473.29,C315700099,0.0,0.0,M221301737,0.0,0.0,0,0
25,PAYMENT,4960.04,C721196888,52867.0,47906.96,M1744251268,0.0,0.0,0,0
130,PAYMENT,69957.51,C633875545,21320.0,0.0,M328002373,0.0,0.0,0,0
